dateOfLoss,occupancyType,countyCode,causeOfDamage,amountPaidOnBuildingClaim,amountPaidOnContentsClaim,buildingDamageAmount,netBuildingPaymentAmount
2015-10-04T00:00:00.000Z,1,45019.0,4,1391.62,0.0,5822.0,1391.62
2015-10-04T00:00:00.000Z,11,45051.0,2,1225.67,0.0,2226.0,1225.67
2015-10-03T00:00:00.000Z,1,45035.0,2,25160.7,0.0,26411.0,25160.7
2015-10-02T00:00:00.000Z,4,45019.0,0,,,,0.0
2015-10-05T00:00:00.000Z,1,45019.0,4,10645.64,0.0,10851.0,10645.64
2015-10-04T00:00:00.000Z,11,45085.0,2,119947.65,0.0,113767.0,119947.65
2015-10-03T00:00:00.000Z,1,45031.0,2,34104.46,0.0,35604.0,34104.46
2015-10-04T00:00:00.000Z,1,45019.0,4,12994.23,0.0,14994.0,12994.23
2015-10-05T00:00:00.000Z,1,45043.0,4,22976.2,17549.08,23976.0,22976.2
2015-12-28T00:00:00.000Z,1,45023.0,2,19553.64,3103.27,20803.0,19553.64
2015-10-09T00:00:00.000Z,11,45019.0,,,,,0.0
2015-11-03T00:00:00.000Z,11,45019.0,4,,,1198.0,0.0
2015-10-04T00:00:00.000Z,11,45051.0,0,15119.21,2580.93,16120.0,15119.21
2015-10-03T00:00:00.000Z,11,45051.0,4,3735.73,0.0,4750.0,3735.73
2015-10-03T00:00:00.000Z,11,45043.0,4,2681.47,0.0,3931.0,2681.47
2015-10-04T00:00:00.000Z,11,45085.0,4,38497.68,0.0,32980.0,38497.68
2015-10-03T00:00:00.000Z,1,45051.0,0,4678.02,0.0,5928.0,4678.02
2015-10-03T00:00:00.000Z,18,45051.0,1,1617.83,0.0,3618.0,1617.83
2015-10-03T00:00:00.000Z,11,45019.0,4,57232.79,30440.42,51956.0,57232.79
2015-10-04T00:00:00.000Z,18,45051.0,4,161198.29,36721.75,166198.0,161198.29
2015-10-05T00:00:00.000Z,4,45019.0,2,8576.19,0.0,9826.0,8576.19
2015-10-02T00:00:00.000Z,11,45019.0,0,2373.71,0.0,4374.0,2373.71
2015-10-04T00:00:00.000Z,18,45089.0,0,59379.11,55000.0,64380.0,59379.11
2015-12-08T00:00:00.000Z,1,45051.0,0,,,,0.0
2015-10-03T00:00:00.000Z,1,45041.0,4,47561.67,0.0,47053.0,47561.67
2015-10-03T00:00:00.000Z,1,45019.0,4,,,1317.0,0.0
2015-10-04T00:00:00.000Z,11,45029.0,0,,,1736.0,0.0
2015-09-24T00:00:00.000Z,1,45015.0,0,,,,0.0
2015-09-25T00:00:00.000Z,1,45019.0,2,,,1172.0,0.0
2015-10-04T00:00:00.000Z,6,45075.0,,,,,0.0
2015-09-28T00:00:00.000Z,1,45051.0,1,21208.14,0.0,22930.0,21208.14
2015-10-03T00:00:00.000Z,11,45051.0,0,,,,0.0
2015-10-04T00:00:00.000Z,11,45051.0,2,1131.78,0.0,2381.0,1131.78
2015-10-03T00:00:00.000Z,1,45019.0,4,,,,0.0
2015-10-04T00:00:00.000Z,1,45079.0,2,,,1969.0,0.0
2015-10-04T00:00:00.000Z,1,45051.0,4,,,795.0,0.0
2015-10-04T00:00:00.000Z,11,45063.0,2,,,,0.0
2015-10-04T00:00:00.000Z,1,45035.0,2,18912.3,0.0,19912.0,18912.3
2015-10-09T00:00:00.000Z,1,45043.0,4,4380.38,0.0,9380.0,4380.38
2015-10-03T00:00:00.000Z,1,45019.0,2,48368.1,0.0,49618.0,48368.1
2015-10-03T00:00:00.000Z,1,45043.0,4,29953.7,16477.79,27017.0,29953.7
2015-10-05T00:00:00.000Z,1,45079.0,4,2759.79,0.0,2726.0,2759.79
2015-10-04T00:00:00.000Z,1,45079.0,2,65081.89,25000.0,62981.0,65081.89
2015-10-05T00:00:00.000Z,1,45079.0,4,72647.16,6713.0,63170.0,72647.16
2015-10-04T00:00:00.000Z,1,45079.0,2,26308.27,0.0,25281.0,26308.27
2015-10-02T00:00:00.000Z,1,45019.0,2,7061.36,0.0,10963.0,7061.36
2015-10-03T00:00:00.000Z,11,45019.0,4,,,,0.0
2015-10-05T00:00:00.000Z,1,45063.0,2,15343.5,0.0,12436.0,15343.5
2015-10-04T00:00:00.000Z,1,45015.0,4,14280.57,0.0,14113.0,14280.57
2015-10-05T00:00:00.000Z,1,45035.0,2,2827.85,0.0,4078.0,2827.85
2015-10-30T00:00:00.000Z,1,45051.0,4,3010.14,0.0,4107.0,3010.14
2015-10-03T00:00:00.000Z,1,45051.0,4,19592.3,0.0,20842.0,19592.3
2015-10-03T00:00:00.000Z,11,45035.0,1,4313.07,0.0,5179.0,4313.07
2015-10-05T00:00:00.000Z,1,45051.0,0,,,,0.0
2015-10-29T00:00:00.000Z,1,45051.0,,,,,0.0
2015-07-02T00:00:00.000Z,1,45013.0,4,5375.52,0.0,6263.0,5375.52
2015-10-04T00:00:00.000Z,1,45079.0,2,7396.34,0.0,8646.0,7396.34
2015-10-03T00:00:00.000Z,11,45019.0,4,10258.48,0.0,12258.0,10258.48
2015-10-01T00:00:00.000Z,1,45019.0,4,1150.42,0.0,5152.0,1150.42
2015-10-03T00:00:00.000Z,1,45019.0,2,,,2933.0,0.0
2015-10-04T00:00:00.000Z,3,45019.0,2,600739.03,0.0,548572.0,600739.03
2015-10-03T00:00:00.000Z,11,45043.0,1,,,617.0,0.0
2015-10-06T00:00:00.000Z,1,45051.0,4,8417.89,0.0,9223.0,8417.89
2015-10-04T00:00:00.000Z,1,45085.0,4,4110.08,0.0,4595.0,4110.08
2015-10-03T00:00:00.000Z,11,45063.0,2,9163.89,0.0,8339.0,9163.89
2015-12-21T00:00:00.000Z,1,45079.0,4,,,,0.0
2015-10-07T00:00:00.000Z,3,45019.0,4,138442.27,0.0,143442.0,138442.27
2015-10-03T00:00:00.000Z,1,45019.0,4,8470.34,0.0,10078.0,8470.34
2015-09-21T00:00:00.000Z,3,45079.0,4,2726.79,0.0,3726.0,2726.79
2015-08-27T00:00:00.000Z,1,45013.0,4,16543.86,653.6,17543.0,16543.86
2015-10-27T00:00:00.000Z,1,45019.0,4,9043.53,0.0,10132.0,9043.53
2015-10-03T00:00:00.000Z,3,45079.0,4,,,,0.0
2015-10-04T00:00:00.000Z,16,45079.0,4,51012.33,16414.53,49737.0,51012.33
2015-10-05T00:00:00.000Z,1,45051.0,4,5613.57,213.37,6614.0,5613.57
2015-10-03T00:00:00.000Z,1,45051.0,0,,,1091.0,0.0
2015-10-03T00:00:00.000Z,1,45019.0,4,5748.37,0.0,6258.0,5748.37
2015-10-04T00:00:00.000Z,1,45051.0,0,,,,0.0
2015-05-10T00:00:00.000Z,1,45051.0,0,9052.77,0.0,11053.0,9052.77
2015-10-04T00:00:00.000Z,1,45019.0,4,,,,0.0
2015-10-01T00:00:00.000Z,11,45019.0,4,,,,0.0
2015-10-03T00:00:00.000Z,11,45019.0,2,9628.83,0.0,8148.0,9628.83
2015-10-02T00:00:00.000Z,11,45019.0,,,,,0.0
2015-10-10T00:00:00.000Z,1,45079.0,0,,,,0.0
2015-10-03T00:00:00.000Z,11,45079.0,0,,,,0.0
2015-10-04T00:00:00.000Z,1,45019.0,4,,,1669.0,0.0
2015-10-04T00:00:00.000Z,11,45043.0,4,21749.31,33943.76,23749.0,21749.31
2015-10-04T00:00:00.000Z,18,45019.0,,,,,0.0
2015-10-02T00:00:00.000Z,1,45043.0,2,,,1588.0,0.0
2015-10-04T00:00:00.000Z,3,45051.0,4,2975.0,0.0,3891.0,2975.0
2015-09-23T00:00:00.000Z,15,45051.0,0,,,,0.0
2015-10-03T00:00:00.000Z,3,45079.0,4,27768.24,0.0,28768.0,27768.24
2015-10-04T00:00:00.000Z,1,45019.0,4,4953.18,0.0,8672.0,4953.18
2015-10-02T00:00:00.000Z,11,45019.0,4,,,1154.0,0.0
2015-10-04T00:00:00.000Z,1,45019.0,4,2372.43,0.0,5372.0,2372.43
2015-10-03T00:00:00.000Z,11,45063.0,2,,,841.0,0.0
2015-10-04T00:00:00.000Z,6,45013.0,,,,,0.0
2015-10-04T00:00:00.000Z,1,45019.0,0,,,,0.0
2015-10-05T00:00:00.000Z,11,45041.0,A,20072.3,7693.4,15124.0,20072.3
2015-10-27T00:00:00.000Z,1,45051.0,1,19418.79,0.0,21418.0,19418.79
2015-10-09T00:00:00.000Z,1,45019.0,4,,,31.0,0.0
2015-10-03T00:00:00.000Z,3,45079.0,0,,,,0.0
2015-10-02T00:00:00.000Z,1,45019.0,4,11148.74,0.0,8827.0,11148.74
2015-10-03T00:00:00.000Z,11,45019.0,4,14736.72,0.0,13647.0,14736.72
2015-11-04T00:00:00.000Z,1,45067.0,4,19996.98,4411.1,21246.0,19996.98
2015-10-04T00:00:00.000Z,11,45063.0,4,17245.99,3060.22,17113.0,17245.99
2015-10-05T00:00:00.000Z,11,45043.0,0,36672.82,1740.64,30001.0,36672.82
2015-10-04T00:00:00.000Z,1,45051.0,2,11675.46,1182.68,13675.0,11675.46
2015-10-03T00:00:00.000Z,1,45019.0,4,926.22,0.0,5926.0,926.22
2015-10-03T00:00:00.000Z,11,45019.0,4,,,1267.0,0.0
2015-10-04T00:00:00.000Z,16,45079.0,4,7044.19,0.0,7503.0,7044.19
2015-10-04T00:00:00.000Z,1,45079.0,4,172978.85,100000.0,153384.0,172978.85
2015-10-03T00:00:00.000Z,3,45079.0,4,2150.93,0.0,3150.0,2150.93
2015-11-18T00:00:00.000Z,1,45015.0,0,,,,0.0
2015-10-03T00:00:00.000Z,1,45019.0,0,34102.23,10986.4,36103.0,34102.23
2015-08-31T00:00:00.000Z,1,45019.0,4,8934.72,186.5,9876.0,8934.72
2015-10-02T00:00:00.000Z,1,45009.0,4,20694.52,0.0,22694.0,20694.52
2015-10-02T00:00:00.000Z,11,45019.0,4,,,3246.0,0.0
2015-10-04T00:00:00.000Z,11,45051.0,2,9939.89,0.0,9454.0,9939.89
2015-10-04T00:00:00.000Z,1,45051.0,4,4082.91,0.0,6082.0,4082.91
2015-10-04T00:00:00.000Z,1,45051.0,2,8309.39,0.0,9309.0,8309.39
2015-10-04T00:00:00.000Z,11,45051.0,0,12551.92,0.0,17552.0,12551.92
2015-10-04T00:00:00.000Z,1,45051.0,4,0.0,65636.59,,0.0
2015-10-04T00:00:00.000Z,1,45019.0,4,,,1105.0,0.0
2015-10-03T00:00:00.000Z,1,45019.0,1,33627.6,0.0,35127.0,33627.6
2015-10-05T00:00:00.000Z,1,45041.0,2,20382.09,0.0,17121.0,20382.09
2015-10-04T00:00:00.000Z,1,45019.0,4,8103.26,0.0,8042.0,8103.26
2015-10-04T00:00:00.000Z,1,45043.0,2,91593.65,24342.39,74131.0,91593.65
2015-10-03T00:00:00.000Z,1,45019.0,4,11158.51,2821.27,10799.0,11158.51
2015-10-03T00:00:00.000Z,1,45019.0,4,,,,0.0
2015-10-04T00:00:00.000Z,1,45019.0,4,263.9,669.42,1452.0,263.9
2015-10-03T00:00:00.000Z,1,45019.0,4,12139.35,0.0,17139.0,12139.35
2015-10-04T00:00:00.000Z,1,45079.0,4,1759.36,0.0,2759.0,1759.36
2015-10-04T00:00:00.000Z,11,45079.0,4,4469.14,0.0,5463.0,4469.14
2015-10-04T00:00:00.000Z,1,45019.0,4,,,2257.0,0.0
2015-12-27T00:00:00.000Z,6,45079.0,4,,,,0.0
2015-10-04T00:00:00.000Z,1,45079.0,4,7628.54,0.0,7078.0,7628.54
2015-10-05T00:00:00.000Z,11,45019.0,4,48719.2,19765.07,42351.0,48719.2
2015-10-03T00:00:00.000Z,1,45035.0,2,15724.12,0.0,15767.0,15724.12
2015-10-03T00:00:00.000Z,11,45019.0,0,,,,0.0
2015-10-03T00:00:00.000Z,1,45035.0,4,10978.87,0.0,11718.0,10978.87
2015-10-04T00:00:00.000Z,1,45019.0,4,12717.17,0.0,12973.0,12717.17
2015-10-02T00:00:00.000Z,1,45019.0,4,35103.51,11980.88,34900.0,35103.51
2015-10-04T00:00:00.000Z,1,45031.0,2,18767.49,3699.0,17864.0,18767.49
2015-10-03T00:00:00.000Z,3,45063.0,4,8010.3,0.0,13010.0,8010.3
2015-10-03T00:00:00.000Z,11,45063.0,4,11299.07,0.0,10299.0,11299.07
2015-10-04T00:00:00.000Z,1,45019.0,4,3121.39,0.0,6121.0,3121.39
2015-10-04T00:00:00.000Z,11,45019.0,0,13665.24,0.0,14666.0,13665.24
2015-12-31T00:00:00.000Z,11,45039.0,2,51796.86,0.0,53796.0,51796.86
2015-10-05T00:00:00.000Z,1,45043.0,2,3846.62,0.0,4910.0,3846.62
2015-10-04T00:00:00.000Z,11,45019.0,4,9184.46,0.0,9595.0,9184.46
2015-10-04T00:00:00.000Z,11,45019.0,4,4373.32,0.0,4837.0,4373.32
2015-10-05T00:00:00.000Z,1,45051.0,4,,,71.0,0.0
2015-10-05T00:00:00.000Z,1,45019.0,2,31806.88,40121.87,30585.0,31806.88
2015-10-02T00:00:00.000Z,1,45043.0,2,79388.69,24708.97,72620.0,79388.69
2015-10-03T00:00:00.000Z,13,45035.0,4,50000.0,0.0,73437.0,50000.0
2015-10-05T00:00:00.000Z,1,45051.0,4,1218.3,0.0,2127.0,1218.3
2015-10-05T00:00:00.000Z,1,45051.0,4,17931.75,0.0,21476.0,17931.75
2015-10-04T00:00:00.000Z,1,45075.0,4,20125.01,4553.23,24375.0,20125.01
2015-10-03T00:00:00.000Z,1,45019.0,4,39065.0,0.0,40565.0,39065.0
2015-10-26T00:00:00.000Z,11,45019.0,1,4128.76,0.0,6088.0,4128.76
2015-10-02T00:00:00.000Z,1,45019.0,4,8067.26,1360.0,8495.0,8067.26
2015-10-03T00:00:00.000Z,1,45035.0,2,24399.75,869.77,23053.0,24399.75
2015-10-04T00:00:00.000Z,1,45019.0,2,4469.94,0.0,6470.0,4469.94
2015-10-04T00:00:00.000Z,6,45019.0,,,,,0.0
2015-10-06T00:00:00.000Z,11,45019.0,4,,,780.0,0.0
2015-10-05T00:00:00.000Z,6,45063.0,2,14458.7,25000.0,19458.0,14458.7
2015-10-04T00:00:00.000Z,6,45019.0,,,,,0.0
2015-10-04T00:00:00.000Z,1,45063.0,4,45242.17,0.0,40785.0,45242.17
2015-11-09T00:00:00.000Z,1,45019.0,4,1250.47,0.0,2400.0,1250.47
2015-10-03T00:00:00.000Z,1,45041.0,4,3257.4,0.0,4140.0,3257.4
2015-10-04T00:00:00.000Z,11,45085.0,2,77862.76,18641.64,75139.0,77862.76
2015-10-04T00:00:00.000Z,1,45015.0,4,7536.65,0.0,8404.0,7536.65
2015-10-04T00:00:00.000Z,3,45051.0,0,,,,0.0
2015-10-04T00:00:00.000Z,1,45041.0,2,8955.13,0.0,10143.0,8955.13
2015-10-04T00:00:00.000Z,11,45079.0,4,35893.19,0.0,32031.0,35893.19
2015-10-27T00:00:00.000Z,1,45043.0,4,5297.07,5068.0,154.0,5297.07
2015-10-15T00:00:00.000Z,11,45079.0,0,,,,0.0
2015-11-09T00:00:00.000Z,1,45019.0,4,,,1601.0,0.0
2015-10-03T00:00:00.000Z,1,45019.0,4,1107.77,0.0,2558.0,1107.77
2015-10-04T00:00:00.000Z,6,45035.0,2,30073.66,0.0,31323.0,30073.66
2015-10-04T00:00:00.000Z,1,45051.0,0,4436.9,8242.07,5687.0,4436.9
2015-10-03T00:00:00.000Z,18,45019.0,4,55821.18,0.0,57071.0,55821.18
2015-10-04T00:00:00.000Z,11,45019.0,4,84570.67,3895.38,79587.0,84570.67
2015-10-04T00:00:00.000Z,3,45079.0,4,57069.91,42143.11,58069.0,57069.91
2015-10-03T00:00:00.000Z,1,45019.0,0,12447.34,0.0,14448.0,12447.34
2015-10-03T00:00:00.000Z,1,45079.0,2,33346.57,24545.75,29226.0,33346.57
2015-10-02T00:00:00.000Z,2,45043.0,2,35125.65,0.0,40126.0,35125.65
2015-10-04T00:00:00.000Z,1,45019.0,4,,,1108.0,0.0
2015-10-03T00:00:00.000Z,1,45075.0,4,84559.24,28438.25,78176.0,84559.24
2015-10-04T00:00:00.000Z,11,45075.0,4,17008.14,0.0,12029.0,17008.14
2015-10-04T00:00:00.000Z,1,45063.0,2,,,,0.0
2015-12-30T00:00:00.000Z,18,45057.0,4,14269.32,0.0,15269.0,14269.32
2015-10-27T00:00:00.000Z,1,45013.0,4,434.36,0.0,1684.0,434.36
2015-10-04T00:00:00.000Z,1,45079.0,4,5000.0,0.0,59485.0,5000.0
2015-10-04T00:00:00.000Z,1,45015.0,4,8867.15,0.0,10867.0,8867.15
2015-10-04T00:00:00.000Z,3,45019.0,4,0.0,3482.33,,0.0
2015-10-03T00:00:00.000Z,11,45019.0,4,2969.87,0.0,4219.0,2969.87
2015-10-03T00:00:00.000Z,11,45019.0,4,7836.26,0.0,8396.0,7836.26
2015-10-03T00:00:00.000Z,11,45051.0,0,1526.33,0.0,2777.0,1526.33
2015-10-04T00:00:00.000Z,1,45079.0,2,250000.0,100000.0,264533.0,250000.0
2015-10-04T00:00:00.000Z,11,45063.0,4,13469.11,0.0,13954.0,13469.11
2015-10-02T00:00:00.000Z,1,45019.0,4,7420.08,0.0,7958.0,7420.08
2015-10-03T00:00:00.000Z,2,45079.0,4,98670.19,0.0,100670.0,98670.19
2015-10-01T00:00:00.000Z,11,45085.0,4,,,142.0,0.0
2015-10-04T00:00:00.000Z,11,45079.0,2,20851.91,0.0,24161.0,20851.91
2015-10-04T00:00:00.000Z,1,45079.0,4,5749.48,0.0,6572.0,5749.48
2015-08-31T00:00:00.000Z,1,45015.0,4,12762.45,9096.42,14762.0,12762.45
2015-10-02T00:00:00.000Z,1,45019.0,1,,,,0.0
2015-10-04T00:00:00.000Z,1,45015.0,0,3282.28,0.0,2725.0,3282.28
2015-10-04T00:00:00.000Z,15,45051.0,4,84882.28,0.0,86132.0,84882.28
2015-06-09T00:00:00.000Z,1,45019.0,0,6351.95,0.0,7351.0,6351.95
2015-10-05T00:00:00.000Z,11,45019.0,4,1357.4,0.0,3357.0,1357.4
2015-10-04T00:00:00.000Z,1,45051.0,1,24502.67,0.0,25219.0,24502.67
2015-10-04T00:00:00.000Z,2,45079.0,4,40034.63,0.0,45035.0,40034.63
2015-10-04T00:00:00.000Z,1,45085.0,4,19593.43,0.0,19603.0,19593.43
2015-10-02T00:00:00.000Z,2,45079.0,2,17919.33,0.0,18919.0,17919.33
2015-10-04T00:00:00.000Z,1,45079.0,4,,,33.0,0.0
2015-10-02T00:00:00.000Z,11,45019.0,0,,,1220.0,0.0
2015-10-03T00:00:00.000Z,2,45019.0,4,15927.06,0.0,16762.0,15927.06
2015-10-03T00:00:00.000Z,1,45015.0,4,6885.04,0.0,8784.0,6885.04
2015-10-04T00:00:00.000Z,1,45019.0,4,,,1052.0,0.0
2015-10-27T00:00:00.000Z,11,45019.0,4,4394.5,0.0,5644.0,4394.5
2015-10-04T00:00:00.000Z,1,45051.0,2,18342.76,0.0,17581.0,18342.76
2015-10-03T00:00:00.000Z,11,45019.0,4,5758.67,0.0,6106.0,5758.67
2015-10-02T00:00:00.000Z,1,45019.0,4,3452.9,0.0,3958.0,3452.9
2015-10-03T00:00:00.000Z,11,45019.0,1,,,1252.0,0.0
2015-10-06T00:00:00.000Z,1,45041.0,4,9917.6,0.0,10871.0,9917.6
2015-10-04T00:00:00.000Z,11,45079.0,2,147203.74,0.0,117847.0,147203.74
2015-10-04T00:00:00.000Z,11,45079.0,2,23642.93,0.0,27893.0,23642.93
2015-10-04T00:00:00.000Z,1,45043.0,4,649.77,0.0,1650.0,649.77
2015-10-04T00:00:00.000Z,1,45045.0,0,,,,0.0
2015-10-04T00:00:00.000Z,3,45079.0,4,10347.82,0.0,11347.0,10347.82
2015-09-03T00:00:00.000Z,1,45051.0,0,7507.75,0.0,9508.0,7507.75
2015-10-03T00:00:00.000Z,1,45051.0,2,583.63,4688.26,1833.0,583.63
2015-10-03T00:00:00.000Z,11,45019.0,4,12538.45,0.0,13273.0,12538.45
2015-10-04T00:00:00.000Z,11,45041.0,2,56284.81,0.0,51903.0,56284.81
2015-10-04T00:00:00.000Z,12,45043.0,4,7293.33,0.0,8543.0,7293.33
2015-10-04T00:00:00.000Z,1,45019.0,4,1508.7,0.0,2758.0,1508.7
2015-10-01T00:00:00.000Z,1,45019.0,4,31696.04,4585.57,26229.0,31696.04
2015-09-06T00:00:00.000Z,1,45063.0,4,8161.88,0.0,10161.0,8161.88
2015-10-03T00:00:00.000Z,11,45035.0,4,35234.21,10137.04,32841.0,35234.21
2015-10-05T00:00:00.000Z,1,45035.0,4,,,4533.0,0.0
2015-10-04T00:00:00.000Z,1,45051.0,4,56753.56,0.0,54675.0,56753.56
2015-10-04T00:00:00.000Z,11,45079.0,2,24543.62,0.0,25396.0,24543.62
2015-10-04T00:00:00.000Z,1,45051.0,2,45.08,0.0,1295.0,45.08
2015-10-05T00:00:00.000Z,1,45019.0,2,0.0,0.0,1296.0,0.0
2015-10-04T00:00:00.000Z,1,45015.0,1,10861.3,0.0,11598.0,10861.3
2015-10-03T00:00:00.000Z,1,45035.0,0,,,,0.0
2015-10-04T00:00:00.000Z,1,45063.0,2,22777.28,0.0,21484.0,22777.28
2015-10-04T00:00:00.000Z,11,45063.0,0,11338.99,0.0,16339.0,11338.99
2015-10-03T00:00:00.000Z,1,45019.0,2,1673.15,0.0,2923.0,1673.15
2015-10-04T00:00:00.000Z,1,45051.0,0,0.0,2495.15,,0.0
2015-10-04T00:00:00.000Z,11,45051.0,2,17230.72,0.0,17820.0,17230.72
2015-10-04T00:00:00.000Z,6,45019.0,4,3651.39,0.0,5651.0,3651.39
2015-08-31T00:00:00.000Z,1,45019.0,4,3948.1,0.0,5198.0,3948.1
2015-10-05T00:00:00.000Z,1,45019.0,2,,,819.0,0.0
2015-10-03T00:00:00.000Z,1,45019.0,1,5516.99,0.0,6539.0,5516.99
2015-10-04T00:00:00.000Z,2,45019.0,0,5676.26,0.0,7677.0,5676.26
2015-10-04T00:00:00.000Z,1,45019.0,4,34636.01,5300.0,33106.0,34636.01
2015-10-06T00:00:00.000Z,1,45055.0,2,865.11,0.0,2096.0,865.11
2015-10-05T00:00:00.000Z,1,45019.0,2,,,3193.0,0.0
2015-10-04T00:00:00.000Z,1,45019.0,4,,,,0.0
2015-10-04T00:00:00.000Z,11,45043.0,2,3552.66,0.0,8000.0,3552.66
2015-10-02T00:00:00.000Z,1,45051.0,2,,,,0.0
2015-10-07T00:00:00.000Z,1,45019.0,4,12269.6,0.0,12575.0,12269.6
2015-10-03T00:00:00.000Z,11,45051.0,0,2253.77,0.0,3504.0,2253.77
2015-10-03T00:00:00.000Z,11,45015.0,4,4998.91,0.0,6248.0,4998.91
2015-10-03T00:00:00.000Z,1,45019.0,0,,,,0.0
2015-10-04T00:00:00.000Z,11,45079.0,2,27254.68,0.0,24263.0,27254.68
2015-10-03T00:00:00.000Z,1,45041.0,2,48400.0,0.0,53746.0,48400.0
2015-10-03T00:00:00.000Z,1,45019.0,4,,,,0.0
2015-10-03T00:00:00.000Z,11,45019.0,0,1205.46,0.0,2456.0,1205.46
2015-10-04T00:00:00.000Z,1,45019.0,4,9001.71,0.0,12303.0,9001.71
2015-10-03T00:00:00.000Z,1,45063.0,2,50000.0,3600.0,54681.0,50000.0
2015-10-03T00:00:00.000Z,4,45079.0,4,92391.7,0.0,97391.0,92391.7
2015-10-04T00:00:00.000Z,11,45079.0,2,174724.57,56980.45,168492.0,174724.57
2015-10-03T00:00:00.000Z,1,45019.0,4,23202.98,0.0,22233.0,23202.98
2015-11-01T00:00:00.000Z,1,45019.0,,,,,0.0
2015-10-04T00:00:00.000Z,1,45015.0,2,,,,0.0
2015-10-04T00:00:00.000Z,11,45019.0,2,55558.51,0.0,50567.0,55558.51
2015-10-03T00:00:00.000Z,11,45035.0,0,18683.15,0.0,20684.0,18683.15
2015-10-03T00:00:00.000Z,1,45019.0,2,335.28,8472.25,1585.0,335.28
2015-10-04T00:00:00.000Z,1,45079.0,4,1401.48,0.0,2720.0,1401.48
2015-10-04T00:00:00.000Z,1,45019.0,4,,,1102.0,0.0
2015-11-10T00:00:00.000Z,6,45079.0,0,13025.7,0.0,14026.0,13025.7
2015-10-03T00:00:00.000Z,11,45019.0,4,13871.05,0.0,13420.0,13871.05
2015-10-02T00:00:00.000Z,1,45029.0,4,,,1246.0,0.0
2015-10-04T00:00:00.000Z,1,45051.0,2,29989.56,13517.52,31989.0,29989.56
2015-10-05T00:00:00.000Z,11,45075.0,2,5958.87,0.0,6684.0,5958.87
2015-10-04T00:00:00.000Z,11,45063.0,2,,,370.0,0.0
2015-10-03T00:00:00.000Z,1,45019.0,4,8178.82,0.0,9237.0,8178.82
2015-10-03T00:00:00.000Z,1,45019.0,2,,,,0.0
2015-10-03T00:00:00.000Z,11,45085.0,4,,,,0.0
2015-10-03T00:00:00.000Z,15,45051.0,4,53529.2,0.0,52152.0,53529.2
2015-10-03T00:00:00.000Z,11,45035.0,2,18703.8,0.0,18593.0,18703.8
2015-10-03T00:00:00.000Z,1,45051.0,0,6165.35,0.0,7416.0,6165.35
2015-10-05T00:00:00.000Z,1,45035.0,2,27961.92,5687.99,28470.0,27961.92
2015-10-03T00:00:00.000Z,11,45035.0,4,,,,0.0
2015-10-26T00:00:00.000Z,1,45019.0,4,,,,0.0
2015-10-03T00:00:00.000Z,1,45019.0,4,6153.25,0.0,6872.0,6153.25
2015-10-05T00:00:00.000Z,18,45051.0,4,3658.19,0.0,5658.0,3658.19
2015-10-10T00:00:00.000Z,11,45043.0,2,,,4159.0,0.0
2015-10-04T00:00:00.000Z,18,45079.0,2,26788.59,39198.71,27789.0,26788.59
2015-10-10T00:00:00.000Z,1,45079.0,2,3753.85,0.0,5753.0,3753.85
2015-10-05T00:00:00.000Z,1,45079.0,4,36200.0,0.0,41340.0,36200.0
2015-10-04T00:00:00.000Z,1,45019.0,2,9649.01,0.0,9708.0,9649.01
2015-10-04T00:00:00.000Z,11,45019.0,4,15702.87,0.0,15211.0,15702.87
2015-10-04T00:00:00.000Z,1,45079.0,0,248963.07,0.0,250964.0,248963.07
2015-10-03T00:00:00.000Z,11,45079.0,2,54357.58,8194.27,43582.0,54357.58
2015-10-04T00:00:00.000Z,1,45063.0,2,87003.27,0.0,81827.0,87003.27
2015-08-31T00:00:00.000Z,1,45019.0,2,21427.38,0.0,21128.0,21427.38
2015-10-04T00:00:00.000Z,1,45085.0,4,1580.67,0.0,3581.0,1580.67
2015-10-03T00:00:00.000Z,11,45019.0,2,,,,0.0
2015-10-05T00:00:00.000Z,1,45035.0,4,,,,0.0
2015-10-04T00:00:00.000Z,1,45079.0,2,,,1430.0,0.0
2015-10-03T00:00:00.000Z,15,45043.0,2,15926.64,0.0,15844.0,15926.64
2015-10-04T00:00:00.000Z,11,45051.0,0,,,732.0,0.0
2015-10-05T00:00:00.000Z,11,45085.0,4,12851.61,0.0,12668.0,12851.61
2015-11-09T00:00:00.000Z,1,45079.0,0,,,,0.0
2015-10-03T00:00:00.000Z,1,45019.0,,,,,0.0
2015-10-04T00:00:00.000Z,1,45035.0,4,38382.63,12749.1,33055.0,38382.63
2015-10-03T00:00:00.000Z,4,45019.0,4,20087.72,0.0,25087.0,20087.72
2015-10-10T00:00:00.000Z,1,45019.0,4,,,1030.0,0.0
2015-10-05T00:00:00.000Z,1,45043.0,4,10844.07,0.0,12844.0,10844.07
2015-10-04T00:00:00.000Z,1,45041.0,4,617.39,0.0,1617.0,617.39
2015-10-06T00:00:00.000Z,1,45051.0,2,7021.47,0.0,8255.0,7021.47
2015-10-04T00:00:00.000Z,1,45079.0,2,250000.0,0.0,277678.0,250000.0
2015-10-01T00:00:00.000Z,11,45013.0,4,18641.7,0.0,22761.0,18641.7
2015-10-04T00:00:00.000Z,1,45079.0,2,250000.0,0.0,182558.0,250000.0
2015-10-04T00:00:00.000Z,1,45063.0,2,77538.54,0.0,79539.0,77538.54
2015-10-03T00:00:00.000Z,1,45063.0,2,6177.46,0.0,9892.0,6177.46
2015-10-04T00:00:00.000Z,1,45015.0,2,45951.4,5556.98,48976.0,45951.4
2015-12-31T00:00:00.000Z,1,45055.0,2,,,1946.0,0.0
2015-10-03T00:00:00.000Z,11,45015.0,0,,,,0.0
2015-10-02T00:00:00.000Z,1,45019.0,4,9410.77,0.0,11410.0,9410.77
2015-10-04T00:00:00.000Z,11,45085.0,4,14985.37,0.0,14222.0,14985.37
2015-10-04T00:00:00.000Z,1,45019.0,4,,,1232.0,0.0
2015-10-03T00:00:00.000Z,2,45019.0,4,,,1179.0,0.0
2015-08-31T00:00:00.000Z,1,45019.0,4,49980.59,1426.25,46172.0,49980.59
2015-11-19T00:00:00.000Z,1,45019.0,0,,,,0.0
2015-10-03T00:00:00.000Z,11,45035.0,2,11281.42,0.0,12308.0,11281.42
2015-10-05T00:00:00.000Z,6,45029.0,2,7587.4,0.0,9087.0,7587.4
2015-10-04T00:00:00.000Z,1,45019.0,4,346.85,0.0,3346.0,346.85
2015-10-03T00:00:00.000Z,15,45019.0,4,11116.55,0.0,16116.0,11116.55
2015-10-04T00:00:00.000Z,1,45019.0,4,,,2617.0,0.0
2015-10-03T00:00:00.000Z,1,45019.0,4,45876.79,9301.77,42677.0,45876.79
2015-10-04T00:00:00.000Z,2,45051.0,0,34332.92,4460.29,35583.0,34332.92
2015-10-04T00:00:00.000Z,1,45019.0,4,,,,0.0
2015-10-03T00:00:00.000Z,11,45019.0,4,2720.44,0.0,3970.0,2720.44
2015-10-04T00:00:00.000Z,1,45079.0,4,10726.38,0.0,10776.0,10726.38
2015-10-03T00:00:00.000Z,11,45035.0,4,19502.65,0.0,18592.0,19502.65
2015-10-02T00:00:00.000Z,18,45051.0,,,,,0.0
2015-10-05T00:00:00.000Z,11,45043.0,4,122877.99,19700.0,115096.0,122877.99
2015-10-16T00:00:00.000Z,11,45045.0,0,,,,0.0
2015-10-05T00:00:00.000Z,2,45035.0,0,,,,0.0
2015-10-04T00:00:00.000Z,6,45051.0,1,25143.78,0.0,27143.0,25143.78
2015-10-03T00:00:00.000Z,6,45019.0,4,0.0,1978.55,,0.0
2015-10-04T00:00:00.000Z,11,45019.0,2,5698.56,0.0,6948.0,5698.56
2015-10-03T00:00:00.000Z,11,45019.0,0,7385.34,2678.49,8636.0,7385.34
2015-10-15T00:00:00.000Z,1,45019.0,4,,,,0.0
2015-10-04T00:00:00.000Z,1,45079.0,2,10349.26,0.0,12349.0,10349.26
2015-10-03T00:00:00.000Z,1,45035.0,2,39120.94,0.0,49120.0,39120.94
2015-10-04T00:00:00.000Z,11,45035.0,0,62038.66,10500.0,63289.0,62038.66
2015-10-04T00:00:00.000Z,11,45019.0,2,10607.01,2233.04,10825.0,10607.01
2015-10-04T00:00:00.000Z,11,45019.0,0,559.73,0.0,1810.0,559.73
2015-10-04T00:00:00.000Z,1,45079.0,2,1325.03,0.0,2575.0,1325.03
2015-10-04T00:00:00.000Z,11,45051.0,4,14378.68,0.0,15628.0,14378.68
2015-10-04T00:00:00.000Z,1,45019.0,4,793.68,0.0,1576.0,793.68
2015-10-04T00:00:00.000Z,1,45041.0,2,15368.96,0.0,20368.0,15368.96
2015-10-05T00:00:00.000Z,11,45089.0,2,,,,0.0
2015-10-05T00:00:00.000Z,1,45041.0,4,10381.77,0.0,13769.0,10381.77
2015-10-04T00:00:00.000Z,1,45027.0,2,8871.06,0.0,9871.0,8871.06
2015-10-03T00:00:00.000Z,11,45019.0,4,2280.38,0.0,3894.0,2280.38
2015-10-03T00:00:00.000Z,1,45019.0,0,,,,0.0
2015-10-04T00:00:00.000Z,15,45043.0,,,,,0.0
2015-10-04T00:00:00.000Z,1,45019.0,4,9011.38,0.0,6997.0,9011.38
2015-10-04T00:00:00.000Z,1,45019.0,,,,,0.0
2015-10-04T00:00:00.000Z,1,45019.0,4,5492.71,0.0,6391.0,5492.71
2015-10-03T00:00:00.000Z,1,45019.0,4,,,1153.0,0.0
2015-11-09T00:00:00.000Z,2,45019.0,2,1714.34,0.0,3714.0,1714.34
2015-10-03T00:00:00.000Z,11,45079.0,2,19511.33,0.0,20761.0,19511.33
2015-10-03T00:00:00.000Z,1,45019.0,4,2044.59,0.0,3294.0,2044.59
2015-10-04T00:00:00.000Z,3,45051.0,4,28991.45,0.0,24434.0,28991.45
2015-10-10T00:00:00.000Z,1,45015.0,2,,,1946.0,0.0
2015-10-04T00:00:00.000Z,1,45015.0,1,11076.48,0.0,13076.0,11076.48
2015-10-05T00:00:00.000Z,1,45019.0,4,8017.65,0.0,7978.0,8017.65
2015-11-03T00:00:00.000Z,1,45019.0,4,,,1198.0,0.0
2015-10-03T00:00:00.000Z,1,45035.0,4,36355.39,0.0,35331.0,36355.39
2015-10-03T00:00:00.000Z,18,45079.0,4,,,21498.0,0.0
2015-10-03T00:00:00.000Z,1,45019.0,2,22051.81,3869.06,20171.0,22051.81
2015-10-03T00:00:00.000Z,2,45051.0,1,19466.01,0.0,24466.0,19466.01
2015-10-05T00:00:00.000Z,11,45029.0,2,541.36,0.0,1791.0,541.36
2015-10-04T00:00:00.000Z,1,45019.0,4,,,2598.0,0.0
2015-10-05T00:00:00.000Z,2,45035.0,0,,,,0.0
2015-10-04T00:00:00.000Z,11,45079.0,2,133731.09,0.0,123183.0,133731.09
2015-10-04T00:00:00.000Z,1,45051.0,4,13572.35,0.0,10117.0,13572.35
2015-10-06T00:00:00.000Z,11,45035.0,4,5932.29,2209.37,5852.0,5932.29
2015-10-03T00:00:00.000Z,11,45063.0,4,4000.28,0.0,5000.0,4000.28
2015-10-04T00:00:00.000Z,1,45051.0,2,11689.56,0.0,12706.0,11689.56
2015-10-03T00:00:00.000Z,1,45019.0,4,,,1871.0,0.0
2015-10-04T00:00:00.000Z,1,45051.0,4,3608.39,0.0,4193.0,3608.39
2015-10-04T00:00:00.000Z,11,45019.0,2,,,333.0,0.0
2015-09-29T00:00:00.000Z,1,45051.0,0,,,,0.0
2015-10-20T00:00:00.000Z,1,45019.0,4,4742.39,0.0,6213.0,4742.39
2015-10-04T00:00:00.000Z,11,45063.0,4,3394.03,338.09,4502.0,3394.03
2015-10-04T00:00:00.000Z,15,45079.0,2,141500.0,0.0,176383.0,141500.0
2015-10-04T00:00:00.000Z,11,45043.0,4,4594.92,0.0,5677.0,4594.92
2015-10-06T00:00:00.000Z,1,45019.0,4,8752.15,0.0,9269.0,8752.15
2015-10-03T00:00:00.000Z,6,45079.0,4,23968.39,0.0,25468.0,23968.39
2015-10-05T00:00:00.000Z,2,45035.0,0,,,,0.0
2015-10-03T00:00:00.000Z,11,45029.0,4,,,1639.0,0.0
2015-10-04T00:00:00.000Z,1,45015.0,4,2878.85,0.0,3926.0,2878.85
2015-10-04T00:00:00.000Z,1,45051.0,4,10403.4,441.3,11653.0,10403.4
2015-10-04T00:00:00.000Z,1,45079.0,2,13700.0,0.0,23110.0,13700.0
2015-10-03T00:00:00.000Z,1,45019.0,4,36618.32,1023.46,35836.0,36618.32
2015-10-04T00:00:00.000Z,1,45019.0,4,30172.88,0.0,29384.0,30172.88
2015-11-02T00:00:00.000Z,1,45019.0,0,,,,0.0
2015-10-04T00:00:00.000Z,11,45079.0,2,17185.63,9570.14,17237.0,17185.63
2015-09-30T00:00:00.000Z,11,45019.0,4,,,,0.0
2015-10-04T00:00:00.000Z,1,45019.0,4,8212.34,0.0,8742.0,8212.34
2015-10-04T00:00:00.000Z,1,45045.0,4,305.18,0.0,1192.0,305.18
2015-10-05T00:00:00.000Z,1,45051.0,4,38780.14,0.0,34877.0,38780.14
2015-10-02T00:00:00.000Z,1,45051.0,4,2089.83,0.0,2993.0,2089.83
2015-10-04T00:00:00.000Z,1,45019.0,4,8374.45,0.0,7634.0,8374.45
2015-10-10T00:00:00.000Z,1,45063.0,4,20305.95,1281.74,18684.0,20305.95
2015-10-03T00:00:00.000Z,11,45035.0,4,22854.57,15784.08,22164.0,22854.57
2015-10-03T00:00:00.000Z,11,45019.0,4,9010.22,0.0,11010.0,9010.22
2015-10-05T00:00:00.000Z,11,45019.0,4,8420.62,0.0,8101.0,8420.62
2015-10-03T00:00:00.000Z,11,45015.0,4,,,915.0,0.0
2015-10-02T00:00:00.000Z,11,45019.0,0,,,1165.0,0.0
2015-10-05T00:00:00.000Z,1,45051.0,0,,,,0.0
2015-12-27T00:00:00.000Z,1,45079.0,0,,,,0.0
2015-10-04T00:00:00.000Z,11,45063.0,4,3961.95,0.0,5765.0,3961.95
2015-10-03T00:00:00.000Z,11,45019.0,4,23869.0,298.79,22064.0,23869.0
2015-10-04T00:00:00.000Z,1,45079.0,4,,,,0.0
2015-10-04T00:00:00.000Z,11,45089.0,2,97254.12,6148.54,70187.0,97254.12
2015-10-05T00:00:00.000Z,1,45035.0,4,26085.15,0.0,27335.0,26085.15
2015-10-03T00:00:00.000Z,1,45051.0,0,7451.05,0.0,8452.0,7451.05
2015-10-04T00:00:00.000Z,1,45063.0,2,5937.73,0.0,10938.0,5937.73
2015-10-04T00:00:00.000Z,11,45079.0,2,241181.34,51027.72,215139.0,241181.34
2015-10-04T00:00:00.000Z,1,45085.0,4,150099.03,0.0,143179.0,150099.03
2015-10-04T00:00:00.000Z,11,45079.0,2,227269.53,0.0,214597.0,227269.53
2015-10-07T00:00:00.000Z,1,45029.0,2,27948.23,6671.33,28236.0,27948.23
2015-10-03T00:00:00.000Z,1,45019.0,4,2184.15,0.0,3246.0,2184.15
2015-10-04T00:00:00.000Z,1,45079.0,2,150585.7,39570.45,134197.0,150585.7
2015-10-03T00:00:00.000Z,1,45019.0,4,2282.58,0.0,6432.0,2282.58
2015-10-04T00:00:00.000Z,1,45079.0,2,19879.48,0.0,24346.0,19879.48
2015-12-22T00:00:00.000Z,1,45079.0,2,1833.48,1073.71,6472.0,1833.48
2015-10-04T00:00:00.000Z,11,45079.0,2,22589.95,3240.6,22256.0,22589.95
2015-10-03T00:00:00.000Z,1,45019.0,0,15993.14,0.0,17994.0,15993.14
2015-10-04T00:00:00.000Z,1,45035.0,4,4343.42,364.33,5593.0,4343.42
2015-10-03T00:00:00.000Z,1,45019.0,0,,,,0.0
2015-10-03T00:00:00.000Z,1,45019.0,4,460.5,0.0,1710.0,460.5
2015-10-10T00:00:00.000Z,6,45043.0,2,439.32,0.0,1939.0,439.32
2015-10-04T00:00:00.000Z,1,45051.0,4,1107.51,0.0,1907.0,1107.51
2015-10-04T00:00:00.000Z,1,45079.0,4,16590.66,670.05,17496.0,16590.66
2015-10-03T00:00:00.000Z,11,45019.0,4,11299.1,0.0,10327.0,11299.1
2015-10-04T00:00:00.000Z,1,45019.0,4,,,,0.0
2015-10-05T00:00:00.000Z,11,45063.0,2,39698.14,0.0,36486.0,39698.14
2015-10-01T00:00:00.000Z,1,45051.0,2,878.86,0.0,5809.0,878.86
2015-10-03T00:00:00.000Z,1,45035.0,4,6032.0,2056.34,6912.0,6032.0
2015-10-03T00:00:00.000Z,11,45075.0,4,16165.29,0.0,15956.0,16165.29
2015-10-03T00:00:00.000Z,1,45063.0,4,,,,0.0
2015-10-03T00:00:00.000Z,1,45019.0,0,,,245.0,0.0
2015-10-04T00:00:00.000Z,1,45079.0,2,216740.68,0.0,197146.0,216740.68
2015-10-04T00:00:00.000Z,1,45019.0,2,22370.87,0.0,23621.0,22370.87
2015-10-03T00:00:00.000Z,1,45019.0,4,9588.65,0.0,10298.0,9588.65
2015-10-04T00:00:00.000Z,6,45013.0,,,,,0.0
2015-10-03T00:00:00.000Z,1,45019.0,4,6031.33,6407.52,10336.0,6031.33
2015-10-04T00:00:00.000Z,1,45043.0,4,23512.48,0.0,22653.0,23512.48
2015-10-03T00:00:00.000Z,11,45079.0,2,250000.0,100000.0,289636.0,250000.0
2015-10-04T00:00:00.000Z,1,45019.0,4,1231.24,0.0,4231.0,1231.24
2015-10-03T00:00:00.000Z,1,45015.0,4,6014.59,0.0,8015.0,6014.59
2015-10-04T00:00:00.000Z,1,45079.0,2,15812.17,1022.84,15067.0,15812.17
2015-10-03T00:00:00.000Z,3,45079.0,4,,,,0.0
2015-10-03T00:00:00.000Z,18,45019.0,2,,,706.0,0.0
2015-10-04T00:00:00.000Z,1,45043.0,4,13680.71,0.0,14930.0,13680.71
2015-10-04T00:00:00.000Z,1,45079.0,4,5360.0,0.0,6610.0,5360.0
2015-10-03T00:00:00.000Z,1,45019.0,4,,,129.0,0.0
2015-10-04T00:00:00.000Z,11,45063.0,2,7341.5,5094.09,6591.0,7341.5
2015-10-04T00:00:00.000Z,1,45035.0,4,38564.67,15000.0,36578.0,38564.67
2015-10-04T00:00:00.000Z,1,45079.0,2,,,935.0,0.0
2015-10-03T00:00:00.000Z,1,45063.0,2,24330.32,0.0,21080.0,24330.32
2015-10-03T00:00:00.000Z,3,45019.0,4,,,130.0,0.0
2015-10-02T00:00:00.000Z,11,45019.0,4,10651.95,0.0,12152.0,10651.95
2015-10-05T00:00:00.000Z,11,45035.0,4,27362.21,0.0,28612.0,27362.21
2015-10-03T00:00:00.000Z,1,45019.0,0,1753.16,0.0,2359.0,1753.16
2015-10-10T00:00:00.000Z,1,45043.0,2,,,,0.0
2015-10-03T00:00:00.000Z,11,45019.0,4,,,928.0,0.0
2015-10-03T00:00:00.000Z,1,45051.0,4,3413.17,5894.08,3816.0,3413.17
2015-10-04T00:00:00.000Z,11,45079.0,2,10599.35,0.0,14375.0,10599.35
2015-10-04T00:00:00.000Z,1,45019.0,4,12489.1,0.0,12258.0,12489.1
2015-10-02T00:00:00.000Z,1,45041.0,2,29503.95,5689.94,24666.0,29503.95
2015-10-05T00:00:00.000Z,11,45019.0,4,1203.95,0.0,2453.0,1203.95
2015-10-03T00:00:00.000Z,1,45019.0,2,863.62,0.0,2047.0,863.62
2015-10-02T00:00:00.000Z,15,45043.0,1,305692.6,0.0,243455.0,305692.6
2015-10-06T00:00:00.000Z,11,45029.0,0,192.36,0.0,1443.0,192.36
2015-10-03T00:00:00.000Z,12,45063.0,2,3188.05,0.0,4438.0,3188.05
2015-10-07T00:00:00.000Z,2,45019.0,4,66624.06,0.0,71624.0,66624.06
2015-10-04T00:00:00.000Z,1,45051.0,4,15223.97,6343.27,15076.0,15223.97
2015-10-04T00:00:00.000Z,11,45051.0,4,8092.42,0.0,9092.0,8092.42
2015-10-04T00:00:00.000Z,1,45019.0,4,18338.04,0.0,20338.0,18338.04
2015-10-12T00:00:00.000Z,1,45019.0,4,,,,0.0
2015-10-04T00:00:00.000Z,1,45063.0,2,36800.26,0.0,41800.0,36800.26
2015-10-03T00:00:00.000Z,11,45015.0,4,3845.74,120.72,4750.0,3845.74
2015-10-03T00:00:00.000Z,11,45019.0,4,1711.33,0.0,2961.0,1711.33
2015-10-04T00:00:00.000Z,6,45019.0,4,385.8,0.0,1635.0,385.8
2015-10-03T00:00:00.000Z,11,45063.0,0,20232.78,8643.73,21233.0,20232.78
2015-10-04T00:00:00.000Z,1,45079.0,0,,,,0.0
2015-10-03T00:00:00.000Z,1,45015.0,2,14373.02,8029.0,15120.0,14373.02
2015-10-06T00:00:00.000Z,11,45051.0,1,,,3917.0,0.0
2015-10-03T00:00:00.000Z,1,45019.0,2,43659.79,2041.8,41624.0,43659.79
2015-10-04T00:00:00.000Z,1,45019.0,4,,,2257.0,0.0
2015-10-03T00:00:00.000Z,11,45019.0,2,7555.4,618.27,7895.0,7555.4
2015-10-03T00:00:00.000Z,11,45019.0,4,3375.76,0.0,3541.0,3375.76
2015-10-04T00:00:00.000Z,3,45019.0,1,,,1339.0,0.0
2015-10-04T00:00:00.000Z,1,45043.0,2,22662.59,0.0,20696.0,22662.59
2015-10-04T00:00:00.000Z,11,45019.0,4,,,,0.0
2015-10-03T00:00:00.000Z,11,45019.0,0,2982.39,0.0,4233.0,2982.39
2015-10-05T00:00:00.000Z,11,45063.0,2,1333.42,0.0,2515.0,1333.42
2015-10-03T00:00:00.000Z,1,45035.0,2,,,,0.0
2015-10-04T00:00:00.000Z,1,45063.0,2,100308.25,30500.0,84858.0,100308.25
2015-10-04T00:00:00.000Z,1,45079.0,4,250000.0,100000.0,360757.0,250000.0
2015-10-04T00:00:00.000Z,1,45079.0,4,10608.69,0.0,11609.0,10608.69
2015-10-01T00:00:00.000Z,1,45079.0,2,,,,0.0
2015-10-04T00:00:00.000Z,11,45063.0,2,100436.55,0.0,79474.0,100436.55
2015-10-04T00:00:00.000Z,1,45079.0,4,13930.64,0.0,18012.0,13930.64
2015-08-29T00:00:00.000Z,1,45079.0,4,5699.58,0.0,10699.0,5699.58
2015-10-04T00:00:00.000Z,11,45079.0,4,5424.61,0.0,6535.0,5424.61
2015-10-05T00:00:00.000Z,1,45015.0,4,9507.23,0.0,10384.0,9507.23
2015-10-02T00:00:00.000Z,11,45019.0,1,,,,0.0
2015-10-03T00:00:00.000Z,11,45019.0,4,,,1968.0,0.0
2015-10-04T00:00:00.000Z,6,45051.0,0,22704.47,651.81,24705.0,22704.47
2015-10-04T00:00:00.000Z,6,45075.0,,,,,0.0
2015-10-03T00:00:00.000Z,11,45035.0,2,9390.33,0.0,10057.0,9390.33
2015-10-05T00:00:00.000Z,11,45015.0,4,27823.58,0.0,25104.0,27823.58
2015-10-04T00:00:00.000Z,1,45019.0,4,11736.5,8001.25,12736.0,11736.5
2015-10-03T00:00:00.000Z,3,45019.0,0,,,,0.0
2015-12-17T00:00:00.000Z,3,45019.0,0,,,,0.0
2015-10-05T00:00:00.000Z,11,45051.0,4,2854.64,0.0,3998.0,2854.64
2015-10-04T00:00:00.000Z,1,45051.0,4,9758.25,15628.6,10261.0,9758.25
2015-10-04T00:00:00.000Z,1,45085.0,4,11832.6,0.0,13332.0,11832.6
2015-10-04T00:00:00.000Z,11,45063.0,2,15525.21,0.0,16525.0,15525.21
2015-10-04T00:00:00.000Z,1,45051.0,1,1201.01,0.0,2276.0,1201.01
2015-10-03T00:00:00.000Z,2,45019.0,4,0.0,819.13,,0.0
2015-10-27T00:00:00.000Z,1,45043.0,0,,,681.0,0.0
2015-10-04T00:00:00.000Z,1,45019.0,4,,,,0.0
2015-10-03T00:00:00.000Z,11,45083.0,0,,,373.0,0.0
2015-10-03T00:00:00.000Z,1,45019.0,4,,,1891.0,0.0
2015-10-04T00:00:00.000Z,11,45061.0,4,7161.23,0.0,7863.0,7161.23
2015-10-02T00:00:00.000Z,1,45019.0,2,979.04,0.0,1979.0,979.04
2015-10-04T00:00:00.000Z,1,45063.0,2,35762.81,4938.43,31199.0,35762.81
2015-10-03T00:00:00.000Z,1,45019.0,4,4455.08,0.0,5440.0,4455.08
2015-10-07T00:00:00.000Z,1,45035.0,4,,,1181.0,0.0
2015-10-02T00:00:00.000Z,6,45085.0,,,,,0.0
2015-10-04T00:00:00.000Z,11,45043.0,0,,,,0.0
2015-10-02T00:00:00.000Z,1,45019.0,1,58971.2,0.0,57419.0,58971.2
2015-10-02T00:00:00.000Z,1,45043.0,0,38623.28,10000.0,40623.0,38623.28
2015-10-04T00:00:00.000Z,1,45015.0,4,8867.93,0.0,13868.0,8867.93
2015-10-02T00:00:00.000Z,3,45015.0,4,48690.5,0.0,49690.0,48690.5
2015-10-03T00:00:00.000Z,1,45051.0,2,0.0,4892.93,1052.0,0.0
2015-10-03T00:00:00.000Z,1,45019.0,,,,,0.0
2015-10-03T00:00:00.000Z,1,45019.0,4,,,856.0,0.0
2015-06-03T00:00:00.000Z,1,45079.0,2,37057.61,14590.55,38057.0,37057.61
2015-10-04T00:00:00.000Z,1,45029.0,2,54043.76,24400.0,56044.0,54043.76
2015-10-05T00:00:00.000Z,1,45051.0,4,1571.76,0.0,2822.0,1571.76
2015-10-03T00:00:00.000Z,11,45019.0,4,20065.0,0.0,20575.0,20065.0
2015-11-10T00:00:00.000Z,1,45063.0,0,,,,0.0
2015-10-04T00:00:00.000Z,1,45019.0,4,29558.68,2540.8,27852.0,29558.68
2015-10-04T00:00:00.000Z,1,45079.0,4,53940.1,50300.0,55940.0,53940.1
2015-10-04T00:00:00.000Z,18,45043.0,2,3910.58,0.0,4911.0,3910.58
2015-10-04T00:00:00.000Z,11,45079.0,4,197637.99,100000.0,167201.0,197637.99
2015-10-04T00:00:00.000Z,1,45051.0,4,22665.09,1540.89,24665.0,22665.09
2015-10-03T00:00:00.000Z,11,45035.0,2,11785.14,0.0,11445.0,11785.14
2015-10-03T00:00:00.000Z,1,45035.0,4,75203.99,19711.8,68641.0,75203.99
2015-10-03T00:00:00.000Z,1,45079.0,2,250000.0,0.0,255000.0,250000.0
2015-10-03T00:00:00.000Z,1,45019.0,4,0.0,4475.12,,0.0
2015-10-04T00:00:00.000Z,1,45051.0,4,7154.7,1966.56,7805.0,7154.7
2015-10-04T00:00:00.000Z,1,45019.0,4,17531.67,0.0,18023.0,17531.67
2015-10-04T00:00:00.000Z,11,45063.0,2,53302.96,12800.0,49987.0,53302.96
2015-10-04T00:00:00.000Z,18,45051.0,0,2248.22,186.68,3249.0,2248.22
2015-10-05T00:00:00.000Z,1,45019.0,2,1995.65,0.0,2399.0,1995.65
2015-10-03T00:00:00.000Z,3,45019.0,4,27584.87,0.0,28835.0,27584.87
2015-10-03T00:00:00.000Z,11,45035.0,0,16635.19,0.0,17886.0,16635.19
2015-10-12T00:00:00.000Z,1,45075.0,0,,,,0.0
2015-10-03T00:00:00.000Z,11,45019.0,4,,,,0.0
2015-10-03T00:00:00.000Z,1,45019.0,0,21840.31,0.0,23841.0,21840.31
2015-10-05T00:00:00.000Z,11,45019.0,4,5752.87,0.0,6969.0,5752.87
2015-10-02T00:00:00.000Z,11,45015.0,0,13740.18,6200.0,14991.0,13740.18
2015-10-04T00:00:00.000Z,1,45043.0,2,112500.0,0.0,139775.0,112500.0
2015-10-05T00:00:00.000Z,1,45019.0,4,,,638.0,0.0
2015-10-02T00:00:00.000Z,1,45019.0,4,4242.95,0.0,5086.0,4242.95
2015-10-04T00:00:00.000Z,1,45063.0,2,113854.23,0.0,109421.0,113854.23
2015-10-04T00:00:00.000Z,1,45019.0,4,494.66,0.0,1745.0,494.66
2015-12-01T00:00:00.000Z,1,45019.0,,,,,0.0
2015-10-04T00:00:00.000Z,1,45063.0,4,35842.76,0.0,37843.0,35842.76
2015-10-04T00:00:00.000Z,1,45063.0,0,2467.79,0.0,7468.0,2467.79
2015-10-04T00:00:00.000Z,11,45041.0,4,3757.08,0.0,4542.0,3757.08
2015-10-04T00:00:00.000Z,1,45079.0,4,94832.28,47396.26,96082.0,94832.28
2015-12-31T00:00:00.000Z,14,45039.0,4,14535.67,0.0,16036.0,14535.67
2015-10-07T00:00:00.000Z,3,45019.0,4,1352.62,0.0,6352.0,1352.62
2015-10-05T00:00:00.000Z,11,45043.0,4,10507.63,0.0,11757.0,10507.63
2015-10-03T00:00:00.000Z,1,45051.0,4,8938.15,0.0,9254.0,8938.15
2015-10-03T00:00:00.000Z,1,45079.0,2,51095.86,0.0,40725.0,51095.86
2015-10-04T00:00:00.000Z,1,45019.0,4,5871.62,0.0,6638.0,5871.62
2015-10-03T00:00:00.000Z,11,45019.0,4,5062.99,0.0,5911.0,5062.99
2015-10-04T00:00:00.000Z,1,45079.0,0,2945.55,6870.32,4196.0,2945.55
2015-10-04T00:00:00.000Z,1,45043.0,4,634.87,0.0,2635.0,634.87
2015-10-04T00:00:00.000Z,11,45019.0,4,21567.88,9300.0,20691.0,21567.88
2015-10-05T00:00:00.000Z,11,45035.0,2,1541.05,18006.21,2448.0,1541.05
2015-10-04T00:00:00.000Z,1,45079.0,4,,,661.0,0.0
2015-10-04T00:00:00.000Z,11,45079.0,2,85052.89,45700.0,87348.0,85052.89
2015-10-03T00:00:00.000Z,11,45019.0,2,,,,0.0
2015-10-04T00:00:00.000Z,1,45019.0,0,,,,0.0
2015-10-03T00:00:00.000Z,1,45051.0,4,2935.38,0.0,4015.0,2935.38
2015-10-05T00:00:00.000Z,2,45035.0,0,,,,0.0
2015-10-04T00:00:00.000Z,1,45079.0,2,,,1239.0,0.0
2015-10-03T00:00:00.000Z,1,45019.0,2,12145.15,0.0,12470.0,12145.15
2015-10-04T00:00:00.000Z,11,45051.0,0,5883.69,2148.04,6884.0,5883.69
2015-10-04T00:00:00.000Z,1,45079.0,2,137075.14,100000.0,134497.0,137075.14
2015-10-03T00:00:00.000Z,1,45051.0,1,6746.15,0.0,6096.0,6746.15
2015-10-04T00:00:00.000Z,1,45019.0,4,13910.3,0.0,13965.0,13910.3
2015-10-04T00:00:00.000Z,1,45051.0,4,25225.02,1620.56,27225.0,25225.02
2015-10-04T00:00:00.000Z,1,45019.0,4,,,,0.0
2015-10-04T00:00:00.000Z,11,45079.0,0,,,,0.0
2015-10-03T00:00:00.000Z,1,45019.0,4,,,2057.0,0.0
2015-10-04T00:00:00.000Z,1,45043.0,4,10512.13,0.0,12512.0,10512.13
2015-11-11T00:00:00.000Z,2,45019.0,2,,,,0.0
2015-10-03T00:00:00.000Z,1,45051.0,4,10793.98,3512.61,11345.0,10793.98
2015-10-03T00:00:00.000Z,1,45019.0,4,6586.24,0.0,5592.0,6586.24
2015-10-03T00:00:00.000Z,3,45019.0,4,,,1887.0,0.0
2015-10-04T00:00:00.000Z,1,45019.0,4,,,2257.0,0.0
2015-10-03T00:00:00.000Z,11,45063.0,2,87764.92,0.0,76299.0,87764.92
2015-10-03T00:00:00.000Z,1,45051.0,0,,,1192.0,0.0
2015-10-03T00:00:00.000Z,1,45019.0,4,20884.71,0.0,22884.0,20884.71
2015-10-03T00:00:00.000Z,1,45035.0,2,36041.49,8736.48,36021.0,36041.49
2015-10-03T00:00:00.000Z,11,45035.0,4,65181.39,12200.0,66431.0,65181.39
2015-10-04T00:00:00.000Z,11,45051.0,4,1370.69,126.11,2576.0,1370.69
2015-10-04T00:00:00.000Z,1,45063.0,2,,,,0.0
2015-10-02T00:00:00.000Z,1,45019.0,4,,,,0.0
2015-10-04T00:00:00.000Z,11,45079.0,2,105824.5,37328.2,103140.0,105824.5
2015-10-04T00:00:00.000Z,1,45079.0,4,250000.0,100000.0,279222.0,250000.0
2015-10-09T00:00:00.000Z,1,45051.0,2,,,,0.0
2015-10-06T00:00:00.000Z,1,45019.0,0,,,1838.0,0.0
2015-10-03T00:00:00.000Z,1,45035.0,2,62300.0,37518.83,72997.0,62300.0
2015-10-03T00:00:00.000Z,11,45085.0,4,291.21,0.0,1221.0,291.21
2015-10-04T00:00:00.000Z,1,45019.0,2,,,1012.0,0.0
2015-10-04T00:00:00.000Z,1,45051.0,4,4780.47,0.0,5780.0,4780.47
2015-10-04T00:00:00.000Z,1,45079.0,2,18452.6,0.0,20453.0,18452.6
2015-10-04T00:00:00.000Z,6,45075.0,,,,,0.0
2015-10-04T00:00:00.000Z,1,45051.0,4,,,,0.0
2015-10-03T00:00:00.000Z,11,45019.0,0,,,770.0,0.0
2015-10-04T00:00:00.000Z,11,45079.0,0,34000.66,4681.68,39001.0,34000.66
2015-10-03T00:00:00.000Z,1,45035.0,4,49524.41,8100.0,50524.0,49524.41
2015-10-03T00:00:00.000Z,1,45043.0,4,,,1175.0,0.0
2015-10-04T00:00:00.000Z,15,45079.0,2,228300.0,0.0,262433.0,228300.0
2015-10-04T00:00:00.000Z,1,45085.0,4,32317.55,0.0,37318.0,32317.55
2015-10-07T00:00:00.000Z,11,45079.0,,,,,0.0
2015-10-04T00:00:00.000Z,1,45051.0,4,7055.7,0.0,7593.0,7055.7
2015-10-02T00:00:00.000Z,1,45019.0,4,17250.17,0.0,13849.0,17250.17
2015-10-03T00:00:00.000Z,11,45019.0,3,31332.88,0.0,33030.0,31332.88
2015-10-03T00:00:00.000Z,1,45019.0,4,28894.76,373.45,30894.0,28894.76
2015-10-03T00:00:00.000Z,11,45079.0,2,20980.47,0.0,19388.0,20980.47
2015-10-02T00:00:00.000Z,1,45019.0,4,1777.17,0.0,3027.0,1777.17
2015-10-04T00:00:00.000Z,11,45079.0,2,250000.0,0.0,249254.0,250000.0
2015-10-04T00:00:00.000Z,1,45035.0,2,5053.23,0.0,9303.0,5053.23
2015-10-04T00:00:00.000Z,11,45019.0,4,3941.9,0.0,5192.0,3941.9
2015-10-03T00:00:00.000Z,1,45019.0,2,46306.48,0.0,47556.0,46306.48
2015-10-04T00:00:00.000Z,11,45079.0,4,228000.0,0.0,222745.0,228000.0
2015-10-03T00:00:00.000Z,11,45019.0,2,11551.27,0.0,12494.0,11551.27
2015-10-04T00:00:00.000Z,1,45019.0,0,15476.05,0.0,16727.0,15476.05
2015-10-04T00:00:00.000Z,1,45019.0,4,9654.46,0.0,10904.0,9654.46
2015-10-03T00:00:00.000Z,2,45019.0,4,,,,0.0
2015-10-04T00:00:00.000Z,1,45085.0,4,16910.63,355.27,17001.0,16910.63
2015-10-03T00:00:00.000Z,1,45019.0,2,21325.05,0.0,18746.0,21325.05
2015-10-04T00:00:00.000Z,11,45085.0,4,164244.59,0.0,143780.0,164244.59
2015-10-07T00:00:00.000Z,1,45043.0,2,19600.0,0.0,36942.0,19600.0
2015-10-04T00:00:00.000Z,11,45079.0,2,16450.28,5539.44,18450.0,16450.28
2015-10-03T00:00:00.000Z,1,45035.0,4,,,,0.0
2015-10-05T00:00:00.000Z,1,45051.0,2,48075.43,0.0,50579.0,48075.43
2015-10-04T00:00:00.000Z,11,45079.0,2,135358.27,60000.0,136358.0,135358.27
2015-10-04T00:00:00.000Z,1,45051.0,2,2041.95,3397.5,3042.0,2041.95
2015-10-03T00:00:00.000Z,4,45079.0,4,25900.15,13232.51,30900.0,25900.15
2015-10-04T00:00:00.000Z,1,45079.0,4,26748.75,20148.27,21470.0,26748.75
2015-10-02T00:00:00.000Z,11,45019.0,4,18369.84,0.0,15737.0,18369.84
2015-10-03T00:00:00.000Z,11,45019.0,4,19861.0,9089.31,14655.0,19861.0
2015-10-03T00:00:00.000Z,1,45019.0,4,15420.0,0.0,24531.0,15420.0
2015-10-05T00:00:00.000Z,1,45035.0,2,32441.58,13531.49,32442.0,32441.58
2015-10-04T00:00:00.000Z,3,45019.0,0,17145.77,0.0,18396.0,17145.77
2015-11-03T00:00:00.000Z,11,45019.0,0,16559.28,0.0,18560.0,16559.28
2015-10-04T00:00:00.000Z,1,45063.0,2,185823.89,0.0,175931.0,185823.89
2015-10-04T00:00:00.000Z,1,45051.0,4,117101.56,57084.39,105628.0,117101.56
2015-10-05T00:00:00.000Z,16,45019.0,4,,,3956.0,0.0
2015-10-04T00:00:00.000Z,1,45015.0,4,24284.77,0.0,27573.0,24284.77
2015-10-05T00:00:00.000Z,11,45019.0,4,889.79,0.0,2140.0,889.79
2015-10-02T00:00:00.000Z,1,45019.0,4,10014.29,3110.76,12014.0,10014.29
2015-10-02T00:00:00.000Z,11,45019.0,2,3977.1,0.0,5227.0,3977.1
2015-10-05T00:00:00.000Z,1,45019.0,4,1751.85,0.0,3002.0,1751.85
2015-10-03T00:00:00.000Z,1,45019.0,4,6716.88,0.0,7100.0,6716.88
2015-10-03T00:00:00.000Z,11,45019.0,4,5109.24,0.0,7153.0,5109.24
2015-10-04T00:00:00.000Z,1,45051.0,4,4913.11,0.0,6400.0,4913.11
2015-10-03T00:00:00.000Z,1,45019.0,2,16363.96,84.14,15670.0,16363.96
2015-11-09T00:00:00.000Z,1,45019.0,4,8721.5,0.0,5593.0,4360.75
2015-10-05T00:00:00.000Z,11,45051.0,4,27635.27,0.0,29635.0,27635.27
2015-10-03T00:00:00.000Z,2,45019.0,4,,,3559.0,0.0
2015-10-02T00:00:00.000Z,1,45019.0,4,12255.83,6330.59,13218.0,12255.83
2015-11-09T00:00:00.000Z,1,45019.0,4,1172.74,0.0,2423.0,1172.74
2015-10-04T00:00:00.000Z,11,45063.0,2,84000.0,0.0,130504.0,84000.0
2015-10-05T00:00:00.000Z,3,45019.0,0,,,394.0,0.0
2015-10-04T00:00:00.000Z,1,45079.0,2,250000.0,0.0,238342.0,250000.0
2015-10-04T00:00:00.000Z,1,45079.0,2,10197.32,0.0,11697.0,10197.32
2015-10-03T00:00:00.000Z,1,45063.0,4,7231.06,0.0,12231.0,7231.06
2015-10-05T00:00:00.000Z,11,45051.0,2,3610.47,0.0,4791.0,3610.47
2015-10-04T00:00:00.000Z,1,45019.0,4,,,2338.0,0.0
2015-10-04T00:00:00.000Z,11,45063.0,2,32761.07,15692.06,34331.0,32761.07
2015-10-08T00:00:00.000Z,11,45019.0,1,49446.7,8047.09,54447.0,49446.7
2015-10-01T00:00:00.000Z,1,45019.0,4,4014.28,0.0,6014.0,4014.28
2015-10-03T00:00:00.000Z,18,45019.0,1,29300.0,11100.0,36057.0,29300.0
2015-10-02T00:00:00.000Z,1,45019.0,2,,,1284.0,0.0
2015-10-04T00:00:00.000Z,1,45019.0,4,102.52,0.0,3102.0,102.52
2015-10-03T00:00:00.000Z,11,45051.0,0,2257.78,1283.42,3508.0,2257.78
2015-10-02T00:00:00.000Z,1,45051.0,4,39123.34,13211.24,36439.0,39123.34
2015-10-04T00:00:00.000Z,11,45079.0,2,41589.81,0.0,34322.0,41589.81
2015-10-02T00:00:00.000Z,11,45063.0,2,35120.12,7234.26,30786.0,35120.12
2015-10-04T00:00:00.000Z,1,45019.0,4,759.16,0.0,2009.0,759.16
2015-10-05T00:00:00.000Z,1,45051.0,2,0.0,968.67,,0.0
2015-06-24T00:00:00.000Z,1,45035.0,2,3900.93,2506.03,5150.0,3900.93
2015-10-03T00:00:00.000Z,6,45079.0,2,4064.66,0.0,24064.0,4064.66
2015-10-03T00:00:00.000Z,1,45063.0,0,2740.3,0.0,7741.0,2740.3
2015-10-03T00:00:00.000Z,1,45019.0,,,,,0.0
2015-08-31T00:00:00.000Z,1,45019.0,4,25000.0,0.0,26983.0,25000.0
2015-10-03T00:00:00.000Z,1,45079.0,4,521.0,0.0,2521.0,521.0
2015-10-03T00:00:00.000Z,11,45019.0,4,,,1147.0,0.0
2015-10-06T00:00:00.000Z,1,45051.0,2,13776.45,12114.37,11948.0,13776.45
2015-10-03T00:00:00.000Z,1,45019.0,4,9298.8,0.0,10549.0,9298.8
2015-10-02T00:00:00.000Z,11,45079.0,2,14373.5,0.0,10592.0,14373.5
2015-11-10T00:00:00.000Z,1,45063.0,2,,,1562.0,0.0
2015-07-05T00:00:00.000Z,6,45079.0,0,7520.4,0.0,8521.0,7520.4
2015-10-02T00:00:00.000Z,1,45051.0,4,4763.68,0.0,4450.0,4763.68
2015-10-04T00:00:00.000Z,11,45015.0,2,26220.69,5577.54,24599.0,26220.69
2015-09-11T00:00:00.000Z,1,45079.0,4,,,,0.0
2015-10-03T00:00:00.000Z,11,45019.0,4,976.37,0.0,226.0,976.37
2015-10-04T00:00:00.000Z,18,45019.0,,,,,0.0
2015-10-04T00:00:00.000Z,1,45063.0,4,32404.88,0.0,34405.0,32404.88
2015-10-03T00:00:00.000Z,1,45063.0,4,,,,0.0
2015-10-10T00:00:00.000Z,11,45019.0,0,,,,0.0
2015-10-03T00:00:00.000Z,1,45015.0,4,,,,0.0
2015-10-03T00:00:00.000Z,11,45035.0,4,24275.1,0.0,25525.0,24275.1
2015-10-04T00:00:00.000Z,12,45019.0,1,18865.22,0.0,20115.0,18865.22
2015-10-04T00:00:00.000Z,1,45063.0,2,13951.11,0.0,13058.0,13951.11
2015-10-04T00:00:00.000Z,1,45019.0,4,10539.25,0.0,12539.0,10539.25
2015-11-23T00:00:00.000Z,11,45085.0,0,,,,0.0
2015-10-04T00:00:00.000Z,11,45043.0,4,13408.19,0.0,14658.0,13408.19
2015-10-04T00:00:00.000Z,6,45051.0,0,,,,0.0
2015-10-06T00:00:00.000Z,11,45079.0,4,3908.56,0.0,5159.0,3908.56
2015-10-03T00:00:00.000Z,1,45019.0,4,65286.53,17416.19,61304.0,65286.53
2015-10-03T00:00:00.000Z,1,45019.0,0,,,,0.0
2015-10-25T00:00:00.000Z,1,45019.0,0,,,,0.0
2015-10-04T00:00:00.000Z,1,45063.0,2,1779.64,0.0,3760.0,1779.64
2015-10-04T00:00:00.000Z,1,45085.0,2,36083.79,0.0,38083.0,36083.79
2015-10-10T00:00:00.000Z,1,45019.0,4,8944.78,0.0,9944.0,8944.78
2015-10-01T00:00:00.000Z,1,45019.0,4,19312.43,0.0,19790.0,19312.43
2015-10-04T00:00:00.000Z,11,45043.0,4,10115.7,1211.9,9490.0,10115.7
2015-10-02T00:00:00.000Z,11,45051.0,4,3233.76,0.0,4435.0,3233.76
2015-10-04T00:00:00.000Z,2,45079.0,2,8054.91,0.0,13054.0,8054.91
2015-10-05T00:00:00.000Z,11,45051.0,2,9027.23,0.0,10569.0,9027.23
2015-10-04T00:00:00.000Z,1,45079.0,2,118490.64,0.0,106838.0,118490.64
2015-10-04T00:00:00.000Z,1,45019.0,4,,,2504.0,0.0
2015-10-04T00:00:00.000Z,1,45043.0,4,32125.88,9702.05,29011.0,32125.88
2015-10-05T00:00:00.000Z,12,45051.0,0,6011.37,0.0,8012.0,6011.37
2015-10-03T00:00:00.000Z,6,45019.0,1,137203.84,0.0,162203.0,137203.84
2015-10-05T00:00:00.000Z,11,45035.0,0,23433.26,0.0,24684.0,23433.26
2015-10-03T00:00:00.000Z,11,45085.0,4,4180.68,0.0,5158.0,4180.68
2015-10-04T00:00:00.000Z,11,45089.0,4,229211.95,97844.08,210171.0,229211.95
2015-10-10T00:00:00.000Z,11,45019.0,4,4725.7,0.0,5975.0,4725.7
2015-10-04T00:00:00.000Z,6,,,,,,0.0
2015-10-04T00:00:00.000Z,1,45051.0,4,,,,0.0
2015-10-04T00:00:00.000Z,11,45019.0,4,11296.46,0.0,16296.0,11296.46
2015-09-21T00:00:00.000Z,1,45079.0,2,3170.11,0.0,4420.0,3170.11
2015-10-04T00:00:00.000Z,1,45079.0,4,,,,0.0
2015-10-07T00:00:00.000Z,1,45041.0,4,6375.05,0.0,8471.0,6375.05
2015-10-04T00:00:00.000Z,1,45019.0,4,82.84,0.0,3082.0,82.84
2015-10-03T00:00:00.000Z,12,45019.0,4,426.24,0.0,1676.0,426.24
2015-10-04T00:00:00.000Z,1,45079.0,2,94380.69,0.0,107492.0,94380.69
2015-10-02T00:00:00.000Z,1,45019.0,4,1541.3,0.0,6343.0,1541.3
2015-10-03T00:00:00.000Z,11,45019.0,4,120054.07,55461.21,109692.0,120054.07
2015-10-04T00:00:00.000Z,1,45079.0,2,101316.18,0.0,80419.0,101316.18
2015-10-03T00:00:00.000Z,1,45019.0,4,,,,0.0
2015-10-02T00:00:00.000Z,1,45051.0,4,9396.7,100.69,9338.0,9396.7
2015-10-03T00:00:00.000Z,1,45019.0,4,49873.11,0.0,40093.0,49873.11
2015-10-03T00:00:00.000Z,11,45041.0,2,18519.45,0.0,19519.0,18519.45
2015-10-03T00:00:00.000Z,1,45019.0,2,7110.09,0.0,9110.0,7110.09
2015-10-03T00:00:00.000Z,3,45019.0,4,6834.43,0.0,7827.0,6834.43
2015-10-04T00:00:00.000Z,1,45051.0,0,13280.39,3677.62,14531.0,13280.39
2015-10-04T00:00:00.000Z,11,45079.0,2,250000.0,0.0,244076.0,250000.0
2015-09-28T00:00:00.000Z,1,45013.0,1,171600.0,0.0,187898.0,171600.0
2015-10-02T00:00:00.000Z,1,45019.0,4,,,1115.0,0.0
2015-09-29T00:00:00.000Z,1,45019.0,0,,,,0.0
2015-10-04T00:00:00.000Z,11,45015.0,4,14336.4,0.0,12621.0,14336.4
2015-10-04T00:00:00.000Z,1,45079.0,2,15920.9,0.0,15468.0,15920.9
2015-10-04T00:00:00.000Z,1,45019.0,0,,,2926.0,0.0
2015-10-04T00:00:00.000Z,11,45027.0,4,10797.59,9373.28,11196.0,10797.59
2015-10-07T00:00:00.000Z,11,45051.0,2,2515.8,0.0,3765.0,2515.8
2015-10-03T00:00:00.000Z,11,45019.0,4,24051.22,0.0,25301.0,24051.22
2015-10-04T00:00:00.000Z,11,45063.0,2,46122.56,0.0,50175.0,46122.56
2015-10-03T00:00:00.000Z,3,45019.0,2,63139.05,0.0,55213.0,63139.05
2015-10-07T00:00:00.000Z,11,45029.0,4,8414.62,5917.74,9664.0,8414.62
2015-10-05T00:00:00.000Z,1,45035.0,2,30092.19,0.0,31342.0,30092.19
2015-10-04T00:00:00.000Z,1,45051.0,4,37329.54,0.0,39329.0,37329.54
2015-10-04T00:00:00.000Z,11,45019.0,0,1621.81,0.0,2872.0,1621.81
2015-10-04T00:00:00.000Z,1,45035.0,4,30250.49,0.0,31500.0,30250.49
2015-08-28T00:00:00.000Z,1,45051.0,0,,,,0.0
2015-10-05T00:00:00.000Z,1,45051.0,4,8830.4,0.0,7987.0,8830.4
2015-10-04T00:00:00.000Z,2,45019.0,4,13363.07,0.0,14613.0,13363.07
2015-10-04T00:00:00.000Z,11,45079.0,4,140738.56,50000.0,137474.0,140738.56
2015-10-05T00:00:00.000Z,1,45035.0,4,3459.66,0.0,7710.0,3459.66
2015-10-03T00:00:00.000Z,1,45019.0,4,5472.06,0.0,10442.0,5472.06
2015-10-04T00:00:00.000Z,1,45079.0,4,142735.7,32745.06,138353.0,142735.7
2015-10-04T00:00:00.000Z,11,45019.0,4,,,1112.0,0.0
2015-12-07T00:00:00.000Z,1,45019.0,,,,,0.0
2015-10-03T00:00:00.000Z,1,45051.0,2,19130.02,-1000.0,19380.0,19130.02
2015-10-04T00:00:00.000Z,1,45063.0,4,15949.86,0.0,15954.0,15949.86
2015-10-04T00:00:00.000Z,11,45043.0,2,19429.91,3057.51,25430.0,19429.91
2015-10-03T00:00:00.000Z,1,45043.0,4,16424.37,0.0,12610.0,16424.37
2015-10-03T00:00:00.000Z,11,45019.0,4,25047.07,16200.75,25288.0,25047.07
2015-10-04T00:00:00.000Z,1,45079.0,4,,,2803.0,0.0
2015-10-03T00:00:00.000Z,11,45063.0,4,8460.23,296.16,9710.0,8460.23
2015-10-05T00:00:00.000Z,1,45051.0,0,4732.08,0.0,5983.0,4732.08
2015-10-03T00:00:00.000Z,1,45019.0,4,,,975.0,0.0
2015-10-04T00:00:00.000Z,1,45051.0,0,14290.47,0.0,19291.0,14290.47
2015-10-04T00:00:00.000Z,1,45085.0,0,,,,0.0
2015-10-03T00:00:00.000Z,11,45019.0,0,14044.05,0.0,15295.0,14044.05
2015-10-04T00:00:00.000Z,1,45079.0,2,164183.94,0.0,136675.0,164183.94
2015-10-04T00:00:00.000Z,11,45051.0,4,,,3423.0,0.0
2015-10-03T00:00:00.000Z,11,45019.0,4,6347.42,1828.46,6949.0,6347.42
2015-10-03T00:00:00.000Z,1,45019.0,4,12580.46,0.0,13830.0,12580.46
2015-10-05T00:00:00.000Z,1,45035.0,4,35276.43,0.0,36526.0,35276.43
2015-10-04T00:00:00.000Z,6,45013.0,,,,,0.0
2015-10-04T00:00:00.000Z,4,45079.0,0,,,1499.0,0.0
2015-10-10T00:00:00.000Z,1,45051.0,2,21168.41,377.12,22418.0,21168.41
2015-10-04T00:00:00.000Z,1,45019.0,2,3844.69,0.0,4170.0,3844.69
2015-12-31T00:00:00.000Z,1,45055.0,2,260.92,0.0,1511.0,260.92
2015-10-03T00:00:00.000Z,1,45019.0,0,10029.26,0.0,11280.0,10029.26
2015-10-02T00:00:00.000Z,1,45019.0,4,14765.84,0.0,16015.0,14765.84
2015-10-03T00:00:00.000Z,1,45019.0,4,16836.13,0.0,16384.0,16836.13
2015-10-04T00:00:00.000Z,1,45051.0,4,,,,0.0
2015-10-04T00:00:00.000Z,1,45019.0,4,3928.27,6105.73,8928.0,3928.27
2015-10-04T00:00:00.000Z,11,45063.0,2,58443.96,2680.12,60443.0,58443.96
2015-10-04T00:00:00.000Z,1,45015.0,0,,,,0.0
2015-10-02T00:00:00.000Z,11,45019.0,2,313.7,0.0,1564.0,313.7
2015-10-05T00:00:00.000Z,1,45043.0,4,20236.72,0.0,21237.0,20236.72
2015-10-04T00:00:00.000Z,1,45089.0,2,27949.6,0.0,30339.0,27949.6
2015-10-03T00:00:00.000Z,1,45019.0,4,,,276.0,0.0
2015-10-05T00:00:00.000Z,1,45019.0,0,,,,0.0
2015-10-04T00:00:00.000Z,11,45051.0,0,83073.76,3377.71,85074.0,83073.76
2015-10-03T00:00:00.000Z,3,45019.0,4,18199.39,0.0,19449.0,18199.39
2015-10-04T00:00:00.000Z,1,45079.0,2,118448.98,40662.6,110405.0,118448.98
2015-10-04T00:00:00.000Z,11,45079.0,0,,,553.0,0.0
2015-10-03T00:00:00.000Z,11,45019.0,2,8214.27,0.0,10214.0,8214.27
2015-10-04T00:00:00.000Z,1,45015.0,4,1955.4,0.0,3955.0,1955.4
2015-10-03T00:00:00.000Z,1,45041.0,4,45338.93,5296.3,46588.0,45338.93
2015-10-02T00:00:00.000Z,1,45019.0,3,12435.26,0.0,14435.0,12435.26
2015-10-03T00:00:00.000Z,1,45019.0,4,15360.75,5288.6,13999.0,15360.75
2015-10-05T00:00:00.000Z,1,45079.0,0,9835.02,2241.44,10836.0,9835.02
2015-10-04T00:00:00.000Z,11,45079.0,2,7289.75,0.0,8016.0,7289.75
2015-10-03T00:00:00.000Z,1,45019.0,4,29450.89,2827.05,28366.0,29450.89
2015-10-03T00:00:00.000Z,1,45019.0,4,10544.96,8696.86,11520.0,10544.96
2015-10-06T00:00:00.000Z,11,45029.0,2,1091.9,0.0,2211.0,1091.9
2015-10-04T00:00:00.000Z,1,45079.0,2,71650.95,0.0,76651.0,71650.95
2015-10-04T00:00:00.000Z,11,45015.0,2,9978.86,0.0,9217.0,9978.86
2015-10-03T00:00:00.000Z,11,45079.0,4,2006.76,0.0,7007.0,2006.76
2015-10-03T00:00:00.000Z,1,45063.0,2,,,1065.0,0.0
2015-10-04T00:00:00.000Z,1,45019.0,4,,,2989.0,0.0
2015-10-04T00:00:00.000Z,1,45043.0,0,462.92,0.0,2463.0,462.92
2015-10-03T00:00:00.000Z,1,45079.0,2,15588.78,0.0,12988.0,15588.78
2015-10-04T00:00:00.000Z,1,45051.0,4,128882.27,36289.81,150000.0,128882.27
2015-10-03T00:00:00.000Z,1,45019.0,4,6283.67,0.0,7166.0,6283.67
2015-10-04T00:00:00.000Z,1,45079.0,0,,,,0.0
2015-10-03T00:00:00.000Z,1,45051.0,4,5224.91,0.0,6224.0,5224.91
2015-10-03T00:00:00.000Z,1,45019.0,4,4630.62,0.0,9631.0,4630.62
2015-08-26T00:00:00.000Z,1,45051.0,4,3577.41,0.0,3875.0,3577.41
2015-10-04T00:00:00.000Z,1,45051.0,0,,,,0.0
2015-10-04T00:00:00.000Z,12,45051.0,4,44517.95,6481.54,46517.0,44517.95
2015-10-04T00:00:00.000Z,1,45019.0,4,,,,0.0
2015-10-03T00:00:00.000Z,6,45051.0,2,59748.55,0.0,61748.0,59748.55
2015-10-03T00:00:00.000Z,11,45051.0,4,,,,0.0
2015-10-04T00:00:00.000Z,2,45019.0,4,23856.06,0.0,25856.0,23856.06
2015-10-04T00:00:00.000Z,1,45079.0,2,250000.0,0.0,256638.0,250000.0
2015-10-02T00:00:00.000Z,11,45079.0,4,18387.77,5669.21,17668.0,18387.77
2015-10-03T00:00:00.000Z,11,45019.0,1,69290.44,0.0,72300.0,69290.44
2015-10-03T00:00:00.000Z,18,45079.0,2,189649.58,0.0,194649.0,189649.58
2015-10-04T00:00:00.000Z,1,45063.0,2,29624.08,0.0,34624.0,29624.08
2015-10-02T00:00:00.000Z,1,45051.0,0,,,,0.0
2015-10-07T00:00:00.000Z,11,45019.0,4,2325.56,0.0,7192.0,2325.56
2015-10-04T00:00:00.000Z,1,45063.0,2,76540.29,0.0,77455.0,76540.29
2015-12-31T00:00:00.000Z,1,45055.0,2,27993.93,667.76,29494.0,27993.93
2015-10-03T00:00:00.000Z,1,45079.0,4,9287.93,0.0,11288.0,9287.93
2015-10-04T00:00:00.000Z,6,45019.0,,,,,0.0
2015-10-04T00:00:00.000Z,1,45051.0,0,,,1145.0,0.0
2015-10-05T00:00:00.000Z,4,45035.0,,,,,0.0
2015-10-03T00:00:00.000Z,1,45019.0,4,,,,0.0
2015-10-04T00:00:00.000Z,1,45019.0,2,82587.69,3202.64,75951.0,82587.69
2015-10-03T00:00:00.000Z,1,45019.0,4,11833.9,0.0,14842.0,11833.9
2015-10-04T00:00:00.000Z,6,45051.0,0,23289.06,0.0,25290.0,23289.06
2015-10-03T00:00:00.000Z,6,45079.0,2,214729.07,0.0,264729.0,214729.07
2015-10-03T00:00:00.000Z,11,45035.0,4,46681.02,46224.66,45789.0,46681.02
2015-10-04T00:00:00.000Z,1,45019.0,4,15316.8,1216.84,15076.0,15316.8
2015-10-05T00:00:00.000Z,2,45035.0,0,,,,0.0
2015-10-03T00:00:00.000Z,11,45019.0,4,6821.83,0.0,8071.0,6821.83
2015-10-03T00:00:00.000Z,11,45019.0,4,1474.95,1002.82,2724.0,1474.95
2015-10-06T00:00:00.000Z,11,45019.0,4,4065.54,0.0,5315.0,4065.54
2015-10-03T00:00:00.000Z,1,45035.0,4,3896.65,0.0,4790.0,3896.65
2015-10-04T00:00:00.000Z,1,45019.0,4,6626.54,0.0,7314.0,6626.54
2015-10-03T00:00:00.000Z,1,45019.0,4,54883.06,11600.0,49831.0,54883.06
2015-10-03T00:00:00.000Z,3,45019.0,4,2876.59,0.0,3633.0,2876.59
2015-10-03T00:00:00.000Z,13,45085.0,0,,,,0.0
2015-10-04T00:00:00.000Z,3,45051.0,0,4259.62,0.0,5260.0,4259.62
2015-10-04T00:00:00.000Z,1,45079.0,4,236533.14,0.0,219917.0,236533.14
2015-10-03T00:00:00.000Z,1,45085.0,4,4647.31,0.0,5631.0,4647.31
2015-10-02T00:00:00.000Z,1,45079.0,4,3880.76,0.0,5881.0,3880.76
2015-10-03T00:00:00.000Z,15,45019.0,2,26686.48,0.0,25000.0,26686.48
2015-10-05T00:00:00.000Z,3,45051.0,1,109865.03,0.0,103855.0,109865.03
2015-10-03T00:00:00.000Z,1,45019.0,4,9851.06,0.0,18132.0,9851.06
2015-10-11T00:00:00.000Z,1,45019.0,4,617.86,0.0,1617.0,617.86
2015-10-04T00:00:00.000Z,1,45019.0,4,11300.83,0.0,12304.0,11300.83
2015-10-03T00:00:00.000Z,18,45043.0,4,18.27,5000.0,2018.0,18.27
2015-10-04T00:00:00.000Z,11,45019.0,4,1412.02,0.0,2644.0,1412.02
2015-10-05T00:00:00.000Z,2,45035.0,0,,,,0.0
2015-10-03T00:00:00.000Z,1,45041.0,4,7491.81,0.0,7805.0,7491.81
2015-10-04T00:00:00.000Z,3,45079.0,0,76960.84,0.0,78961.0,76960.84
2015-10-04T00:00:00.000Z,6,45035.0,2,13640.55,0.0,14640.0,13640.55
2015-11-05T00:00:00.000Z,11,45019.0,,,,,0.0
2015-10-02T00:00:00.000Z,1,45051.0,2,284.51,0.0,1284.0,284.51
2015-10-01T00:00:00.000Z,11,45019.0,4,4583.01,0.0,5911.0,4583.01
2015-10-03T00:00:00.000Z,2,45079.0,2,14925.23,0.0,16175.0,14925.23
2015-10-05T00:00:00.000Z,11,45019.0,2,5214.79,0.0,6323.0,5214.79
2015-10-02T00:00:00.000Z,11,45019.0,4,16795.94,3696.43,13477.0,16795.94
2015-10-04T00:00:00.000Z,1,45019.0,4,54475.72,0.0,58726.0,54475.72
2015-10-04T00:00:00.000Z,6,45019.0,,,,,0.0
2015-10-03T00:00:00.000Z,11,45019.0,4,4904.38,0.0,5775.0,4904.38
2015-10-04T00:00:00.000Z,15,45035.0,2,16966.18,0.0,31610.0,16966.18
2015-10-10T00:00:00.000Z,1,45043.0,4,,,291.0,0.0
2015-10-04T00:00:00.000Z,6,45051.0,4,16027.32,0.0,17277.0,16027.32
2015-10-27T00:00:00.000Z,1,45043.0,1,18180.71,0.0,20180.0,18180.71
2015-10-04T00:00:00.000Z,1,45029.0,1,10017.91,0.0,15017.0,10017.91
2015-10-04T00:00:00.000Z,11,45079.0,4,23206.76,0.0,22395.0,23206.76
2015-10-03T00:00:00.000Z,1,45015.0,4,,,,0.0
2015-10-03T00:00:00.000Z,11,45035.0,4,5743.99,0.0,6390.0,5743.99
2015-10-05T00:00:00.000Z,11,45089.0,4,5312.76,0.0,6563.0,5312.76
2015-10-04T00:00:00.000Z,1,45051.0,1,,,589.0,0.0
2015-10-03T00:00:00.000Z,1,45079.0,0,,,,0.0
2015-10-03T00:00:00.000Z,1,45051.0,2,8779.73,948.31,9429.0,8779.73
2015-10-03T00:00:00.000Z,1,45019.0,2,,,3082.0,0.0
2015-10-03T00:00:00.000Z,4,45041.0,4,,,960.0,0.0
2015-10-03T00:00:00.000Z,1,45035.0,0,1073.48,0.0,2073.0,1073.48
2015-10-03T00:00:00.000Z,1,45035.0,2,0.0,5934.63,,0.0
2015-10-04T00:00:00.000Z,1,45079.0,2,17206.34,2113.21,18706.0,17206.34
2015-10-04T00:00:00.000Z,11,45051.0,2,3081.92,0.0,6208.0,3081.92
2015-10-04T00:00:00.000Z,4,45079.0,0,32071.61,0.0,34072.0,32071.61
2015-10-03T00:00:00.000Z,11,45019.0,4,,,657.0,0.0
2015-10-04T00:00:00.000Z,1,45041.0,2,,,,0.0
2015-10-04T00:00:00.000Z,1,45035.0,2,7889.46,10330.26,8889.0,7889.46
2015-10-02T00:00:00.000Z,1,45035.0,0,,,,0.0
2015-10-04T00:00:00.000Z,1,45085.0,4,2948.91,0.0,7948.0,2948.91
2015-10-03T00:00:00.000Z,1,45029.0,4,25632.76,0.0,27633.0,25632.76
2015-10-23T00:00:00.000Z,1,45051.0,4,,,80.0,0.0
2015-10-04T00:00:00.000Z,2,45079.0,2,24200.0,27997.8,32974.0,24200.0
2015-09-20T00:00:00.000Z,1,45051.0,4,29806.79,18160.47,31057.0,29806.79
2015-10-07T00:00:00.000Z,1,45051.0,2,4888.05,0.0,5271.0,4888.05
2015-10-03T00:00:00.000Z,1,45019.0,4,,,5981.0,0.0
2015-10-02T00:00:00.000Z,11,45019.0,4,8911.44,0.0,8506.0,8911.44
2015-10-04T00:00:00.000Z,1,45079.0,2,35113.01,0.0,36363.0,35113.01
2015-10-01T00:00:00.000Z,1,45051.0,2,17976.17,0.0,18976.0,17976.17
2015-10-03T00:00:00.000Z,15,45019.0,4,48865.55,0.0,56711.0,48865.55
2015-10-05T00:00:00.000Z,2,45035.0,0,,,,0.0
2015-10-05T00:00:00.000Z,1,45085.0,0,,,,0.0
2015-10-02T00:00:00.000Z,1,45015.0,2,30268.13,3539.71,26336.0,30268.13
2015-10-02T00:00:00.000Z,1,45051.0,2,25324.2,10323.97,26574.0,25324.2
2015-10-03T00:00:00.000Z,1,45019.0,0,0.0,836.11,,0.0
2015-10-05T00:00:00.000Z,11,45019.0,4,1328.16,0.0,2578.0,1328.16
2015-10-04T00:00:00.000Z,1,45079.0,4,136923.74,39035.55,131091.0,136923.74
2015-10-04T00:00:00.000Z,1,45079.0,2,,,15714.0,0.0
2015-10-04T00:00:00.000Z,1,45063.0,2,42350.02,7294.53,36909.0,42350.02
2015-10-04T00:00:00.000Z,1,45019.0,2,12257.57,0.0,13085.0,12257.57
2015-10-03T00:00:00.000Z,1,45079.0,2,40980.71,10406.86,34766.0,40980.71
2015-10-03T00:00:00.000Z,1,45035.0,2,86374.11,29000.0,63199.0,86374.11
2015-10-03T00:00:00.000Z,11,45019.0,4,,,608.0,0.0
2015-10-02T00:00:00.000Z,1,45019.0,4,5341.91,0.0,5466.0,5341.91
2015-10-03T00:00:00.000Z,1,45029.0,0,,,,0.0
2015-10-08T00:00:00.000Z,1,45019.0,0,,,,0.0
2015-10-03T00:00:00.000Z,1,45015.0,4,24850.13,11573.39,26850.0,24850.13
2015-10-03T00:00:00.000Z,6,45079.0,4,121002.03,0.0,126002.0,121002.03
2015-10-03T00:00:00.000Z,1,45019.0,2,5838.72,0.0,7088.0,5838.72
2015-10-04T00:00:00.000Z,11,45019.0,4,,,1510.0,0.0
2015-10-05T00:00:00.000Z,1,45051.0,4,2731.2,0.0,4732.0,2731.2
2015-10-02T00:00:00.000Z,1,45019.0,4,5139.38,0.0,9139.0,5139.38
2015-10-03T00:00:00.000Z,11,45019.0,4,27629.88,0.0,29630.0,27629.88
2015-06-09T00:00:00.000Z,1,45013.0,0,,,,0.0
2015-10-03T00:00:00.000Z,1,45051.0,0,847.91,0.0,1969.0,847.91
2015-10-03T00:00:00.000Z,1,45019.0,0,,,,0.0
2015-10-04T00:00:00.000Z,1,45079.0,2,18951.5,0.0,22830.0,18951.5
2015-10-04T00:00:00.000Z,1,45079.0,2,31979.94,0.0,28948.0,31979.94
2015-10-04T00:00:00.000Z,1,45043.0,4,5252.39,862.0,6502.0,5252.39
2015-12-23T00:00:00.000Z,6,45029.0,2,,,473.0,0.0
2015-10-05T00:00:00.000Z,1,45051.0,2,15000.0,10130.09,18897.0,15000.0
2015-10-04T00:00:00.000Z,11,45043.0,4,662.71,0.0,1912.0,662.71
2015-10-03T00:00:00.000Z,1,45019.0,4,15301.72,0.0,17302.0,15301.72
2015-10-04T00:00:00.000Z,1,45019.0,4,,,2257.0,0.0
2015-10-04T00:00:00.000Z,11,45019.0,4,4429.09,0.0,6429.0,4429.09
2015-10-03T00:00:00.000Z,1,45019.0,2,8669.56,6648.85,9747.0,8669.56
2015-10-04T00:00:00.000Z,1,45051.0,1,1771.6,0.0,2542.0,1771.6
2015-10-03T00:00:00.000Z,1,45019.0,2,25000.0,35823.27,30602.0,25000.0
2015-10-04T00:00:00.000Z,15,45079.0,2,141500.0,0.0,177418.0,141500.0
2015-10-04T00:00:00.000Z,11,45063.0,2,94632.16,0.0,86867.0,94632.16
2015-05-09T00:00:00.000Z,2,45051.0,0,9289.59,0.0,14290.0,9289.59
2015-10-06T00:00:00.000Z,1,45043.0,2,77794.49,20000.0,79544.0,77794.49
2015-10-03T00:00:00.000Z,1,45079.0,4,27812.51,0.0,29313.0,27812.51
2015-10-03T00:00:00.000Z,1,45019.0,4,1686.76,0.0,6437.0,1686.76
2015-10-03T00:00:00.000Z,1,45043.0,0,8798.22,7100.0,10799.0,8798.22
2015-10-02T00:00:00.000Z,1,45051.0,2,18527.76,12331.24,19761.0,18527.76
2015-10-03T00:00:00.000Z,1,45051.0,A,3940.54,0.0,5191.0,3940.54
2015-10-04T00:00:00.000Z,11,45051.0,4,4348.63,0.0,4471.0,4348.63
2015-10-04T00:00:00.000Z,4,45019.0,4,16788.8,0.0,21788.0,16788.8
2015-10-03T00:00:00.000Z,1,45019.0,1,,,,0.0
2015-10-04T00:00:00.000Z,1,45035.0,2,18064.79,0.0,17501.0,18064.79
2015-10-04T00:00:00.000Z,11,45085.0,2,,,,0.0
2015-10-04T00:00:00.000Z,1,45079.0,4,,,413.0,0.0
2015-10-03T00:00:00.000Z,15,45043.0,2,17928.75,0.0,17685.0,17928.75
2015-10-04T00:00:00.000Z,18,45019.0,,,,,0.0
2015-10-03T00:00:00.000Z,1,45019.0,4,13484.57,0.0,11743.0,13484.57
2015-10-03T00:00:00.000Z,1,45019.0,4,6034.8,0.0,7685.0,6034.8
2015-10-03T00:00:00.000Z,1,45051.0,0,,,1532.0,0.0
2015-10-04T00:00:00.000Z,1,45043.0,0,,,,0.0
2015-10-04T00:00:00.000Z,3,45079.0,0,112922.39,0.0,114923.0,112922.39
2015-10-03T00:00:00.000Z,1,45043.0,,,,,0.0
2015-10-03T00:00:00.000Z,1,45051.0,4,3603.09,0.0,4441.0,3603.09
2015-10-04T00:00:00.000Z,11,45019.0,0,,,,0.0
2015-10-03T00:00:00.000Z,11,45063.0,2,14983.1,0.0,19983.0,14983.1
2015-10-08T00:00:00.000Z,1,45063.0,4,8175.82,0.0,11286.0,8175.82
2015-10-03T00:00:00.000Z,1,45035.0,2,49505.4,7494.98,47643.0,49505.4
2015-10-02T00:00:00.000Z,1,45019.0,4,,,1010.0,0.0
2015-10-03T00:00:00.000Z,13,45035.0,2,50000.0,0.0,64174.0,50000.0
2015-10-03T00:00:00.000Z,3,45051.0,4,23811.71,0.0,22269.0,23811.71
2015-10-08T00:00:00.000Z,1,45043.0,2,94712.24,20500.0,88681.0,94712.24
2015-10-04T00:00:00.000Z,11,45051.0,4,,,372.0,0.0
2015-10-04T00:00:00.000Z,1,45019.0,4,,,320.0,0.0
2015-10-04T00:00:00.000Z,11,45063.0,4,17872.89,0.0,20533.0,17872.89
2015-10-02T00:00:00.000Z,1,45043.0,0,,,,0.0
2015-10-02T00:00:00.000Z,2,45019.0,4,9571.55,0.0,14571.0,9571.55
2015-10-04T00:00:00.000Z,11,45063.0,2,5446.44,0.0,6446.0,5446.44
2015-10-06T00:00:00.000Z,1,45063.0,2,2691.82,0.0,4691.0,2691.82
2015-10-03T00:00:00.000Z,11,45019.0,2,2873.23,0.0,4635.0,2873.23
2015-10-04T00:00:00.000Z,6,45043.0,2,11154.85,0.0,12405.0,11154.85
2015-10-04T00:00:00.000Z,6,45027.0,2,35856.37,0.0,36856.0,35856.37
2015-10-04T00:00:00.000Z,1,45079.0,4,91000.0,0.0,88184.0,91000.0
2015-10-04T00:00:00.000Z,1,45063.0,2,28290.86,0.0,27734.0,28290.86
2015-10-04T00:00:00.000Z,1,45063.0,4,43943.2,0.0,45943.0,43943.2
2015-10-04T00:00:00.000Z,11,45079.0,4,10914.67,0.0,11423.0,10914.67
2015-10-03T00:00:00.000Z,3,45019.0,4,1487.87,0.0,2737.0,1487.87
2015-10-04T00:00:00.000Z,15,45019.0,2,4661.17,0.0,6661.0,4661.17
2015-10-03T00:00:00.000Z,11,45085.0,4,68466.83,0.0,64410.0,68466.83
2015-10-04T00:00:00.000Z,1,45019.0,4,25325.02,0.0,25244.0,25325.02
2015-10-03T00:00:00.000Z,1,45019.0,2,48703.89,16232.18,49704.0,48703.89
2015-10-02T00:00:00.000Z,1,45019.0,4,,,1121.0,0.0
2015-10-03T00:00:00.000Z,1,45063.0,2,16576.26,0.0,17576.0,16576.26
2015-10-03T00:00:00.000Z,1,45019.0,4,6178.82,0.0,7355.0,6178.82
2015-10-03T00:00:00.000Z,1,45019.0,4,4675.11,0.0,5629.0,4675.11
2015-10-03T00:00:00.000Z,1,45019.0,4,,,1537.0,0.0
2015-10-02T00:00:00.000Z,1,45051.0,4,,,1136.0,0.0
2015-10-18T00:00:00.000Z,1,45019.0,,,,,0.0
2015-10-03T00:00:00.000Z,2,45019.0,0,,,,0.0
2015-10-07T00:00:00.000Z,1,45083.0,4,2834.25,0.0,3834.0,2834.25
2015-10-03T00:00:00.000Z,1,45019.0,2,6481.27,0.0,7504.0,6481.27
2015-10-02T00:00:00.000Z,1,45019.0,4,8827.3,205.0,6167.0,8827.3
2015-10-04T00:00:00.000Z,1,45019.0,1,,,,0.0
2015-10-04T00:00:00.000Z,4,45051.0,1,0.0,19239.6,,0.0
2015-10-03T00:00:00.000Z,6,45019.0,0,,,,0.0
2015-10-02T00:00:00.000Z,1,45019.0,4,15777.72,4201.76,15693.0,15777.72
2015-10-05T00:00:00.000Z,3,45019.0,4,10606.11,0.0,10569.0,10606.11
2015-10-04T00:00:00.000Z,6,45013.0,,,,,0.0
2015-05-10T00:00:00.000Z,1,45051.0,1,4564.38,0.0,9564.0,4564.38
2015-10-04T00:00:00.000Z,1,45019.0,4,3161.7,0.0,5160.0,3161.7
2015-10-03T00:00:00.000Z,1,45075.0,4,16809.22,20697.05,16603.0,16809.22
2015-10-03T00:00:00.000Z,1,45035.0,4,21110.21,0.0,22360.0,21110.21
2015-11-09T00:00:00.000Z,1,45063.0,4,,,1157.0,0.0
2015-10-07T00:00:00.000Z,1,45043.0,4,3968.9,0.0,5218.0,3968.9
2015-10-03T00:00:00.000Z,11,45019.0,0,,,,0.0
2015-10-03T00:00:00.000Z,11,45043.0,4,1189.84,0.0,2296.0,1189.84
2015-10-03T00:00:00.000Z,1,45019.0,2,,,1532.0,0.0
2015-10-04T00:00:00.000Z,1,45079.0,4,56960.01,0.0,55304.0,56960.01
2015-10-03T00:00:00.000Z,1,45063.0,2,77444.58,12800.0,78944.0,77444.58
2015-10-04T00:00:00.000Z,1,45089.0,4,12392.28,0.0,12342.0,12392.28
2015-10-04T00:00:00.000Z,1,45051.0,2,,,1118.0,0.0
2015-10-03T00:00:00.000Z,11,45019.0,4,7984.23,0.0,8682.0,7984.23
2015-09-29T00:00:00.000Z,1,45019.0,4,5742.82,0.0,6990.0,5742.82
2015-10-03T00:00:00.000Z,1,45019.0,4,,,,0.0
2015-10-04T00:00:00.000Z,1,45019.0,4,4698.78,0.0,5948.0,4698.78
2015-10-31T00:00:00.000Z,1,45019.0,0,,,,0.0
2015-10-04T00:00:00.000Z,1,45075.0,4,,,1205.0,0.0
2015-10-05T00:00:00.000Z,1,45051.0,2,36909.18,17526.64,35122.0,36909.18
2015-10-04T00:00:00.000Z,1,45063.0,2,4456.88,0.0,5707.0,4456.88
2015-10-04T00:00:00.000Z,1,45063.0,2,47500.0,23400.0,87500.0,47500.0
2015-10-03T00:00:00.000Z,1,45019.0,4,21165.07,0.0,26165.0,21165.07
2015-10-02T00:00:00.000Z,1,45043.0,2,58261.04,4846.03,55752.0,58261.04
2015-10-02T00:00:00.000Z,1,45051.0,0,,,,0.0
2015-10-05T00:00:00.000Z,1,45051.0,4,33980.21,7057.15,31609.0,33980.21
2015-10-02T00:00:00.000Z,1,45019.0,4,666.15,0.0,1860.0,666.15
2015-12-05T00:00:00.000Z,1,45019.0,0,,,,0.0
2015-10-04T00:00:00.000Z,11,45019.0,2,7218.16,0.0,8481.0,7218.16
2015-10-03T00:00:00.000Z,1,45019.0,4,24783.77,0.0,23240.0,24783.77
2015-10-03T00:00:00.000Z,11,45019.0,4,,,787.0,0.0
2015-10-15T00:00:00.000Z,11,45051.0,0,,,,0.0
2015-10-03T00:00:00.000Z,11,45075.0,4,,,3073.0,0.0
2015-10-04T00:00:00.000Z,1,45019.0,4,7268.47,0.0,9243.0,7268.47
2015-10-02T00:00:00.000Z,1,45019.0,4,,,,0.0
2015-09-06T00:00:00.000Z,11,45013.0,0,,,,0.0
2015-10-03T00:00:00.000Z,1,45019.0,0,5506.3,0.0,6757.0,5506.3
2015-10-04T00:00:00.000Z,1,45063.0,2,,,140.0,0.0
2015-10-03T00:00:00.000Z,1,45035.0,4,1208.98,0.0,2452.0,1208.98
2015-10-04T00:00:00.000Z,11,45043.0,4,,,1239.0,0.0
2015-10-03T00:00:00.000Z,1,45075.0,4,70829.94,0.0,72329.0,70829.94
2015-10-28T00:00:00.000Z,1,45051.0,0,7120.76,0.0,9121.0,7120.76
2015-10-03T00:00:00.000Z,1,45019.0,4,4557.42,0.0,6995.0,4557.42
2015-10-07T00:00:00.000Z,11,45043.0,2,36685.14,0.0,35357.0,36685.14
2015-10-04T00:00:00.000Z,11,45051.0,4,,,,0.0
2015-10-04T00:00:00.000Z,6,45019.0,,,,,0.0
2015-10-01T00:00:00.000Z,1,45051.0,1,24313.57,3122.01,26313.0,24313.57
2015-10-03T00:00:00.000Z,1,45019.0,4,32511.16,0.0,30485.0,32511.16
2015-10-05T00:00:00.000Z,1,45079.0,4,83055.62,5000.0,93695.0,83055.62
2015-10-03T00:00:00.000Z,1,45019.0,0,,,,0.0
2015-10-03T00:00:00.000Z,11,45019.0,4,13565.25,0.0,12109.0,13565.25
2015-10-08T00:00:00.000Z,1,45035.0,4,,,944.0,0.0
2015-10-04T00:00:00.000Z,1,45079.0,4,174011.1,0.0,157711.0,174011.1
2015-10-01T00:00:00.000Z,1,45019.0,4,,,,0.0
2015-10-04T00:00:00.000Z,1,45041.0,4,7933.61,4013.3,7465.0,7933.61
2015-10-04T00:00:00.000Z,1,45063.0,0,,,,0.0
2015-10-02T00:00:00.000Z,1,45063.0,2,8735.37,7552.0,8871.0,8735.37
2015-10-01T00:00:00.000Z,1,45019.0,1,,,3256.0,0.0
2015-12-31T00:00:00.000Z,11,45039.0,2,517.62,0.0,1768.0,517.62
2015-10-03T00:00:00.000Z,11,45019.0,2,11859.29,0.0,11092.0,11859.29
2015-10-03T00:00:00.000Z,1,45079.0,4,240000.0,40000.0,229042.0,240000.0
2015-10-03T00:00:00.000Z,11,45019.0,0,2678.92,0.0,7679.0,2678.92
2015-10-08T00:00:00.000Z,11,45019.0,4,,,389.0,0.0
2015-10-05T00:00:00.000Z,1,45027.0,4,42853.25,0.0,43853.0,42853.25
2015-10-03T00:00:00.000Z,11,45079.0,2,9354.11,0.0,5991.0,9354.11
2015-10-04T00:00:00.000Z,1,45063.0,2,44681.4,2758.46,43789.0,44681.4
2015-10-09T00:00:00.000Z,1,45051.0,0,,,1096.0,0.0
2015-10-03T00:00:00.000Z,1,45035.0,4,21489.38,0.0,22739.0,21489.38
2015-10-04T00:00:00.000Z,1,45079.0,2,55317.25,0.0,54957.0,55317.25
2015-10-03T00:00:00.000Z,15,45051.0,4,5665.03,0.0,7541.0,5665.03
2015-10-03T00:00:00.000Z,12,45019.0,4,15762.72,0.0,17762.0,15762.72
2015-10-03T00:00:00.000Z,11,45019.0,4,6512.58,0.0,11513.0,6512.58
2015-10-03T00:00:00.000Z,3,45043.0,4,12512.32,0.0,13635.0,12512.32
2015-10-03T00:00:00.000Z,1,45019.0,2,,,,0.0
2015-10-04T00:00:00.000Z,1,45019.0,4,,,2504.0,0.0
2015-10-03T00:00:00.000Z,11,45019.0,4,10711.79,714.3,11961.0,10711.79
2015-10-04T00:00:00.000Z,11,45085.0,4,68557.22,0.0,62740.0,68557.22
2015-11-04T00:00:00.000Z,1,45033.0,4,4085.58,0.0,4854.0,4085.58
2015-10-04T00:00:00.000Z,1,45019.0,4,344.82,0.0,3344.0,344.82
2015-10-04T00:00:00.000Z,1,45079.0,4,109171.89,0.0,106916.0,109171.89
2015-10-03T00:00:00.000Z,1,45019.0,0,,,,0.0
2015-08-31T00:00:00.000Z,1,45019.0,4,11716.03,0.0,12716.0,11716.03
2015-10-03T00:00:00.000Z,1,45019.0,4,34418.94,0.0,31764.0,34418.94
2015-10-04T00:00:00.000Z,15,45043.0,,,,,0.0
2015-10-04T00:00:00.000Z,11,45019.0,2,62268.17,11550.1,60611.0,62268.17
2015-10-04T00:00:00.000Z,11,45019.0,1,1771.2,0.0,3021.0,1771.2
2015-10-03T00:00:00.000Z,11,45015.0,0,,,1228.0,0.0
2015-10-04T00:00:00.000Z,18,45019.0,,,,,0.0
2015-10-03T00:00:00.000Z,1,45063.0,2,3188.02,0.0,4438.0,3188.02
2015-10-03T00:00:00.000Z,1,45019.0,4,11089.92,0.0,12462.0,11089.92
2015-10-03T00:00:00.000Z,1,45079.0,2,,,,0.0
2015-10-04T00:00:00.000Z,12,45019.0,0,,,,0.0
2015-10-03T00:00:00.000Z,11,45019.0,4,1114.2,0.0,5702.0,1114.2
2015-10-02T00:00:00.000Z,1,45051.0,4,9596.64,0.0,9318.0,9596.64
2015-10-04T00:00:00.000Z,1,45051.0,,,,,0.0
2015-10-04T00:00:00.000Z,1,45019.0,2,80724.51,53049.4,72832.0,80724.51
2015-01-17T00:00:00.000Z,1,45013.0,0,,,,0.0
2015-10-02T00:00:00.000Z,11,45035.0,2,4590.1,0.0,5784.0,4590.1
2015-10-02T00:00:00.000Z,1,45051.0,4,47305.17,11525.6,45280.0,47305.17
2015-10-03T00:00:00.000Z,1,45019.0,4,11992.19,0.0,12659.0,11992.19
2015-10-03T00:00:00.000Z,13,45019.0,4,1546.24,0.0,2796.0,1546.24
2015-10-03T00:00:00.000Z,1,45019.0,4,,,891.0,0.0
2015-10-04T00:00:00.000Z,1,45035.0,4,20078.0,4544.99,19563.0,20078.0
2015-10-03T00:00:00.000Z,11,45079.0,2,59577.16,4742.53,54921.0,59577.16
2015-10-02T00:00:00.000Z,1,45019.0,4,15281.46,0.0,14536.0,15281.46
2015-10-02T00:00:00.000Z,1,45019.0,4,7664.73,6205.55,8197.0,7664.73
2015-10-20T00:00:00.000Z,1,45019.0,2,5917.09,0.0,7128.0,5917.09
2015-10-03T00:00:00.000Z,1,45035.0,0,,,,0.0
2015-10-02T00:00:00.000Z,3,45051.0,0,,,,0.0
2015-10-04T00:00:00.000Z,11,45061.0,4,,,466.0,0.0
2015-10-05T00:00:00.000Z,1,45063.0,0,,,,0.0
2015-10-04T00:00:00.000Z,1,45019.0,4,3205.33,0.0,3884.0,3205.33
2015-10-04T00:00:00.000Z,1,45063.0,2,16857.85,0.0,19857.0,16857.85
2015-10-04T00:00:00.000Z,1,45043.0,0,,,,0.0
2015-10-05T00:00:00.000Z,1,45051.0,4,2346.5,0.0,3482.0,2346.5
2015-10-05T00:00:00.000Z,1,45085.0,4,44646.78,0.0,49647.0,44646.78
2015-10-05T00:00:00.000Z,1,45051.0,2,,,,0.0
2015-10-03T00:00:00.000Z,11,45063.0,2,13178.96,0.0,12998.0,13178.96
2015-05-13T00:00:00.000Z,1,45051.0,4,13570.93,732.74,15570.0,13570.93
2015-11-16T00:00:00.000Z,1,45019.0,4,,,4443.0,0.0
2015-10-04T00:00:00.000Z,11,45079.0,4,149147.72,0.0,143344.0,149147.72
2015-10-04T00:00:00.000Z,11,45063.0,4,2659.42,0.0,7659.0,2659.42
2015-10-04T00:00:00.000Z,11,45051.0,1,2075.66,0.0,2964.0,2075.66
2015-10-03T00:00:00.000Z,1,45051.0,4,17033.44,2318.3,18033.0,17033.44
2015-10-04T00:00:00.000Z,1,45051.0,2,4181.38,0.0,5029.0,4181.38
2015-10-04T00:00:00.000Z,18,45071.0,4,68754.2,8848.65,70754.0,68754.2
2015-10-02T00:00:00.000Z,4,45043.0,4,21983.59,3065.9,23983.0,21983.59
2015-10-03T00:00:00.000Z,1,45019.0,4,16502.54,0.0,18503.0,16502.54
2015-10-03T00:00:00.000Z,1,45019.0,4,0.0,692.45,1033.0,0.0
2015-10-06T00:00:00.000Z,1,45019.0,4,9658.23,0.0,9403.0,9658.23
2015-10-03T00:00:00.000Z,1,45019.0,4,61034.87,0.0,57124.0,61034.87
2015-10-04T00:00:00.000Z,1,45079.0,2,2228.04,2104.32,3041.0,2228.04
2015-10-03T00:00:00.000Z,11,45019.0,2,10746.28,0.0,10584.0,10746.28
2015-10-05T00:00:00.000Z,1,45051.0,0,,,,0.0
2015-10-04T00:00:00.000Z,1,45079.0,4,67222.67,26918.06,62980.0,67222.67
2015-10-04T00:00:00.000Z,13,45019.0,4,1785.56,0.0,3035.0,1785.56
2015-10-04T00:00:00.000Z,1,45079.0,4,9305.59,0.0,8751.0,9305.59
2015-10-02T00:00:00.000Z,11,45019.0,4,75733.6,26721.91,61703.0,75733.6
2015-10-02T00:00:00.000Z,11,45019.0,4,6021.31,0.0,5961.0,6021.31
2015-10-04T00:00:00.000Z,4,45079.0,2,37340.62,50000.0,38590.0,37340.62
2015-10-03T00:00:00.000Z,1,45019.0,,,,,0.0
2015-10-03T00:00:00.000Z,1,45019.0,2,7040.5,0.0,7205.0,7040.5
2015-08-31T00:00:00.000Z,1,45019.0,2,27051.43,5483.93,25465.0,27051.43
2015-10-01T00:00:00.000Z,1,45035.0,4,23232.93,0.0,21855.0,23232.93
2015-10-04T00:00:00.000Z,1,45051.0,4,38574.6,4871.23,35928.0,38574.6
2015-10-02T00:00:00.000Z,11,45035.0,0,,,,0.0
2015-10-04T00:00:00.000Z,6,45075.0,,,,,0.0
2015-10-04T00:00:00.000Z,6,45079.0,4,93069.48,0.0,94319.0,93069.48
2015-10-03T00:00:00.000Z,1,45019.0,1,,,1901.0,0.0
2015-10-04T00:00:00.000Z,11,45019.0,0,8449.07,0.0,9450.0,8449.07
2015-10-04T00:00:00.000Z,1,45063.0,4,11100.3,0.0,10967.0,11100.3
2015-10-01T00:00:00.000Z,1,45079.0,,,,,0.0
2015-10-03T00:00:00.000Z,1,45063.0,2,52274.48,0.0,49148.0,52274.48
2015-10-02T00:00:00.000Z,1,45041.0,4,11802.11,0.0,11456.0,11802.11
2015-10-03T00:00:00.000Z,1,45019.0,1,,,1197.0,0.0
2015-10-03T00:00:00.000Z,1,45035.0,4,,,,0.0
2015-10-04T00:00:00.000Z,1,45019.0,4,13750.2,0.0,15750.0,13750.2
2015-10-04T00:00:00.000Z,1,45079.0,4,17855.59,0.0,18254.0,17855.59
2015-10-03T00:00:00.000Z,1,45019.0,0,,,,0.0
2015-10-03T00:00:00.000Z,1,45079.0,4,4390.16,0.0,14391.0,4390.16
2015-10-04T00:00:00.000Z,1,45051.0,1,45741.13,41423.3,42071.0,45741.13
2015-10-03T00:00:00.000Z,1,45019.0,4,0.0,13053.02,780.0,0.0
2015-10-03T00:00:00.000Z,1,45019.0,2,15652.87,3927.15,19256.0,15652.87
2015-10-04T00:00:00.000Z,1,45079.0,4,187105.29,0.0,167900.0,187105.29
2015-10-04T00:00:00.000Z,11,45019.0,4,3715.98,0.0,4966.0,3715.98
2015-10-06T00:00:00.000Z,1,45051.0,4,,,799.0,0.0
2015-10-05T00:00:00.000Z,2,45085.0,4,34664.64,0.0,36665.0,34664.64
2015-10-04T00:00:00.000Z,1,45019.0,4,21795.99,0.0,25851.0,21795.99
2015-10-05T00:00:00.000Z,1,45041.0,0,3169.62,0.0,4170.0,3169.62
2015-10-04T00:00:00.000Z,1,45063.0,2,66179.56,0.0,60757.0,66179.56
2015-10-05T00:00:00.000Z,11,45043.0,2,33600.91,0.0,35600.0,33600.91
2015-10-03T00:00:00.000Z,1,45079.0,2,,,,0.0
2015-10-04T00:00:00.000Z,1,45015.0,4,1472.69,0.0,3473.0,1472.69
2015-10-04T00:00:00.000Z,1,45051.0,4,3700.0,2171.2,5530.0,3700.0
2015-10-03T00:00:00.000Z,11,45043.0,4,11736.61,0.0,16737.0,11736.61
2015-10-04T00:00:00.000Z,1,45051.0,2,76781.51,23894.16,68210.0,76781.51
2015-10-03T00:00:00.000Z,1,45079.0,2,1774.7,0.0,2916.0,1774.7
2015-10-03T00:00:00.000Z,11,45019.0,4,21137.57,1192.77,21428.0,21137.57
2015-10-04T00:00:00.000Z,1,45019.0,4,,,52.0,0.0
2015-10-27T00:00:00.000Z,4,45019.0,1,4018.69,0.0,9018.0,4018.69
2015-10-02T00:00:00.000Z,1,45051.0,0,38466.75,16571.16,39717.0,38466.75
2015-10-04T00:00:00.000Z,1,45019.0,4,6341.37,0.0,8341.0,6341.37
2015-10-02T00:00:00.000Z,1,45019.0,4,,,1332.0,0.0
2015-09-21T00:00:00.000Z,2,45079.0,4,30855.03,0.0,35855.0,30855.03
2015-10-03T00:00:00.000Z,1,45035.0,4,,,,0.0
2015-10-03T00:00:00.000Z,18,45051.0,1,,,941.0,0.0
2015-10-03T00:00:00.000Z,1,45063.0,4,39708.29,18426.55,40687.0,39708.29
2015-10-27T00:00:00.000Z,1,45013.0,4,,,589.0,0.0
2015-10-05T00:00:00.000Z,1,45051.0,4,6112.06,0.0,6562.0,6112.06
2015-10-05T00:00:00.000Z,11,45043.0,2,10182.8,0.0,8819.0,10182.8
2015-10-02T00:00:00.000Z,1,45019.0,4,,,1170.0,0.0
2015-10-19T00:00:00.000Z,1,45019.0,4,,,1785.0,0.0
2015-10-04T00:00:00.000Z,1,45019.0,4,,,2991.0,0.0
2015-10-05T00:00:00.000Z,1,45051.0,1,,,790.0,0.0
2015-10-04T00:00:00.000Z,1,45043.0,1,1558.65,0.0,6558.0,1558.65
2015-10-06T00:00:00.000Z,11,45079.0,2,5189.69,0.0,6053.0,5189.69
2015-10-02T00:00:00.000Z,11,45019.0,4,9185.98,0.0,5725.0,9185.98
2015-10-04T00:00:00.000Z,11,45079.0,2,2052.48,0.0,3052.0,2052.48
2015-10-01T00:00:00.000Z,11,45019.0,0,,,,0.0
2015-10-05T00:00:00.000Z,11,45035.0,0,,,603.0,0.0
2015-10-01T00:00:00.000Z,11,45045.0,,,,,0.0
2015-10-04T00:00:00.000Z,3,45079.0,0,168426.54,0.0,170427.0,168426.54
2015-10-03T00:00:00.000Z,1,45063.0,4,9789.9,0.0,9697.0,9789.9
2015-12-31T00:00:00.000Z,1,45055.0,2,29747.93,0.0,32491.0,29747.93
2015-10-03T00:00:00.000Z,11,45019.0,1,35061.31,0.0,40061.0,35061.31
2015-10-03T00:00:00.000Z,1,45079.0,0,,,,0.0
2015-10-03T00:00:00.000Z,1,45085.0,0,5432.88,0.0,5783.0,5432.88
2015-10-04T00:00:00.000Z,11,45019.0,4,10294.65,0.0,15294.0,10294.65
2015-10-05T00:00:00.000Z,11,45035.0,2,39699.37,0.0,39425.0,39699.37
2015-10-04T00:00:00.000Z,1,45085.0,4,10308.35,0.0,10247.0,10308.35
2015-08-07T00:00:00.000Z,1,45019.0,0,,,369.0,0.0
2015-10-04T00:00:00.000Z,1,45063.0,2,112288.85,0.0,103698.0,112288.85
2015-10-05T00:00:00.000Z,1,45019.0,4,7238.22,0.0,7917.0,7238.22
2015-10-04T00:00:00.000Z,16,45019.0,0,34813.22,9056.51,36064.0,34813.22
2015-10-03T00:00:00.000Z,11,45019.0,4,30455.77,8944.9,29012.0,30455.77
2015-10-03T00:00:00.000Z,11,45019.0,0,,,682.0,0.0
2015-10-04T00:00:00.000Z,1,45051.0,4,4213.93,0.0,5713.0,4213.93
2015-10-04T00:00:00.000Z,1,45063.0,2,5520.18,0.0,7020.0,5520.18
2015-10-01T00:00:00.000Z,1,45019.0,4,2703.95,0.0,2624.0,2703.95
2015-10-03T00:00:00.000Z,1,45019.0,4,,,1373.0,0.0
2015-10-02T00:00:00.000Z,1,45019.0,4,38858.91,10883.24,40421.0,38858.91
2015-10-03T00:00:00.000Z,1,45019.0,0,2939.1,0.0,3940.0,2939.1
2015-10-04T00:00:00.000Z,1,45079.0,2,0.0,0.0,,0.0
2015-10-03T00:00:00.000Z,12,45019.0,4,40374.71,0.0,42374.0,40374.71
2015-10-04T00:00:00.000Z,1,45051.0,2,6348.06,0.0,6930.0,6348.06
2015-10-03T00:00:00.000Z,12,45019.0,1,17242.92,6904.98,19242.0,17242.92
2015-11-06T00:00:00.000Z,12,45019.0,4,4295.61,0.0,5546.0,4295.61
2015-10-03T00:00:00.000Z,11,45019.0,4,,,,0.0
2015-10-04T00:00:00.000Z,11,45079.0,0,,,,0.0
2015-10-04T00:00:00.000Z,1,45079.0,2,8284.53,0.0,10206.0,8284.53
2015-10-03T00:00:00.000Z,1,45019.0,4,1775.79,0.0,2533.0,1775.79
2015-10-04T00:00:00.000Z,1,45063.0,2,3206.65,0.0,8206.0,3206.65
2015-10-03T00:00:00.000Z,1,45085.0,4,10065.33,0.0,11065.0,10065.33
2015-10-16T00:00:00.000Z,11,45043.0,0,,,,0.0
2015-10-04T00:00:00.000Z,1,45043.0,4,4539.02,0.0,5789.0,4539.02
2015-10-05T00:00:00.000Z,2,45035.0,0,,,,0.0
2015-10-05T00:00:00.000Z,1,45043.0,2,151000.0,0.0,154925.0,151000.0
2015-10-05T00:00:00.000Z,3,45035.0,0,,,,0.0
2015-10-05T00:00:00.000Z,1,45019.0,4,36082.37,0.0,34969.0,36082.37
2015-10-04T00:00:00.000Z,1,45063.0,0,,,,0.0
2015-11-02T00:00:00.000Z,1,45019.0,0,,,,0.0
2015-10-30T00:00:00.000Z,1,45019.0,4,,,,0.0
2015-08-31T00:00:00.000Z,1,45019.0,4,19826.18,1564.77,23826.0,19826.18
2015-10-03T00:00:00.000Z,1,45079.0,0,,,,0.0
2015-10-03T00:00:00.000Z,11,45019.0,2,8668.07,0.0,9467.0,8668.07
2015-09-03T00:00:00.000Z,1,45051.0,4,8484.5,0.0,9696.0,8484.5
2015-10-04T00:00:00.000Z,6,45013.0,,,,,0.0
2015-10-03T00:00:00.000Z,1,45019.0,2,7179.04,0.0,7474.0,7179.04
2015-10-03T00:00:00.000Z,11,45035.0,4,31675.98,13154.4,28903.0,31675.98
2015-10-04T00:00:00.000Z,1,45063.0,2,20868.28,0.0,22118.0,20868.28
2015-10-03T00:00:00.000Z,1,45051.0,4,15739.89,0.0,20740.0,15739.89
2015-10-02T00:00:00.000Z,11,45051.0,0,42674.5,14275.98,43925.0,42674.5
2015-10-04T00:00:00.000Z,1,45051.0,4,8918.64,0.0,13493.0,8918.64
2015-10-04T00:00:00.000Z,1,45063.0,4,56100.29,0.0,52405.0,56100.29
2015-10-03T00:00:00.000Z,11,45019.0,4,4339.97,0.0,5779.0,4339.97
2015-10-04T00:00:00.000Z,6,45019.0,,,,,0.0
2015-10-03T00:00:00.000Z,1,45043.0,4,0.0,4755.52,348.0,0.0
2015-10-07T00:00:00.000Z,2,45019.0,4,,,1114.0,0.0
2015-10-05T00:00:00.000Z,11,45035.0,4,9828.33,36800.0,10828.0,9828.33
2015-10-04T00:00:00.000Z,1,45043.0,4,6713.84,0.0,7907.0,6713.84
2015-10-05T00:00:00.000Z,1,45019.0,4,18223.38,0.0,16879.0,18223.38
2015-10-03T00:00:00.000Z,11,45019.0,4,27357.74,9605.51,25526.0,27357.74
2015-10-02T00:00:00.000Z,1,45019.0,4,1770.66,0.0,3020.0,1770.66
2015-10-23T00:00:00.000Z,1,45051.0,4,,,759.0,0.0
2015-10-03T00:00:00.000Z,1,45019.0,0,,,,0.0
2015-10-15T00:00:00.000Z,1,45035.0,0,,,,0.0
2015-10-05T00:00:00.000Z,11,45035.0,2,79990.08,0.0,77226.0,79990.08
2015-08-27T00:00:00.000Z,1,45013.0,4,21758.94,0.0,26161.0,21758.94
2015-10-04T00:00:00.000Z,11,45015.0,4,,,326.0,0.0
2015-10-09T00:00:00.000Z,1,45019.0,A,,,1016.0,0.0
2015-10-04T00:00:00.000Z,11,45043.0,4,6469.43,5756.23,6529.0,6469.43
2015-10-04T00:00:00.000Z,1,45063.0,2,12704.5,0.0,17704.0,12704.5
2015-10-04T00:00:00.000Z,11,45029.0,4,17045.91,7602.12,18295.0,17045.91
2015-10-05T00:00:00.000Z,11,45019.0,1,20346.88,0.0,14266.0,10173.44
2015-10-03T00:00:00.000Z,1,45019.0,4,,,1114.0,0.0
2015-10-03T00:00:00.000Z,1,45019.0,4,25472.83,8222.2,24536.0,25472.83
2015-10-02T00:00:00.000Z,18,45019.0,4,,,15436.0,0.0
2015-10-02T00:00:00.000Z,1,45079.0,4,2863.11,0.0,4363.0,2863.11
2015-10-01T00:00:00.000Z,2,45043.0,0,,,,0.0
2015-10-04T00:00:00.000Z,4,45027.0,4,10000.0,8000.0,,0.0
2015-10-04T00:00:00.000Z,6,,,,,,0.0
2015-10-04T00:00:00.000Z,3,45079.0,0,112714.25,0.0,114715.0,112714.25
2015-10-03T00:00:00.000Z,1,45019.0,4,,,1058.0,0.0
2015-10-04T00:00:00.000Z,11,45019.0,0,,,,0.0
2015-10-04T00:00:00.000Z,6,45051.0,4,,,,0.0
2015-10-03T00:00:00.000Z,1,45013.0,4,23667.16,4934.3,24917.0,23667.16
2015-10-05T00:00:00.000Z,1,45019.0,4,39305.53,2883.15,37028.0,39305.53
2015-10-02T00:00:00.000Z,11,45019.0,2,13349.99,0.0,13476.0,13349.99
2015-10-04T00:00:00.000Z,1,45051.0,0,7150.34,0.0,8151.0,7150.34
2015-10-01T00:00:00.000Z,11,45051.0,4,2473.81,0.0,3474.0,2473.81
2015-10-02T00:00:00.000Z,1,45051.0,1,,,1079.0,0.0
2015-11-03T00:00:00.000Z,1,45019.0,0,,,,0.0
2015-10-04T00:00:00.000Z,11,45045.0,4,742.74,0.0,1743.0,742.74
2015-10-05T00:00:00.000Z,1,45019.0,4,9699.48,0.0,14700.0,9699.48
2015-10-03T00:00:00.000Z,1,45019.0,4,8862.3,0.0,9095.0,8862.3
2015-10-03T00:00:00.000Z,1,45019.0,4,17403.36,0.0,18653.0,17403.36
2015-10-03T00:00:00.000Z,11,45019.0,4,15417.07,3196.14,17417.0,15417.07
2015-10-05T00:00:00.000Z,11,45051.0,1,35871.69,0.0,31800.0,35871.69
2015-10-03T00:00:00.000Z,1,45063.0,4,,,195.0,0.0
2015-10-04T00:00:00.000Z,1,45079.0,2,180575.58,93092.07,166718.0,180575.58
2015-10-03T00:00:00.000Z,1,45015.0,2,14536.76,0.0,14531.0,14536.76
2015-10-05T00:00:00.000Z,2,45035.0,0,,,,0.0
2015-10-03T00:00:00.000Z,1,45019.0,4,,,1880.0,0.0
2015-10-03T00:00:00.000Z,1,45079.0,4,686.0,0.0,1456.0,686.0
2015-10-06T00:00:00.000Z,11,45063.0,2,14793.04,0.0,14836.0,14793.04
2015-10-01T00:00:00.000Z,11,45019.0,0,,,,0.0
2015-10-02T00:00:00.000Z,11,45019.0,4,5320.93,0.0,5573.0,5320.93
2015-10-03T00:00:00.000Z,1,45041.0,0,1171.91,0.0,2422.0,1171.91
2015-10-04T00:00:00.000Z,11,45079.0,4,97600.0,20200.0,147674.0,97600.0
2015-10-05T00:00:00.000Z,1,45085.0,4,,,61965.0,0.0
2015-10-05T00:00:00.000Z,1,45019.0,4,722.27,0.0,1972.0,722.27
2015-10-04T00:00:00.000Z,1,45019.0,1,,,89.0,0.0
2015-09-30T00:00:00.000Z,1,45041.0,2,,,,0.0
2015-10-27T00:00:00.000Z,1,45013.0,2,21222.7,0.0,19981.0,21222.7
2015-10-06T00:00:00.000Z,1,45041.0,4,76000.0,0.0,76000.0,76000.0
2015-10-02T00:00:00.000Z,11,45051.0,4,37623.64,0.0,35481.0,37623.64
2015-10-04T00:00:00.000Z,11,45079.0,0,250000.0,0.0,255000.0,250000.0
2015-10-09T00:00:00.000Z,1,45051.0,4,6077.5,3853.4,7077.0,6077.5
2015-10-03T00:00:00.000Z,1,45035.0,4,500.6,0.0,1750.0,500.6
2015-10-03T00:00:00.000Z,18,45079.0,4,,,4846.0,0.0
2015-10-03T00:00:00.000Z,1,45019.0,4,,,1956.0,0.0
2015-10-04T00:00:00.000Z,11,45079.0,4,107940.4,0.0,97857.0,107940.4
2015-11-19T00:00:00.000Z,18,45057.0,2,4613.94,0.0,5614.0,4613.94
2015-10-04T00:00:00.000Z,16,45051.0,4,,,,0.0
2015-10-05T00:00:00.000Z,2,45035.0,0,,,,0.0
2015-10-04T00:00:00.000Z,11,45035.0,4,134.51,26572.07,5000.0,134.51
2015-10-03T00:00:00.000Z,11,45019.0,0,10797.31,0.0,11000.0,10797.31
2015-10-04T00:00:00.000Z,1,45085.0,,,,,0.0
2015-10-05T00:00:00.000Z,11,45063.0,0,,,,0.0
2015-10-03T00:00:00.000Z,11,45041.0,2,14575.42,0.0,14488.0,14575.42
2015-10-05T00:00:00.000Z,1,45035.0,4,18169.87,0.0,19170.0,18169.87
2015-10-03T00:00:00.000Z,1,45019.0,4,54086.31,17557.47,59086.0,54086.31
2015-10-04T00:00:00.000Z,11,45051.0,2,4933.0,0.0,6826.0,4933.0
2015-10-03T00:00:00.000Z,1,45019.0,4,,,1482.0,0.0
2015-10-08T00:00:00.000Z,1,45043.0,2,117607.23,0.0,111233.0,117607.23
2015-10-03T00:00:00.000Z,15,45019.0,2,3945.9,0.0,6302.0,3945.9
2015-10-03T00:00:00.000Z,11,45019.0,4,10038.76,0.0,10571.0,10038.76
2015-10-01T00:00:00.000Z,1,45035.0,0,,,,0.0
2015-10-04T00:00:00.000Z,1,45019.0,4,,,2996.0,0.0
2015-10-03T00:00:00.000Z,1,45019.0,4,19888.5,0.0,21888.0,19888.5
2015-10-02T00:00:00.000Z,11,45043.0,2,27232.2,0.0,22776.0,27232.2
2015-10-05T00:00:00.000Z,6,45079.0,2,71448.68,0.0,81448.0,71448.68
2015-10-05T00:00:00.000Z,11,45029.0,2,6544.95,0.0,8544.0,6544.95
2015-10-04T00:00:00.000Z,1,45051.0,0,18333.67,5687.33,20334.0,18333.67
2015-10-04T00:00:00.000Z,11,45079.0,4,16924.93,0.0,13393.0,16924.93
2015-10-02T00:00:00.000Z,11,45019.0,4,703.78,0.0,1954.0,703.78
2015-10-03T00:00:00.000Z,11,45019.0,4,19506.56,0.0,15969.0,19506.56
2015-10-04T00:00:00.000Z,1,45015.0,2,34978.49,0.0,32168.0,34978.49
2015-10-04T00:00:00.000Z,1,45079.0,2,249829.91,100000.0,166666.0,249829.91
2015-10-03T00:00:00.000Z,11,45035.0,4,2987.84,0.0,3986.0,2987.84
2015-10-04T00:00:00.000Z,1,45019.0,2,30783.52,0.0,32719.0,30783.52
2015-10-16T00:00:00.000Z,1,45063.0,2,3808.66,0.0,8808.0,3808.66
2015-10-04T00:00:00.000Z,1,45079.0,4,43191.36,0.0,48751.0,43191.36
2015-10-04T00:00:00.000Z,1,45063.0,2,83630.74,0.0,79404.0,83630.74
2015-10-04T00:00:00.000Z,1,45079.0,2,957.67,0.0,5208.0,957.67
2015-10-04T00:00:00.000Z,1,45019.0,4,303.16,0.0,3303.0,303.16
2015-10-05T00:00:00.000Z,11,45051.0,,,,,0.0
2015-10-03T00:00:00.000Z,11,45019.0,4,13580.48,0.0,12667.0,13580.48
2015-10-02T00:00:00.000Z,11,45019.0,4,36328.87,0.0,34330.0,36328.87
2015-10-16T00:00:00.000Z,1,45051.0,4,,,,0.0
2015-10-03T00:00:00.000Z,11,45019.0,4,11615.54,0.0,12865.0,11615.54
2015-10-04T00:00:00.000Z,2,45019.0,4,26361.02,0.0,28361.0,26361.02
2015-08-30T00:00:00.000Z,3,45019.0,4,111222.24,0.0,112472.0,111222.24
2015-10-04T00:00:00.000Z,18,45043.0,4,,,0.0,0.0
2015-10-04T00:00:00.000Z,18,45085.0,4,132269.72,0.0,133519.0,132269.72
2015-10-04T00:00:00.000Z,1,45019.0,4,32532.88,0.0,34533.0,32532.88
2015-10-04T00:00:00.000Z,1,45015.0,4,,,99.0,0.0
2015-10-04T00:00:00.000Z,11,45019.0,4,3502.22,0.0,4176.0,3502.22
2015-10-03T00:00:00.000Z,12,45019.0,2,9038.92,0.0,11039.0,9038.92
2015-10-04T00:00:00.000Z,1,45019.0,4,3669.8,0.0,4498.0,3669.8
2015-05-17T00:00:00.000Z,1,45019.0,0,,,,0.0
2015-10-04T00:00:00.000Z,11,45079.0,4,,,73.0,0.0
2015-10-04T00:00:00.000Z,1,45085.0,2,2715.72,0.0,4716.0,2715.72
2015-10-04T00:00:00.000Z,1,45063.0,4,,,1749.0,0.0
2015-10-04T00:00:00.000Z,2,45079.0,4,14540.62,0.0,16540.0,14540.62
2015-10-03T00:00:00.000Z,1,45063.0,0,530.06,0.0,1780.0,530.06
2015-10-02T00:00:00.000Z,1,45019.0,0,1377.76,0.0,2628.0,1377.76
2015-10-04T00:00:00.000Z,1,45063.0,2,45275.67,1553.16,38129.0,45275.67
2015-09-03T00:00:00.000Z,1,45019.0,4,52631.8,0.0,43329.0,52631.8
2015-10-04T00:00:00.000Z,1,45063.0,2,1873.1,0.0,3873.0,1873.1
2015-10-12T00:00:00.000Z,1,45013.0,0,,,,0.0
2015-10-09T00:00:00.000Z,1,45019.0,,,,,0.0
2015-10-04T00:00:00.000Z,11,45079.0,2,184609.72,57929.78,173128.0,184609.72
2015-10-04T00:00:00.000Z,1,45063.0,2,103325.66,0.0,97078.0,103325.66
2015-10-03T00:00:00.000Z,11,45019.0,2,39807.45,36844.92,41767.0,39807.45
2015-10-03T00:00:00.000Z,1,45019.0,4,8849.78,0.0,10849.0,8849.78
2015-10-03T00:00:00.000Z,1,45019.0,4,23624.16,10418.07,25624.0,23624.16
2015-10-03T00:00:00.000Z,11,45043.0,2,2268.92,0.0,3294.0,2268.92
2015-10-04T00:00:00.000Z,1,45085.0,2,63058.17,0.0,65058.0,63058.17
2015-09-03T00:00:00.000Z,11,45051.0,0,,,475.0,0.0
2015-10-03T00:00:00.000Z,11,45019.0,4,,,,0.0
2015-10-02T00:00:00.000Z,1,45019.0,4,,,1101.0,0.0
2015-10-04T00:00:00.000Z,1,45063.0,4,37252.36,0.0,38752.0,37252.36
2015-10-04T00:00:00.000Z,1,45019.0,2,,,232.0,0.0
2015-10-04T00:00:00.000Z,1,45079.0,2,36326.66,0.0,38327.0,36326.66
2015-10-02T00:00:00.000Z,1,45051.0,4,6728.8,0.0,7481.0,6728.8
2015-10-04T00:00:00.000Z,1,45015.0,4,5368.22,0.0,6040.0,5368.22
2015-10-03T00:00:00.000Z,11,45019.0,4,16401.62,3848.06,15608.0,16401.62
2015-10-09T00:00:00.000Z,1,45079.0,4,16182.72,0.0,18183.0,16182.72
2015-10-04T00:00:00.000Z,1,45015.0,2,14358.76,5000.0,15359.0,14358.76
2015-09-11T00:00:00.000Z,1,45019.0,1,,,4412.0,0.0
2015-10-04T00:00:00.000Z,1,45051.0,0,7022.25,0.0,11022.0,7022.25
2015-10-03T00:00:00.000Z,11,45019.0,0,,,1032.0,0.0
2015-10-04T00:00:00.000Z,11,45063.0,0,10666.95,0.0,11917.0,10666.95
2015-10-04T00:00:00.000Z,1,45085.0,4,,,893.0,0.0
2015-10-04T00:00:00.000Z,11,45063.0,2,5207.9,0.0,10208.0,5207.9
2015-10-05T00:00:00.000Z,1,45035.0,4,92951.61,18327.86,89756.0,92951.61
2015-10-04T00:00:00.000Z,6,45079.0,2,103490.1,0.0,128490.0,103490.1
2015-10-03T00:00:00.000Z,1,45085.0,4,1781.27,0.0,2313.0,1781.27
2015-10-04T00:00:00.000Z,1,45063.0,4,10193.72,0.0,13077.0,10193.72
2015-10-04T00:00:00.000Z,11,45019.0,4,1446.81,881.71,2437.0,1446.81
2015-10-03T00:00:00.000Z,1,45019.0,4,28124.75,15937.26,30125.0,28124.75
2015-10-04T00:00:00.000Z,11,45043.0,2,4554.61,0.0,5703.0,4554.61
2015-10-04T00:00:00.000Z,11,45019.0,0,,,,0.0
2015-10-01T00:00:00.000Z,11,45019.0,4,,,68.0,0.0
2015-10-03T00:00:00.000Z,1,45043.0,0,26086.37,0.0,27337.0,26086.37
2015-10-04T00:00:00.000Z,11,45051.0,4,1691.54,0.0,2942.0,1691.54
2015-10-04T00:00:00.000Z,11,45085.0,4,16289.2,0.0,13833.0,16289.2
2015-10-01T00:00:00.000Z,11,45035.0,4,277.14,0.0,1527.0,277.14
2015-10-03T00:00:00.000Z,1,45019.0,0,3379.29,0.0,5380.0,3379.29
2015-10-04T00:00:00.000Z,1,45085.0,4,73769.27,0.0,75019.0,73769.27
2015-10-03T00:00:00.000Z,11,45035.0,4,22784.64,0.0,23752.0,22784.64
2015-10-03T00:00:00.000Z,11,45019.0,1,,,,0.0
2015-10-06T00:00:00.000Z,11,45085.0,4,79271.94,24668.59,75941.0,79271.94
2015-10-03T00:00:00.000Z,1,45035.0,4,4077.59,0.0,5328.0,4077.59
2015-10-04T00:00:00.000Z,1,45081.0,0,,,,0.0
2015-10-03T00:00:00.000Z,11,45035.0,2,444.41,0.0,1694.0,444.41
2015-10-03T00:00:00.000Z,1,45051.0,2,29303.06,0.0,27507.0,29303.06
2015-10-04T00:00:00.000Z,1,45019.0,4,1558.96,0.0,2702.0,1558.96
2015-10-03T00:00:00.000Z,11,45019.0,4,21914.9,0.0,26165.0,21914.9
2015-10-04T00:00:00.000Z,1,45079.0,4,,,3320.0,0.0
2015-10-04T00:00:00.000Z,18,45085.0,,,,,0.0
2015-10-05T00:00:00.000Z,1,45035.0,0,,,,0.0
2015-10-04T00:00:00.000Z,1,45051.0,4,733.34,0.0,2733.0,733.34
2015-10-01T00:00:00.000Z,3,45019.0,4,3630.2,0.0,5561.0,3630.2
2015-10-04T00:00:00.000Z,11,45079.0,4,15197.6,0.0,17198.0,15197.6
2015-10-04T00:00:00.000Z,1,45079.0,2,24143.11,0.0,24337.0,24143.11
2015-10-03T00:00:00.000Z,1,45051.0,4,471.96,0.0,1722.0,471.96
2015-10-06T00:00:00.000Z,1,45043.0,4,,,,0.0
2015-11-30T00:00:00.000Z,1,45015.0,2,,,,0.0
2015-10-02T00:00:00.000Z,1,45085.0,4,96392.64,0.0,97643.0,96392.64
2015-10-02T00:00:00.000Z,2,45019.0,1,11349.11,0.0,13349.0,11349.11
2015-10-04T00:00:00.000Z,1,45013.0,0,,,,0.0
2015-10-05T00:00:00.000Z,1,45051.0,0,,,548.0,0.0
2015-10-06T00:00:00.000Z,1,45079.0,2,11919.42,0.0,13169.0,11919.42
2015-10-03T00:00:00.000Z,4,45043.0,4,15000.0,0.0,23848.0,15000.0
2015-10-03T00:00:00.000Z,18,45019.0,0,39918.04,0.0,41169.0,39918.04
2015-10-02T00:00:00.000Z,1,45019.0,0,1000.0,0.0,,1000.0
2015-10-03T00:00:00.000Z,1,45019.0,0,,,,0.0
2015-10-02T00:00:00.000Z,11,45035.0,2,62380.58,0.0,67381.0,62380.58
2015-10-06T00:00:00.000Z,1,45019.0,4,,,2386.0,0.0
2015-10-03T00:00:00.000Z,1,45019.0,4,3719.06,0.0,4969.0,3719.06
2015-10-02T00:00:00.000Z,1,45043.0,4,,,4796.0,0.0
2015-10-03T00:00:00.000Z,11,45019.0,4,135.52,0.0,1385.0,135.52
2015-10-03T00:00:00.000Z,11,45019.0,4,765.49,0.0,2015.0,765.49
2015-10-06T00:00:00.000Z,11,45089.0,0,14654.38,0.0,15655.0,14654.38
2015-10-04T00:00:00.000Z,11,45063.0,2,42611.3,0.0,36586.0,42611.3
2015-10-04T00:00:00.000Z,1,45019.0,4,,,1540.0,0.0
2015-10-06T00:00:00.000Z,1,45019.0,4,14694.63,26572.86,15945.0,14694.63
2015-10-03T00:00:00.000Z,1,45019.0,0,,,,0.0
2015-10-15T00:00:00.000Z,11,45029.0,2,,,,0.0
2015-10-03T00:00:00.000Z,11,45019.0,4,12976.44,0.0,13274.0,12976.44
2015-12-31T00:00:00.000Z,1,45055.0,4,3384.76,0.0,5385.0,3384.76
2015-10-04T00:00:00.000Z,1,45079.0,2,163053.34,0.0,157926.0,163053.34
2015-10-04T00:00:00.000Z,1,45019.0,2,48454.63,0.0,50239.0,48454.63
2015-10-04T00:00:00.000Z,1,45019.0,4,,,1566.0,0.0
2015-10-03T00:00:00.000Z,11,45019.0,4,,,831.0,0.0
2015-10-04T00:00:00.000Z,1,45043.0,2,4578.24,0.0,4887.0,4578.24
2015-10-03T00:00:00.000Z,15,45019.0,4,12537.68,0.0,17537.0,12537.68
2015-05-10T00:00:00.000Z,1,45051.0,0,9572.01,0.0,10823.0,9572.01
2015-10-04T00:00:00.000Z,1,45019.0,3,7677.81,0.0,9677.0,7677.81
2015-10-04T00:00:00.000Z,1,45041.0,4,13959.05,0.0,11255.0,13959.05
2015-10-03T00:00:00.000Z,11,45019.0,4,12657.63,0.0,13908.0,12657.63
2015-10-02T00:00:00.000Z,1,45019.0,4,9515.39,0.0,11374.0,9515.39
2015-10-04T00:00:00.000Z,3,45079.0,4,22894.71,0.0,23894.0,22894.71
2015-10-03T00:00:00.000Z,1,45019.0,4,119266.77,0.0,116179.0,119266.77
2015-10-02T00:00:00.000Z,1,45051.0,4,3260.71,0.0,5221.0,3260.71
2015-10-03T00:00:00.000Z,1,45019.0,0,,,,0.0
2015-10-04T00:00:00.000Z,1,45063.0,2,44146.71,0.0,46147.0,44146.71
2015-10-04T00:00:00.000Z,11,45079.0,4,131668.99,0.0,123011.0,131668.99
2015-10-05T00:00:00.000Z,1,45043.0,4,12494.71,72.09,12775.0,12494.71
2015-10-04T00:00:00.000Z,11,45079.0,2,23864.87,3159.93,25114.0,23864.87
2015-10-03T00:00:00.000Z,1,45035.0,2,22297.33,2004.49,25297.0,22297.33
2015-10-01T00:00:00.000Z,1,45029.0,4,997.65,0.0,5737.0,997.65
2015-10-04T00:00:00.000Z,1,45051.0,0,8496.19,2241.48,9497.0,8496.19
2015-10-04T00:00:00.000Z,1,45079.0,4,56250.22,0.0,61250.0,56250.22
2015-10-04T00:00:00.000Z,1,45051.0,1,13379.24,0.0,13424.0,13379.24
2015-10-04T00:00:00.000Z,3,45051.0,4,35431.8,0.0,29436.0,35431.8
2015-10-03T00:00:00.000Z,6,45079.0,4,474898.03,0.0,499898.0,474898.03
2015-09-30T00:00:00.000Z,1,45051.0,4,25000.0,0.0,33810.0,25000.0
2015-10-03T00:00:00.000Z,1,45035.0,4,,,683.0,0.0
2015-10-03T00:00:00.000Z,1,45019.0,0,10819.02,0.0,12820.0,10819.02
2015-10-04T00:00:00.000Z,18,45085.0,2,500000.0,0.0,529229.0,500000.0
2015-10-03T00:00:00.000Z,11,45043.0,0,2959.62,0.0,4210.0,2959.62
2015-10-04T00:00:00.000Z,1,45035.0,4,3378.16,0.0,4543.0,3378.16
2015-10-04T00:00:00.000Z,1,45019.0,4,10557.04,1413.8,11807.0,10557.04
2015-10-04T00:00:00.000Z,1,45079.0,2,250000.0,0.0,301762.0,250000.0
2015-10-04T00:00:00.000Z,1,45019.0,4,,,,0.0
2015-10-04T00:00:00.000Z,1,45075.0,4,10379.0,0.0,10632.0,10379.0
2015-10-04T00:00:00.000Z,4,45027.0,4,1989.25,0.0,3989.0,1989.25
2015-10-04T00:00:00.000Z,11,45075.0,2,7612.95,0.0,7437.0,7612.95
2015-10-07T00:00:00.000Z,11,45051.0,4,,,144.0,0.0
2015-10-05T00:00:00.000Z,11,45035.0,1,3073.53,2587.69,4195.0,3073.53
2015-10-04T00:00:00.000Z,1,45019.0,4,569.08,0.0,2570.0,569.08
2015-10-04T00:00:00.000Z,11,45079.0,4,174085.86,0.0,154847.0,174085.86
2015-10-03T00:00:00.000Z,11,45019.0,4,11421.05,0.0,16691.0,11421.05
2015-10-04T00:00:00.000Z,2,45019.0,4,80548.02,0.0,85548.0,80548.02
2015-10-03T00:00:00.000Z,4,45089.0,4,139756.82,0.0,143756.0,139756.82
2015-10-02T00:00:00.000Z,1,45019.0,2,8264.82,0.0,8748.0,8264.82
2015-10-02T00:00:00.000Z,1,45019.0,4,23213.26,0.0,25213.0,23213.26
2015-10-03T00:00:00.000Z,1,45019.0,0,4339.99,0.0,5590.0,4339.99
2015-10-04T00:00:00.000Z,1,45079.0,4,9184.83,0.0,9248.0,9184.83
2015-10-03T00:00:00.000Z,1,45075.0,4,7427.03,0.0,7722.0,7427.03
2015-10-04T00:00:00.000Z,11,45079.0,4,156303.06,0.0,142412.0,156303.06
2015-10-03T00:00:00.000Z,1,45019.0,4,813.93,0.0,2688.0,813.93
2015-10-02T00:00:00.000Z,11,45051.0,4,531.78,0.0,1531.0,531.78
2015-10-05T00:00:00.000Z,1,45015.0,4,4315.26,3389.88,4549.0,4315.26
2015-10-03T00:00:00.000Z,1,45019.0,1,7701.39,6042.67,9083.0,7701.39
2015-10-03T00:00:00.000Z,1,45051.0,4,2396.57,0.0,4397.0,2396.57
2015-10-03T00:00:00.000Z,11,45051.0,4,12098.79,0.0,9995.0,12098.79
2015-10-04T00:00:00.000Z,11,45051.0,4,8385.47,2858.73,9234.0,8385.47
2015-08-31T00:00:00.000Z,1,45019.0,2,15181.56,0.0,16432.0,15181.56
2015-10-04T00:00:00.000Z,1,45089.0,0,,,,0.0
2015-10-03T00:00:00.000Z,11,45035.0,4,5563.42,0.0,6359.0,5563.42
2015-10-05T00:00:00.000Z,1,45051.0,4,27431.28,0.0,28431.0,27431.28
2015-10-03T00:00:00.000Z,11,45035.0,4,31109.38,0.0,32359.0,31109.38
2015-09-01T00:00:00.000Z,1,45013.0,0,,,,0.0
2015-10-04T00:00:00.000Z,1,45085.0,2,,,1368.0,0.0
2015-09-23T00:00:00.000Z,1,45079.0,0,,,309.0,0.0
2015-10-02T00:00:00.000Z,4,45019.0,4,6625.32,0.0,8625.0,6625.32
2015-10-03T00:00:00.000Z,1,45035.0,4,3348.9,0.0,4418.0,3348.9
2015-12-30T00:00:00.000Z,11,45055.0,2,1557.35,0.0,2807.0,1557.35
2015-10-04T00:00:00.000Z,11,45043.0,4,7327.29,0.0,9327.0,7327.29
2015-10-05T00:00:00.000Z,4,45019.0,0,,,,0.0
2015-10-04T00:00:00.000Z,1,45051.0,4,1455.52,0.0,3456.0,1455.52
2015-10-01T00:00:00.000Z,1,45013.0,0,4098.64,0.0,5349.0,4098.64
2015-10-04T00:00:00.000Z,11,45051.0,4,,,1190.0,0.0
2015-10-03T00:00:00.000Z,1,45089.0,2,10628.01,218.64,9400.0,10628.01
2015-10-04T00:00:00.000Z,1,45079.0,2,55991.21,0.0,42366.0,55991.21
2015-10-24T00:00:00.000Z,1,45063.0,4,2708.55,0.0,2802.0,2708.55
2015-08-29T00:00:00.000Z,6,45051.0,0,,,,0.0
2015-10-04T00:00:00.000Z,1,45089.0,0,23221.32,3723.26,24222.0,23221.32
2015-10-04T00:00:00.000Z,1,45079.0,2,18125.34,0.0,17002.0,18125.34
2015-10-04T00:00:00.000Z,1,45051.0,1,,,1068.0,0.0
2015-10-03T00:00:00.000Z,1,45089.0,0,10594.93,0.0,11845.0,10594.93
2015-10-04T00:00:00.000Z,11,45075.0,2,10374.31,0.0,12374.0,10374.31
2015-10-03T00:00:00.000Z,11,45013.0,0,,,1200.0,0.0
2015-10-02T00:00:00.000Z,14,45035.0,2,777.91,0.0,1777.0,777.91
2015-10-02T00:00:00.000Z,2,45051.0,4,20557.95,0.0,25557.0,20557.95
2015-10-04T00:00:00.000Z,6,45051.0,4,,,15378.0,0.0
2015-10-03T00:00:00.000Z,1,45041.0,4,15221.83,0.0,15842.0,15221.83
2015-10-04T00:00:00.000Z,1,45085.0,2,12950.38,4221.56,13950.0,12950.38
2015-10-05T00:00:00.000Z,11,45019.0,4,5691.17,0.0,6941.0,5691.17
2015-10-07T00:00:00.000Z,1,45063.0,4,7062.01,0.0,9266.0,7062.01
2015-10-04T00:00:00.000Z,1,45019.0,4,7434.05,0.0,8684.0,7434.05
2015-10-02T00:00:00.000Z,1,45051.0,4,16852.89,0.0,13675.0,16852.89
2015-10-04T00:00:00.000Z,1,45063.0,2,21611.0,4646.26,20809.0,21611.0
2015-10-04T00:00:00.000Z,1,45035.0,4,1371.22,0.0,6226.0,1371.22
2015-10-03T00:00:00.000Z,4,45043.0,2,5503.45,0.0,10503.0,5503.45
2015-10-04T00:00:00.000Z,11,45079.0,2,12788.34,0.0,11719.0,12788.34
2015-10-04T00:00:00.000Z,15,45051.0,2,4549.35,0.0,5799.0,4549.35
2015-10-04T00:00:00.000Z,1,45051.0,0,,,,0.0
2015-10-04T00:00:00.000Z,1,45051.0,2,16275.64,12394.82,12172.0,16275.64
2015-10-03T00:00:00.000Z,1,45079.0,2,5089.47,0.0,7951.0,5089.47
2015-10-06T00:00:00.000Z,1,45019.0,2,,,,0.0
2015-10-05T00:00:00.000Z,1,45051.0,2,2303.06,0.0,3803.0,2303.06
2015-10-04T00:00:00.000Z,1,45051.0,0,9560.81,2105.94,10561.0,9560.81
2015-10-04T00:00:00.000Z,1,45085.0,4,,,779.0,0.0
2015-10-05T00:00:00.000Z,2,45035.0,0,,,,0.0
2015-10-04T00:00:00.000Z,11,45079.0,2,6562.41,0.0,7105.0,6562.41
2015-10-04T00:00:00.000Z,1,45015.0,4,4253.77,0.0,6080.0,4253.77
2015-10-01T00:00:00.000Z,1,45019.0,4,5054.67,0.0,1894.0,5054.67
2015-10-04T00:00:00.000Z,11,45043.0,4,0.0,229.18,,0.0
2015-10-04T00:00:00.000Z,1,45079.0,4,,,,0.0
2015-10-03T00:00:00.000Z,1,45019.0,4,42133.95,0.0,47134.0,42133.95
2015-10-04T00:00:00.000Z,11,45079.0,2,34277.24,1486.65,32919.0,34277.24
2015-10-03T00:00:00.000Z,11,45051.0,0,10327.57,0.0,11578.0,10327.57
2015-08-31T00:00:00.000Z,3,45019.0,2,14032.72,0.0,14301.0,14032.72
2015-09-07T00:00:00.000Z,1,45013.0,4,3537.7,0.0,4331.0,3537.7
2015-10-04T00:00:00.000Z,11,45019.0,4,6670.99,3175.27,7670.0,6670.99
2015-10-08T00:00:00.000Z,1,45019.0,4,5936.61,0.0,7187.0,5936.61
2015-10-04T00:00:00.000Z,1,45063.0,4,17390.86,0.0,17177.0,17390.86
2015-10-03T00:00:00.000Z,11,45079.0,2,250000.0,100000.0,233377.0,250000.0
2015-10-05T00:00:00.000Z,1,45015.0,4,571.67,0.0,1822.0,571.67
2015-10-04T00:00:00.000Z,1,45079.0,2,107606.52,0.0,98951.0,107606.52
2015-10-03T00:00:00.000Z,1,45051.0,4,6681.32,0.0,7931.0,6681.32
2015-10-04T00:00:00.000Z,11,45079.0,2,243943.01,0.0,191789.0,243943.01
2015-10-03T00:00:00.000Z,11,45019.0,4,2751.96,0.0,4380.0,2751.96
2015-10-05T00:00:00.000Z,1,45043.0,4,,,,0.0
2015-10-02T00:00:00.000Z,1,45035.0,2,60905.6,0.0,62156.0,60905.6
2015-10-02T00:00:00.000Z,11,45015.0,2,2124.81,0.0,2245.0,2124.81
2015-10-03T00:00:00.000Z,3,45019.0,0,,,,0.0
2015-10-04T00:00:00.000Z,1,45019.0,4,,,4184.0,0.0
2015-12-29T00:00:00.000Z,1,45043.0,,,,,0.0
2015-10-03T00:00:00.000Z,1,45051.0,4,18450.0,0.0,16700.0,18450.0
2015-10-04T00:00:00.000Z,3,45079.0,4,17482.9,0.0,18482.0,17482.9
2015-10-03T00:00:00.000Z,1,45019.0,2,51719.52,0.0,55970.0,51719.52
2015-10-04T00:00:00.000Z,1,45019.0,4,19823.63,0.0,21073.0,19823.63
2015-10-04T00:00:00.000Z,1,45079.0,4,107897.96,0.0,105852.0,107897.96
2015-10-03T00:00:00.000Z,1,45029.0,2,617.49,0.0,1857.0,617.49
2015-10-03T00:00:00.000Z,1,45019.0,4,,,275.0,0.0
2015-10-02T00:00:00.000Z,1,45035.0,2,57805.24,0.0,61270.0,57805.24
2015-10-03T00:00:00.000Z,11,45051.0,4,9204.37,0.0,7805.0,9204.37
2015-12-31T00:00:00.000Z,14,45039.0,2,23665.18,3753.41,25186.0,23665.18
2015-06-04T00:00:00.000Z,1,45079.0,4,,,,0.0
2015-10-04T00:00:00.000Z,1,45079.0,2,137362.07,0.0,121481.0,137362.07
2015-10-04T00:00:00.000Z,1,45051.0,4,6471.37,3326.98,7721.0,6471.37
2015-10-04T00:00:00.000Z,1,45051.0,0,,,419.0,0.0
2015-10-01T00:00:00.000Z,1,45019.0,4,34445.72,0.0,33442.0,34445.72
2015-10-04T00:00:00.000Z,11,45079.0,2,195820.56,33100.0,197821.0,195820.56
2015-10-04T00:00:00.000Z,11,45079.0,4,250000.0,46400.0,246991.0,250000.0
2015-10-02T00:00:00.000Z,1,45051.0,4,12364.7,0.0,13365.0,12364.7
2015-10-04T00:00:00.000Z,1,45041.0,4,4840.05,0.0,5094.0,4840.05
2015-10-04T00:00:00.000Z,1,45019.0,0,2790.42,0.0,4041.0,2790.42
2015-10-03T00:00:00.000Z,1,45043.0,4,1433.65,0.0,2547.0,1433.65
2015-10-04T00:00:00.000Z,6,45079.0,2,74024.27,0.0,75274.0,74024.27
2015-10-03T00:00:00.000Z,1,45019.0,4,3818.02,0.0,13661.0,3818.02
2015-11-03T00:00:00.000Z,1,45019.0,2,,,1087.0,0.0
2015-10-04T00:00:00.000Z,11,45079.0,4,64842.02,0.0,58600.0,64842.02
2015-10-04T00:00:00.000Z,1,45085.0,4,62177.81,3082.41,52821.0,62177.81
2015-10-03T00:00:00.000Z,1,45051.0,4,19443.5,18568.6,22444.0,19443.5
2015-10-03T00:00:00.000Z,11,45019.0,4,44318.3,24518.58,40398.0,44318.3
2015-10-03T00:00:00.000Z,11,45019.0,4,3321.29,0.0,4571.0,3321.29
2015-10-03T00:00:00.000Z,1,45051.0,1,,,67.0,0.0
2015-10-04T00:00:00.000Z,11,45051.0,2,2033.27,0.0,2636.0,2033.27
2015-10-04T00:00:00.000Z,1,45079.0,0,221505.34,75000.0,226506.0,221505.34
2015-07-30T00:00:00.000Z,1,45057.0,0,,,,0.0
2015-10-04T00:00:00.000Z,1,45079.0,2,10131.33,0.0,11631.0,10131.33
2015-10-02T00:00:00.000Z,1,45035.0,4,,,,0.0
2015-10-04T00:00:00.000Z,18,45051.0,4,73076.11,8607.63,75076.0,73076.11
2015-10-27T00:00:00.000Z,1,45051.0,0,38981.95,0.0,40982.0,38981.95
2015-10-05T00:00:00.000Z,2,45051.0,4,12530.95,1918.8,13780.0,12530.95
2015-11-13T00:00:00.000Z,1,45019.0,4,12053.38,0.0,13022.0,12053.38
2015-10-07T00:00:00.000Z,1,45019.0,4,5362.27,0.0,10058.0,5362.27
2015-10-04T00:00:00.000Z,11,45019.0,4,270.46,0.0,5027.0,270.46
2015-10-04T00:00:00.000Z,6,45079.0,2,175000.0,0.0,195124.0,175000.0
2015-10-05T00:00:00.000Z,11,45043.0,4,3330.1,0.0,4072.0,3330.1
2015-10-04T00:00:00.000Z,11,45085.0,4,9639.6,0.0,8860.0,9639.6
2015-10-04T00:00:00.000Z,11,45019.0,2,5736.06,0.0,6315.0,5736.06
2015-10-04T00:00:00.000Z,1,45051.0,0,,,744.0,0.0
2015-10-03T00:00:00.000Z,1,45019.0,4,4704.02,0.0,5954.0,4704.02
2015-10-03T00:00:00.000Z,1,45019.0,4,39240.88,0.0,39757.0,39240.88
2015-10-03T00:00:00.000Z,1,45035.0,2,79111.48,0.0,75299.0,79111.48
2015-10-04T00:00:00.000Z,11,45019.0,4,10686.63,9110.42,8694.0,10686.63
2015-10-04T00:00:00.000Z,1,45063.0,2,17254.75,0.0,17693.0,17254.75
2015-10-04T00:00:00.000Z,3,45019.0,4,,,1717.0,0.0
2015-10-04T00:00:00.000Z,1,45063.0,0,,,686.0,0.0
2015-10-04T00:00:00.000Z,11,45043.0,2,,,,0.0
2015-10-09T00:00:00.000Z,1,45019.0,4,7369.86,0.0,9369.0,7369.86
2015-10-21T00:00:00.000Z,11,45063.0,2,,,,0.0
2015-10-05T00:00:00.000Z,2,45035.0,4,12541.3,0.0,14094.0,12541.3
2015-10-06T00:00:00.000Z,11,45019.0,4,,,,0.0
2015-10-04T00:00:00.000Z,11,45063.0,4,,,,0.0
2015-10-01T00:00:00.000Z,11,45019.0,2,2269.08,0.0,3519.0,2269.08
2015-10-03T00:00:00.000Z,1,45019.0,1,5425.46,0.0,10425.0,5425.46
2015-10-04T00:00:00.000Z,11,45079.0,2,29539.87,0.0,30540.0,29539.87
2015-10-04T00:00:00.000Z,11,45079.0,2,30999.77,0.0,12085.0,30999.77
2015-10-03T00:00:00.000Z,11,45019.0,4,46772.08,12595.52,48022.0,46772.08
2015-10-02T00:00:00.000Z,1,45019.0,0,,,1583.0,0.0
2015-10-04T00:00:00.000Z,1,45079.0,2,10372.02,0.0,11372.0,10372.02
2015-10-07T00:00:00.000Z,11,45043.0,2,20000.0,0.0,64165.0,20000.0
2015-10-03T00:00:00.000Z,3,45019.0,,,,,0.0
2015-10-04T00:00:00.000Z,2,45079.0,4,70318.44,0.0,72318.0,70318.44
2015-10-04T00:00:00.000Z,1,45063.0,4,11313.22,0.0,11942.0,11313.22
2015-10-04T00:00:00.000Z,11,45085.0,4,66090.6,0.0,62693.0,66090.6
2015-10-05T00:00:00.000Z,1,45019.0,4,23726.96,10030.5,25226.0,23726.96
2015-10-04T00:00:00.000Z,1,45019.0,2,6508.97,1139.42,8509.0,6508.97
2015-10-04T00:00:00.000Z,1,45019.0,4,38499.45,10500.0,43499.0,38499.45
2015-10-06T00:00:00.000Z,1,45051.0,2,7783.43,0.0,8033.0,7783.43
2015-10-05T00:00:00.000Z,1,45079.0,2,26808.91,0.0,31809.0,26808.91
2015-06-04T00:00:00.000Z,1,45063.0,4,,,,0.0
2015-10-04T00:00:00.000Z,1,45085.0,4,133308.82,0.0,126897.0,133308.82
2015-10-04T00:00:00.000Z,1,45031.0,4,37265.99,0.0,37658.0,37265.99
2015-10-04T00:00:00.000Z,1,45019.0,4,110.45,0.0,3110.0,110.45
2015-10-11T00:00:00.000Z,11,45035.0,2,,,,0.0
2015-10-04T00:00:00.000Z,11,45019.0,4,29965.69,0.0,26057.0,29965.69
2015-10-03T00:00:00.000Z,1,45019.0,4,25765.52,0.0,27765.0,25765.52
2015-12-31T00:00:00.000Z,1,45063.0,4,,,701.0,0.0
2015-10-03T00:00:00.000Z,1,45019.0,4,3710.73,0.0,5711.0,3710.73
2015-10-03T00:00:00.000Z,1,45019.0,4,27074.07,0.0,33201.0,27074.07
2015-10-03T00:00:00.000Z,1,45019.0,1,8223.6,0.0,13223.0,8223.6
2015-08-31T00:00:00.000Z,1,45019.0,4,39669.15,10946.77,37397.0,39669.15
2015-10-02T00:00:00.000Z,1,45041.0,2,2012.77,0.0,4286.0,2012.77
2015-10-04T00:00:00.000Z,18,45077.0,,,,,0.0
2015-10-02T00:00:00.000Z,1,45051.0,4,495.55,0.0,1745.0,495.55
2015-10-03T00:00:00.000Z,1,45041.0,2,11264.41,4287.81,12264.0,11264.41
2015-04-26T00:00:00.000Z,1,45013.0,4,2677.36,0.0,3927.0,2677.36
2015-10-02T00:00:00.000Z,11,45079.0,2,23869.68,0.0,21628.0,23869.68
2015-10-02T00:00:00.000Z,1,45019.0,4,,,,0.0
2015-10-03T00:00:00.000Z,1,45035.0,4,30440.68,0.0,31691.0,30440.68
2015-10-04T00:00:00.000Z,1,45063.0,4,,,1977.0,0.0
2015-10-03T00:00:00.000Z,1,45019.0,4,42278.88,0.0,42738.0,42278.88
2015-12-31T00:00:00.000Z,1,45055.0,2,4273.87,0.0,9273.0,4273.87
2015-10-05T00:00:00.000Z,1,45079.0,0,215394.64,86351.79,217395.0,215394.64
2015-10-02T00:00:00.000Z,1,45079.0,4,33994.25,145.33,35244.0,33994.25
2015-10-02T00:00:00.000Z,1,45019.0,4,,,1197.0,0.0
2015-10-03T00:00:00.000Z,1,45019.0,4,18503.87,0.0,21682.0,18503.87
2015-10-03T00:00:00.000Z,1,45051.0,4,14334.52,0.0,14879.0,14334.52
2015-10-01T00:00:00.000Z,1,45019.0,0,4610.38,741.56,5861.0,4610.38
2015-11-12T00:00:00.000Z,11,45063.0,0,,,,0.0
2015-10-03T00:00:00.000Z,11,45019.0,4,21091.19,0.0,29851.0,21091.19
2015-10-04T00:00:00.000Z,1,45019.0,4,348.8,0.0,3348.0,348.8
2015-10-04T00:00:00.000Z,11,45019.0,4,75795.9,0.0,69594.0,75795.9
2015-10-04T00:00:00.000Z,1,45051.0,1,32984.25,6004.52,34984.0,32984.25
2015-10-02T00:00:00.000Z,1,45051.0,2,51291.99,0.0,51191.0,51291.99
2015-10-04T00:00:00.000Z,11,45019.0,4,3183.15,0.0,4272.0,3183.15
2015-10-04T00:00:00.000Z,11,45079.0,4,25284.58,0.0,30284.0,25284.58
2015-10-03T00:00:00.000Z,11,45035.0,0,41067.82,0.0,38434.0,41067.82
2015-10-04T00:00:00.000Z,15,45019.0,2,16070.12,0.0,15966.0,16070.12
2015-10-03T00:00:00.000Z,1,45015.0,2,29882.41,20000.0,30882.0,29882.41
2015-10-10T00:00:00.000Z,1,45079.0,4,4514.41,0.0,2729.0,4514.41
2015-10-06T00:00:00.000Z,1,45019.0,4,4275.51,0.0,5725.0,4275.51
2015-10-03T00:00:00.000Z,11,45029.0,0,,,,0.0
2015-10-04T00:00:00.000Z,1,45079.0,2,51606.17,5607.03,51392.0,51606.17
2015-10-03T00:00:00.000Z,1,45019.0,4,7790.6,0.0,9791.0,7790.6
2015-10-04T00:00:00.000Z,4,45005.0,,,,,0.0
2015-10-05T00:00:00.000Z,15,45051.0,1,109865.03,0.0,103855.0,109865.03
2015-10-04T00:00:00.000Z,1,45051.0,0,,,550.0,0.0
2015-10-02T00:00:00.000Z,1,45035.0,0,,,,0.0
2015-09-02T00:00:00.000Z,1,45035.0,2,4991.64,0.0,8263.0,4991.64
2015-10-04T00:00:00.000Z,1,45051.0,1,980.19,0.0,2230.0,980.19
2015-10-04T00:00:00.000Z,6,45059.0,,,,,0.0
2015-10-04T00:00:00.000Z,11,45089.0,2,527.06,0.0,1527.0,527.06
2015-10-04T00:00:00.000Z,11,45079.0,4,95046.65,74552.56,86287.0,95046.65
2015-10-05T00:00:00.000Z,1,45079.0,4,21254.72,0.0,19931.0,21254.72
2015-10-02T00:00:00.000Z,11,45019.0,4,2018.96,0.0,3074.0,2018.96
2015-10-02T00:00:00.000Z,1,45019.0,4,5540.67,191.13,6105.0,5540.67
2015-10-04T00:00:00.000Z,1,45051.0,4,110832.87,91904.69,103422.0,110832.87
2015-10-06T00:00:00.000Z,1,45079.0,4,116591.7,27771.92,110637.0,116591.7
2015-10-04T00:00:00.000Z,1,45051.0,1,39446.3,9659.43,41446.0,39446.3
2015-10-02T00:00:00.000Z,1,45019.0,4,,,,0.0
2015-10-04T00:00:00.000Z,1,45085.0,4,14031.49,0.0,12156.0,14031.49
2015-10-03T00:00:00.000Z,2,45019.0,0,24999.32,0.0,26250.0,24999.32
2015-10-04T00:00:00.000Z,11,45063.0,0,34902.99,0.0,36903.0,34902.99
2015-10-03T00:00:00.000Z,1,45085.0,2,12522.17,0.0,13522.0,12522.17
2015-10-04T00:00:00.000Z,1,45063.0,4,76457.77,0.0,73828.0,76457.77
2015-10-04T00:00:00.000Z,1,45079.0,2,26574.18,0.0,23302.0,26574.18
2015-10-08T00:00:00.000Z,1,45019.0,4,,,507.0,0.0
2015-10-04T00:00:00.000Z,6,45019.0,,,,,0.0
2015-10-03T00:00:00.000Z,1,45019.0,4,5064.17,0.0,8064.0,5064.17
2015-10-07T00:00:00.000Z,11,45035.0,4,505.5,0.0,1637.0,505.5
2015-10-09T00:00:00.000Z,1,45015.0,4,5821.05,0.0,7030.0,5821.05
2015-10-03T00:00:00.000Z,1,45013.0,1,,,,0.0
2015-10-07T00:00:00.000Z,4,45043.0,4,1136.0,0.0,2136.0,1136.0
2015-10-02T00:00:00.000Z,11,45019.0,4,9213.52,0.0,10581.0,9213.52
2015-10-02T00:00:00.000Z,1,45019.0,4,4224.81,0.0,4987.0,4224.81
2015-10-05T00:00:00.000Z,1,45015.0,4,8374.25,0.0,6672.0,8374.25
2015-10-02T00:00:00.000Z,4,45085.0,0,,,,0.0
2015-10-04T00:00:00.000Z,11,45079.0,4,134234.2,20069.66,120043.0,134234.2
2015-10-03T00:00:00.000Z,1,45041.0,0,8252.4,591.45,9503.0,8252.4
2015-08-26T00:00:00.000Z,6,45051.0,4,136113.66,0.0,137113.0,136113.66
2015-10-04T00:00:00.000Z,3,45079.0,0,,,1625.0,0.0
2015-10-04T00:00:00.000Z,4,45085.0,4,,,,0.0
2015-10-05T00:00:00.000Z,1,45019.0,4,,,262.0,0.0
2015-10-03T00:00:00.000Z,11,45051.0,4,29215.47,7568.65,26748.0,29215.47
2015-10-04T00:00:00.000Z,1,45029.0,4,11386.81,7394.82,11040.0,11386.81
2015-10-04T00:00:00.000Z,1,45019.0,2,8833.35,0.0,9874.0,8833.35
2015-10-03T00:00:00.000Z,11,45051.0,0,34864.64,4672.44,36115.0,34864.64
2015-10-04T00:00:00.000Z,2,45051.0,0,28273.49,3959.05,30274.0,28273.49
2015-10-04T00:00:00.000Z,3,45079.0,0,113536.75,0.0,115537.0,113536.75
2015-10-06T00:00:00.000Z,1,45015.0,4,1043.23,0.0,2275.0,1043.23
2015-10-04T00:00:00.000Z,1,45019.0,4,13585.35,0.0,15585.0,13585.35
2015-10-04T00:00:00.000Z,1,45079.0,4,,,,0.0
2015-10-05T00:00:00.000Z,2,45035.0,0,,,,0.0
2015-10-04T00:00:00.000Z,1,45079.0,2,4085.55,0.0,5086.0,4085.55
2015-10-03T00:00:00.000Z,11,45051.0,0,6687.45,0.0,8688.0,6687.45
2015-10-04T00:00:00.000Z,1,45019.0,4,,,2597.0,0.0
2015-10-03T00:00:00.000Z,1,45063.0,2,,,,0.0
2015-10-03T00:00:00.000Z,1,45019.0,1,6215.76,0.0,7199.0,6215.76
2015-10-05T00:00:00.000Z,11,45035.0,4,21842.87,449.81,20094.0,21842.87
2015-10-04T00:00:00.000Z,1,45079.0,2,6106.25,0.0,6487.0,6106.25
2015-10-04T00:00:00.000Z,4,45089.0,2,69506.5,0.0,79506.0,69506.5
2015-10-04T00:00:00.000Z,1,45063.0,2,89907.07,0.0,77767.0,89907.07
2015-10-02T00:00:00.000Z,11,45085.0,4,10326.7,0.0,10982.0,10326.7
2015-10-04T00:00:00.000Z,11,45079.0,2,19274.85,0.0,20531.0,19274.85
2015-10-04T00:00:00.000Z,1,45079.0,2,3289.31,0.0,4789.0,3289.31
2015-11-14T00:00:00.000Z,1,45063.0,0,,,,0.0
2015-10-04T00:00:00.000Z,11,45085.0,4,21330.21,8009.12,19749.0,21330.21
2015-10-05T00:00:00.000Z,1,45051.0,4,826.4,0.0,1256.0,826.4
2015-10-04T00:00:00.000Z,15,45051.0,1,8374.32,0.0,11080.0,8374.32
2015-10-10T00:00:00.000Z,11,45051.0,2,2799.29,0.0,3905.0,2799.29
2015-10-04T00:00:00.000Z,6,45019.0,4,4946.1,0.0,14946.0,4946.1
2015-10-04T00:00:00.000Z,11,45079.0,2,76248.52,22565.13,66101.0,76248.52
2015-10-03T00:00:00.000Z,1,45075.0,4,692.03,0.0,1881.0,692.03
2015-10-04T00:00:00.000Z,1,45019.0,4,30396.17,0.0,32396.0,30396.17
2015-10-03T00:00:00.000Z,1,45015.0,4,,,329.0,0.0
2015-10-04T00:00:00.000Z,14,45031.0,2,10365.1,0.0,12939.0,10365.1
2015-10-04T00:00:00.000Z,1,45063.0,0,,,1238.0,0.0
2015-10-04T00:00:00.000Z,11,45043.0,0,,,,0.0
2015-10-03T00:00:00.000Z,1,45019.0,4,390.58,0.0,1641.0,390.58
2015-10-04T00:00:00.000Z,11,45043.0,2,,,,0.0
2015-10-04T00:00:00.000Z,11,45019.0,0,,,,0.0
2015-10-04T00:00:00.000Z,11,45063.0,0,,,,0.0
2015-10-03T00:00:00.000Z,1,45051.0,0,10541.39,0.0,12542.0,10541.39
2015-06-25T00:00:00.000Z,1,45019.0,2,9515.41,995.0,10032.0,9515.41
2015-10-03T00:00:00.000Z,6,45035.0,4,103740.39,0.0,108740.0,103740.39
2015-10-21T00:00:00.000Z,2,45051.0,0,,,,0.0
2015-10-06T00:00:00.000Z,1,45051.0,0,4472.69,0.0,6918.0,4472.69
2015-10-23T00:00:00.000Z,11,45071.0,4,1064.6,0.0,2564.0,1064.6
2015-10-05T00:00:00.000Z,1,45063.0,4,40391.87,0.0,45391.0,40391.87
2015-10-03T00:00:00.000Z,1,45063.0,2,81389.88,0.0,83390.0,81389.88
2015-08-04T00:00:00.000Z,1,45051.0,4,,,1228.0,0.0
2015-10-03T00:00:00.000Z,4,45019.0,4,15000.0,0.0,17607.0,15000.0
2015-10-13T00:00:00.000Z,11,45051.0,0,23337.41,747.68,24588.0,23337.41
2015-10-06T00:00:00.000Z,1,45043.0,0,3607.83,0.0,4608.0,3607.83
2015-10-04T00:00:00.000Z,11,45079.0,4,14223.33,0.0,13256.0,14223.33
2015-10-04T00:00:00.000Z,1,45019.0,4,,,2563.0,0.0
2015-10-03T00:00:00.000Z,11,45019.0,4,11040.91,1393.62,12041.0,11040.91
2015-10-03T00:00:00.000Z,11,45019.0,4,10291.92,0.0,6941.0,10291.92
2015-10-04T00:00:00.000Z,18,45085.0,,,,,0.0
2015-10-03T00:00:00.000Z,1,45085.0,4,,,833.0,0.0
2015-10-02T00:00:00.000Z,1,45051.0,2,6564.34,0.0,7564.0,6564.34
2015-10-02T00:00:00.000Z,1,45019.0,4,3206.56,0.0,5009.0,3206.56
2015-10-04T00:00:00.000Z,11,45019.0,1,11171.73,0.0,11379.0,11171.73
2015-10-04T00:00:00.000Z,1,45019.0,4,7933.97,1500.82,9183.0,7933.97
2015-10-03T00:00:00.000Z,1,45019.0,4,13679.26,0.0,14929.0,13679.26
2015-10-08T00:00:00.000Z,11,45075.0,0,3884.81,0.0,4885.0,3884.81
2015-10-03T00:00:00.000Z,1,45019.0,4,10279.18,0.0,6802.0,10279.18
2015-10-03T00:00:00.000Z,11,45013.0,2,,,3706.0,0.0
2015-10-04T00:00:00.000Z,1,45019.0,4,,,1384.0,0.0
2015-10-04T00:00:00.000Z,1,45019.0,2,626.77,0.0,1518.0,626.77
2015-10-03T00:00:00.000Z,11,45019.0,2,,,,0.0
2015-10-04T00:00:00.000Z,18,45019.0,4,14107.41,0.0,16107.0,14107.41
2015-10-08T00:00:00.000Z,1,45029.0,0,,,,0.0
2015-10-03T00:00:00.000Z,1,45079.0,2,37630.95,8490.69,36851.0,37630.95
2015-10-03T00:00:00.000Z,1,45035.0,2,,,244.0,0.0
2015-10-03T00:00:00.000Z,11,45019.0,2,68215.03,41239.04,64508.0,68215.03
2015-10-08T00:00:00.000Z,1,45079.0,0,,,,0.0
2015-10-04T00:00:00.000Z,1,45019.0,0,,,,0.0
2015-10-04T00:00:00.000Z,1,45015.0,4,2540.35,1529.0,3790.0,2540.35
2015-10-03T00:00:00.000Z,1,45019.0,4,12180.16,0.0,9892.0,12180.16
2015-10-03T00:00:00.000Z,1,45085.0,4,15931.98,0.0,17431.0,15931.98
2015-11-04T00:00:00.000Z,1,45033.0,4,9803.31,349.21,10803.0,9803.31
2015-10-04T00:00:00.000Z,11,45051.0,2,,,,0.0
2015-10-04T00:00:00.000Z,11,45043.0,4,,,3992.0,0.0
2015-10-03T00:00:00.000Z,11,45079.0,4,1546.4,0.0,2778.0,1546.4
2015-11-02T00:00:00.000Z,11,45019.0,4,,,2654.0,0.0
2015-10-03T00:00:00.000Z,11,45019.0,4,11073.11,0.0,12338.0,11073.11
2015-10-05T00:00:00.000Z,1,45051.0,0,6009.66,0.0,7260.0,6009.66
2015-10-08T00:00:00.000Z,1,45051.0,4,41577.37,5493.16,39455.0,41577.37
2015-10-03T00:00:00.000Z,16,45051.0,1,0.0,3971.47,,0.0
2015-10-03T00:00:00.000Z,1,45019.0,4,1185.12,0.0,2319.0,1185.12
2015-10-05T00:00:00.000Z,15,45035.0,4,8755.46,0.0,9869.0,8755.46
2015-10-03T00:00:00.000Z,1,45019.0,4,9190.3,0.0,10329.0,9190.3
2015-02-15T00:00:00.000Z,1,45015.0,4,,,,0.0
2015-10-03T00:00:00.000Z,1,45051.0,4,33760.22,0.0,34760.0,33760.22
2015-10-04T00:00:00.000Z,1,45019.0,4,46749.83,18392.66,42939.0,46749.83
2015-10-04T00:00:00.000Z,1,45079.0,4,25371.98,10000.0,27371.0,25371.98
2015-10-04T00:00:00.000Z,1,45019.0,4,,,2381.0,0.0
2015-10-04T00:00:00.000Z,11,45063.0,2,37066.65,0.0,38067.0,37066.65
2015-10-03T00:00:00.000Z,15,45051.0,0,,,529.0,0.0
2015-11-09T00:00:00.000Z,1,45079.0,4,1696.68,0.0,3196.0,1696.68
2015-10-03T00:00:00.000Z,1,45019.0,4,24102.37,22158.92,21922.0,24102.37
2015-10-04T00:00:00.000Z,1,45063.0,2,8085.3,0.0,9606.0,8085.3
2015-10-05T00:00:00.000Z,1,45019.0,2,,,,0.0
2015-10-04T00:00:00.000Z,1,45027.0,2,4274.84,0.0,5134.0,4274.84
2015-10-04T00:00:00.000Z,18,45079.0,,,,,0.0
2015-10-04T00:00:00.000Z,1,45019.0,4,7242.11,0.0,9242.0,7242.11
2015-10-04T00:00:00.000Z,1,45063.0,4,98485.16,0.0,100485.0,98485.16
2015-10-04T00:00:00.000Z,11,45015.0,4,,,891.0,0.0
2015-10-03T00:00:00.000Z,11,45019.0,0,11432.05,0.0,10817.0,11432.05
2015-10-05T00:00:00.000Z,6,45063.0,2,,,,0.0
2015-10-02T00:00:00.000Z,1,45019.0,1,22651.04,0.0,22963.0,22651.04
2015-10-02T00:00:00.000Z,1,45019.0,4,3505.27,0.0,5505.0,3505.27
2015-10-04T00:00:00.000Z,11,45051.0,4,9311.58,0.0,9862.0,9311.58
2015-12-07T00:00:00.000Z,1,45019.0,4,,,223.0,0.0
2015-10-04T00:00:00.000Z,1,45063.0,2,107402.09,0.0,112402.0,107402.09
2015-10-03T00:00:00.000Z,1,45019.0,4,3007.55,0.0,4257.0,3007.55
2015-10-03T00:00:00.000Z,1,45051.0,4,605.43,0.0,1605.0,605.43
2015-10-03T00:00:00.000Z,1,45079.0,4,29654.14,0.0,29328.0,29654.14
2015-10-05T00:00:00.000Z,11,45019.0,4,,,399.0,0.0
2015-09-27T00:00:00.000Z,2,45051.0,0,,,4132.0,0.0
2015-10-03T00:00:00.000Z,11,45019.0,1,21663.88,0.0,23663.0,21663.88
2015-10-04T00:00:00.000Z,1,45051.0,2,3865.65,0.0,4701.0,3865.65
2015-10-09T00:00:00.000Z,11,45043.0,2,579.1,0.0,2579.0,579.1
2015-10-04T00:00:00.000Z,2,45019.0,4,5080.83,0.0,6206.0,5080.83
2015-08-31T00:00:00.000Z,1,45019.0,2,13757.66,0.0,14826.0,13757.66
2015-10-04T00:00:00.000Z,1,45019.0,4,7829.48,0.0,7662.0,7829.48
2015-09-26T00:00:00.000Z,1,45043.0,4,18752.79,0.0,18951.0,18752.79
2015-10-03T00:00:00.000Z,11,45019.0,4,4827.83,0.0,5499.0,4827.83
2015-10-03T00:00:00.000Z,15,45051.0,0,,,213.0,0.0
2015-10-05T00:00:00.000Z,1,45051.0,2,15659.47,0.0,13037.0,15659.47
2015-10-04T00:00:00.000Z,1,45079.0,2,32566.53,36287.9,31402.0,32566.53
2015-10-02T00:00:00.000Z,3,45051.0,4,19888.87,0.0,20195.0,19888.87
2015-10-04T00:00:00.000Z,1,45079.0,0,195765.45,0.0,200765.0,195765.45
2015-10-04T00:00:00.000Z,11,45031.0,4,5683.35,116.92,6213.0,5683.35
2015-10-05T00:00:00.000Z,11,45031.0,4,13615.89,0.0,8888.0,13615.89
2015-10-04T00:00:00.000Z,1,45085.0,2,20000.0,8000.0,31595.0,20000.0
2015-10-04T00:00:00.000Z,15,45043.0,,,,,0.0
2015-10-03T00:00:00.000Z,6,45079.0,4,72211.02,0.0,74211.0,72211.02
2015-10-04T00:00:00.000Z,1,45041.0,2,6286.01,0.0,7786.0,6286.01
2015-10-03T00:00:00.000Z,6,45019.0,4,3415.45,0.0,8415.0,3415.45
2015-10-04T00:00:00.000Z,1,45035.0,4,450.35,0.0,2450.0,450.35
2015-10-23T00:00:00.000Z,11,45019.0,0,,,,0.0
2015-10-04T00:00:00.000Z,1,45079.0,4,2792.8,0.0,3050.0,2792.8
2015-10-03T00:00:00.000Z,1,45019.0,0,,,,0.0
2015-10-04T00:00:00.000Z,11,45089.0,2,,,3299.0,0.0
2015-10-04T00:00:00.000Z,1,45063.0,2,113693.35,0.0,92877.0,113693.35
2015-09-27T00:00:00.000Z,1,45051.0,1,,,,0.0
2015-10-06T00:00:00.000Z,1,45015.0,4,3436.48,0.0,4686.0,3436.48
2015-10-03T00:00:00.000Z,11,45035.0,0,44941.1,0.0,46942.0,44941.1
2015-10-03T00:00:00.000Z,11,45019.0,4,1369.18,0.0,2619.0,1369.18
2015-10-04T00:00:00.000Z,1,45019.0,4,41492.43,0.0,38050.0,41492.43
2015-10-05T00:00:00.000Z,1,45043.0,4,175.36,0.0,1339.0,175.36
2015-10-04T00:00:00.000Z,11,45063.0,2,52902.12,20000.0,49650.0,52902.12
2015-10-04T00:00:00.000Z,1,45041.0,4,1838.27,0.0,3088.0,1838.27
2015-10-03T00:00:00.000Z,1,45019.0,4,2297.4,0.0,3198.0,2297.4
2015-10-03T00:00:00.000Z,1,45019.0,4,5850.0,0.0,7228.0,5850.0
2015-10-03T00:00:00.000Z,1,45079.0,4,5118.98,0.0,6369.0,5118.98
2015-10-04T00:00:00.000Z,1,45019.0,4,10140.31,0.0,7373.0,10140.31
2015-10-03T00:00:00.000Z,1,45019.0,4,13655.39,2935.73,14397.0,13655.39
2015-10-05T00:00:00.000Z,1,45019.0,2,29341.25,0.0,30591.0,29341.25
2015-10-04T00:00:00.000Z,11,45063.0,4,1932.26,0.0,2881.0,1932.26
2015-10-03T00:00:00.000Z,1,45029.0,4,,,,0.0
2015-10-02T00:00:00.000Z,1,45051.0,4,51461.0,0.0,41704.0,51461.0
2015-10-03T00:00:00.000Z,11,45019.0,4,9751.62,0.0,9404.0,9751.62
2015-10-04T00:00:00.000Z,1,45079.0,4,595.37,0.0,2595.0,595.37
2015-10-03T00:00:00.000Z,1,45019.0,4,16665.15,0.0,17138.0,16665.15
2015-10-04T00:00:00.000Z,11,45085.0,4,7986.86,0.0,8400.0,7986.86
2015-10-04T00:00:00.000Z,18,45063.0,2,7112.7,0.0,8612.0,7112.7
2015-10-04T00:00:00.000Z,1,45043.0,4,7181.83,0.0,8431.0,7181.83
2015-10-03T00:00:00.000Z,1,45063.0,2,5067.06,0.0,5630.0,5067.06
2015-10-02T00:00:00.000Z,11,45019.0,4,1481.62,0.0,2732.0,1481.62
2015-10-03T00:00:00.000Z,1,45019.0,0,,,,0.0
2015-10-04T00:00:00.000Z,4,45089.0,2,13826.07,0.0,15076.0,13826.07
2015-10-02T00:00:00.000Z,1,45019.0,0,2455.21,0.0,3706.0,2455.21
2015-10-05T00:00:00.000Z,1,45035.0,0,24568.34,0.0,25819.0,24568.34
2015-10-04T00:00:00.000Z,11,45063.0,4,807.62,0.0,1808.0,807.62
2015-10-03T00:00:00.000Z,11,45079.0,4,5112.33,0.0,5819.0,5112.33
2015-10-04T00:00:00.000Z,11,45051.0,4,12165.17,10426.17,12901.0,12165.17
2015-10-04T00:00:00.000Z,1,45079.0,4,,,,0.0
2015-08-18T00:00:00.000Z,6,45019.0,4,11659.99,0.0,12909.0,11659.99
2015-10-04T00:00:00.000Z,1,45063.0,0,,,,0.0
2015-10-01T00:00:00.000Z,1,45019.0,2,,,626.0,0.0
2015-10-04T00:00:00.000Z,1,45063.0,4,,,1142.0,0.0
2015-10-03T00:00:00.000Z,1,45019.0,2,10602.97,1427.49,11815.0,10602.97
2015-10-06T00:00:00.000Z,1,45051.0,0,,,94.0,0.0
2015-10-03T00:00:00.000Z,11,45019.0,4,928.19,0.0,2928.0,928.19
2015-10-03T00:00:00.000Z,1,45019.0,4,16358.29,0.0,14850.0,16358.29
2015-10-05T00:00:00.000Z,11,45089.0,2,171043.92,0.0,157249.0,171043.92
2015-10-04T00:00:00.000Z,1,45019.0,0,,,,0.0
2015-10-03T00:00:00.000Z,1,45089.0,4,11183.91,0.0,9533.0,11183.91
2015-10-03T00:00:00.000Z,1,45043.0,4,4889.35,0.0,6139.0,4889.35
2015-10-04T00:00:00.000Z,15,45051.0,4,667.36,0.0,1917.0,667.36
2015-10-04T00:00:00.000Z,11,45063.0,4,8797.8,0.0,12775.0,8797.8
2015-10-04T00:00:00.000Z,1,45043.0,1,1124.83,0.0,2124.0,1124.83
2015-10-03T00:00:00.000Z,1,45019.0,2,4284.26,0.0,8965.0,4284.26
2015-10-03T00:00:00.000Z,1,45079.0,0,,,,0.0
2015-10-04T00:00:00.000Z,2,45051.0,1,4361.13,0.0,5611.0,4361.13
2015-04-03T00:00:00.000Z,1,45031.0,0,,,,0.0
2015-10-05T00:00:00.000Z,1,45035.0,2,,,,0.0
2015-10-03T00:00:00.000Z,1,45051.0,4,4903.22,0.0,6153.0,4903.22
2015-09-30T00:00:00.000Z,1,45051.0,0,,,279.0,0.0
2015-10-04T00:00:00.000Z,1,45079.0,4,28521.28,0.0,30521.0,28521.28
2015-10-04T00:00:00.000Z,11,45019.0,4,10833.88,0.0,10977.0,10833.88
2015-10-03T00:00:00.000Z,1,45019.0,4,2162.85,0.0,3412.0,2162.85
2015-10-02T00:00:00.000Z,11,45019.0,4,35063.95,0.0,40064.0,35063.95
2015-06-09T00:00:00.000Z,1,45015.0,4,1812.81,0.0,2813.0,1812.81
2015-10-03T00:00:00.000Z,1,45079.0,4,175000.0,0.0,164064.0,175000.0
2015-10-04T00:00:00.000Z,1,45085.0,2,1480.61,0.0,2702.0,1480.61
2015-10-02T00:00:00.000Z,1,45019.0,4,6298.03,0.0,9298.0,6298.03
2015-10-03T00:00:00.000Z,1,45019.0,4,6422.73,0.0,8423.0,6422.73
2015-12-01T00:00:00.000Z,1,45013.0,4,,,128.0,0.0
2015-10-01T00:00:00.000Z,1,45051.0,2,858.76,0.0,2108.0,858.76
2015-10-04T00:00:00.000Z,1,45063.0,4,314.77,0.0,2314.0,314.77
2015-10-04T00:00:00.000Z,1,45047.0,4,15925.83,0.0,17926.0,15925.83
2015-10-03T00:00:00.000Z,1,45041.0,4,25501.56,10000.0,27001.0,25501.56
2015-10-03T00:00:00.000Z,11,45079.0,0,,,,0.0
2015-11-09T00:00:00.000Z,1,45019.0,4,17239.98,0.0,17849.0,17239.98
2015-10-03T00:00:00.000Z,1,45019.0,4,12771.61,0.0,10182.0,12771.61
2015-10-04T00:00:00.000Z,1,45043.0,4,3738.5,0.0,4738.0,3738.5
2015-10-04T00:00:00.000Z,11,45079.0,4,,,900.0,0.0
2015-10-04T00:00:00.000Z,1,45079.0,2,161501.27,28262.48,153479.0,161501.27
2015-10-04T00:00:00.000Z,11,45051.0,0,,,,0.0
2015-10-26T00:00:00.000Z,11,45019.0,0,,,,0.0
2015-10-04T00:00:00.000Z,1,45051.0,0,,,,0.0
2015-10-04T00:00:00.000Z,3,45079.0,0,,,,0.0
2015-10-03T00:00:00.000Z,11,45051.0,0,1684.0,0.0,2934.0,1684.0
2015-10-04T00:00:00.000Z,11,45019.0,2,23825.25,11814.13,28075.0,23825.25
2015-10-04T00:00:00.000Z,6,45019.0,,,,,0.0
2015-10-04T00:00:00.000Z,1,45019.0,4,,,577.0,0.0
2015-10-04T00:00:00.000Z,1,45079.0,2,104296.83,44157.58,100983.0,104296.83
2015-10-02T00:00:00.000Z,1,45019.0,4,660.63,0.0,1892.0,660.63
2015-10-04T00:00:00.000Z,2,45051.0,4,0.0,7701.62,,0.0
2015-10-05T00:00:00.000Z,1,45043.0,4,18317.98,102.83,23317.0,18317.98
2015-10-04T00:00:00.000Z,1,45029.0,2,8903.45,0.0,8915.0,8903.45
2015-10-03T00:00:00.000Z,1,45019.0,4,7052.93,0.0,7597.0,7052.93
2015-10-03T00:00:00.000Z,1,45035.0,4,24342.09,5432.3,22713.0,24342.09
2015-10-09T00:00:00.000Z,11,45035.0,2,24475.4,0.0,25475.0,24475.4
2015-10-02T00:00:00.000Z,11,45015.0,2,3855.22,0.0,4819.0,3855.22
2015-10-03T00:00:00.000Z,1,45019.0,4,7132.97,0.0,9132.0,7132.97
2015-10-11T00:00:00.000Z,11,45051.0,4,1100.1,0.0,2100.0,1100.1
2015-10-02T00:00:00.000Z,1,45015.0,4,7015.74,0.0,9016.0,7015.74
2015-10-02T00:00:00.000Z,11,45051.0,4,6594.87,0.0,8595.0,6594.87
2015-10-04T00:00:00.000Z,11,45079.0,2,,,1624.0,0.0
2015-10-04T00:00:00.000Z,1,45035.0,0,,,,0.0
2015-10-03T00:00:00.000Z,18,45035.0,2,16857.22,0.0,21857.0,16857.22
2015-10-03T00:00:00.000Z,11,45019.0,0,15608.31,3673.03,16859.0,15608.31
2015-10-03T00:00:00.000Z,11,45019.0,2,3135.82,0.0,7937.0,3135.82
2015-10-03T00:00:00.000Z,11,45079.0,9,,,290.0,0.0
2015-10-04T00:00:00.000Z,11,45079.0,0,6033.89,0.0,7284.0,6033.89
2015-10-03T00:00:00.000Z,1,45085.0,2,47664.37,0.0,51914.0,47664.37
2015-10-04T00:00:00.000Z,1,45051.0,1,17863.72,3435.96,17476.0,17863.72
2015-10-04T00:00:00.000Z,11,45063.0,4,35651.28,0.0,35393.0,35651.28
2015-10-04T00:00:00.000Z,1,45019.0,4,514.49,0.0,3514.0,514.49
2015-10-04T00:00:00.000Z,1,45079.0,4,4327.82,263.95,5008.0,4327.82
2015-10-03T00:00:00.000Z,15,45019.0,4,,,1124.0,0.0
2015-10-04T00:00:00.000Z,1,45063.0,4,7651.57,0.0,8418.0,7651.57
2015-10-04T00:00:00.000Z,6,45079.0,2,0.0,16446.48,,0.0
2015-10-02T00:00:00.000Z,1,45019.0,4,10174.17,0.0,13719.0,10174.17
2015-10-03T00:00:00.000Z,1,45029.0,4,10035.59,0.0,11535.0,10035.59
2015-10-02T00:00:00.000Z,11,45051.0,4,23911.13,6311.0,23801.0,23911.13
2015-10-04T00:00:00.000Z,11,45051.0,0,22296.81,0.0,23547.0,22296.81
2015-10-04T00:00:00.000Z,1,45019.0,0,,,,0.0
2015-10-04T00:00:00.000Z,15,45043.0,,,,,0.0
2015-10-04T00:00:00.000Z,1,45063.0,4,54231.31,0.0,56231.0,54231.31
2015-08-31T00:00:00.000Z,1,45015.0,4,17657.24,0.0,17146.0,17657.24
2015-10-09T00:00:00.000Z,15,45043.0,,,,,0.0
2015-10-03T00:00:00.000Z,11,45019.0,4,6502.67,0.0,7342.0,6502.67
2015-01-01T00:00:00.000Z,1,45051.0,4,,,,0.0
2015-10-04T00:00:00.000Z,11,45041.0,4,22428.03,0.0,15836.0,22428.03
2015-10-03T00:00:00.000Z,11,45043.0,2,17028.02,0.0,12521.0,17028.02
2015-10-04T00:00:00.000Z,1,45085.0,0,,,,0.0
2015-10-04T00:00:00.000Z,1,45015.0,2,64378.27,2833.2,65628.0,64378.27
2015-10-05T00:00:00.000Z,6,45019.0,4,18099.35,0.0,28099.0,18099.35
2015-10-04T00:00:00.000Z,11,45051.0,0,26113.6,0.0,27114.0,26113.6
2015-10-02T00:00:00.000Z,1,45079.0,2,12226.7,0.0,11799.0,12226.7
2015-09-25T00:00:00.000Z,2,45013.0,4,,,,0.0
2015-10-03T00:00:00.000Z,1,45019.0,4,,,4941.0,0.0
2015-10-04T00:00:00.000Z,1,45079.0,2,3131.9,0.0,3819.0,3131.9
2015-10-04T00:00:00.000Z,1,45063.0,2,44170.91,0.0,45670.0,44170.91
2015-10-02T00:00:00.000Z,2,45019.0,4,,,,0.0
2015-10-03T00:00:00.000Z,1,45019.0,4,18172.3,0.0,16941.0,18172.3
2015-10-19T00:00:00.000Z,11,45051.0,,,,,0.0
2015-10-04T00:00:00.000Z,1,45019.0,4,,,2504.0,0.0
2015-10-05T00:00:00.000Z,3,45019.0,4,25059.11,0.0,24124.0,25059.11
2015-10-04T00:00:00.000Z,1,45051.0,2,1893.35,0.0,6633.0,1893.35
2015-10-02T00:00:00.000Z,1,45019.0,4,2463.67,0.0,3714.0,2463.67
2015-10-02T00:00:00.000Z,1,45051.0,4,,,,0.0
2015-10-04T00:00:00.000Z,1,45079.0,2,29456.86,0.0,29310.0,29456.86
2015-10-03T00:00:00.000Z,15,45043.0,2,37965.88,0.0,36349.0,37965.88
2015-10-04T00:00:00.000Z,3,45019.0,4,9190.42,0.0,9540.0,9190.42
2015-10-03T00:00:00.000Z,11,45019.0,1,8935.93,0.0,13935.0,8935.93
2015-10-04T00:00:00.000Z,11,45063.0,2,14505.28,0.0,14958.0,14505.28
2015-09-28T00:00:00.000Z,18,45051.0,1,58295.68,0.0,60157.0,58295.68
2015-10-04T00:00:00.000Z,1,45043.0,4,78056.88,38790.48,69050.0,78056.88
2015-10-04T00:00:00.000Z,1,45043.0,4,17828.25,736.5,20807.0,17828.25
2015-08-31T00:00:00.000Z,1,45019.0,4,41681.19,11000.0,39358.0,41681.19
2015-10-04T00:00:00.000Z,11,45085.0,4,22831.18,0.0,25263.0,22831.18
2015-11-02T00:00:00.000Z,1,45085.0,0,,,,0.0
2015-10-04T00:00:00.000Z,1,45079.0,4,247940.75,0.0,228082.0,247940.75
2015-10-05T00:00:00.000Z,2,45079.0,2,103554.72,0.0,104805.0,103554.72
2015-10-05T00:00:00.000Z,11,45043.0,2,170639.74,0.0,173165.0,170639.74
2015-10-03T00:00:00.000Z,11,45019.0,2,20072.34,0.0,21123.0,20072.34
2015-10-04T00:00:00.000Z,15,45051.0,4,13235.44,0.0,14492.0,13235.44
2015-10-14T00:00:00.000Z,11,45019.0,2,638.02,0.0,1888.0,638.02
2015-10-03T00:00:00.000Z,11,45035.0,2,2885.5,0.0,3816.0,2885.5
2015-10-03T00:00:00.000Z,1,45035.0,4,59492.6,14199.88,57565.0,59492.6
2015-10-03T00:00:00.000Z,11,45035.0,2,55665.1,27037.28,52017.0,55665.1
2015-10-04T00:00:00.000Z,11,45063.0,2,91019.27,0.0,84561.0,91019.27
2015-10-03T00:00:00.000Z,1,45035.0,4,51702.86,0.0,53703.0,51702.86
2015-10-10T00:00:00.000Z,11,45085.0,4,13863.61,0.0,18863.0,13863.61
2015-10-04T00:00:00.000Z,4,45051.0,1,23586.45,0.0,25586.0,23586.45
2015-07-19T00:00:00.000Z,2,45019.0,4,,,,0.0
2015-10-03T00:00:00.000Z,1,45035.0,4,,,,0.0
2015-10-02T00:00:00.000Z,11,45019.0,4,3833.95,0.0,4260.0,3833.95
2015-10-02T00:00:00.000Z,1,45019.0,3,11188.09,0.0,9950.0,11188.09
2015-10-05T00:00:00.000Z,2,45035.0,0,,,,0.0
2015-10-04T00:00:00.000Z,1,45019.0,4,2197.83,0.0,3425.0,2197.83
2015-10-05T00:00:00.000Z,11,45035.0,4,24721.85,0.0,25972.0,24721.85
2015-10-04T00:00:00.000Z,1,45085.0,4,17738.24,0.0,20325.0,17738.24
2015-10-04T00:00:00.000Z,1,45015.0,4,1277.1,0.0,2523.0,1277.1
2015-10-03T00:00:00.000Z,1,45019.0,0,,,,0.0
2015-10-03T00:00:00.000Z,1,45019.0,4,3.88,0.0,1253.0,3.88
2015-10-04T00:00:00.000Z,1,45085.0,4,4164.55,0.0,5081.0,4164.55
2015-10-01T00:00:00.000Z,11,45013.0,0,,,,0.0
2015-10-02T00:00:00.000Z,16,45051.0,4,16517.7,5857.89,17518.0,16517.7
2015-10-03T00:00:00.000Z,15,45051.0,1,56724.17,0.0,50886.0,56724.17
2015-10-03T00:00:00.000Z,1,45019.0,2,20161.52,1353.48,17920.0,20161.52
2015-12-24T00:00:00.000Z,1,45041.0,0,8262.03,0.0,10263.0,8262.03
2015-10-02T00:00:00.000Z,1,45015.0,4,13117.51,0.0,10967.0,13117.51
2015-10-14T00:00:00.000Z,1,45035.0,2,14533.44,0.0,16533.0,14533.44
2015-10-04T00:00:00.000Z,6,45019.0,0,,,1080.0,0.0
2015-10-03T00:00:00.000Z,1,45051.0,4,8036.94,0.0,10036.0,8036.94
2015-10-04T00:00:00.000Z,1,45019.0,1,,,2549.0,0.0
2015-10-04T00:00:00.000Z,11,45079.0,4,2325.2,0.0,4325.0,2325.2
2015-10-05T00:00:00.000Z,11,45051.0,2,,,223.0,0.0
2015-10-02T00:00:00.000Z,1,45035.0,0,,,,0.0
2015-10-05T00:00:00.000Z,1,45043.0,2,240000.0,100000.0,247423.0,240000.0
2015-10-17T00:00:00.000Z,1,45051.0,0,,,,0.0
2015-10-04T00:00:00.000Z,1,45079.0,4,83085.71,56472.15,72152.0,83085.71
2015-10-03T00:00:00.000Z,1,45035.0,2,35528.56,0.0,36779.0,35528.56
2015-10-03T00:00:00.000Z,15,45043.0,2,35829.89,0.0,33981.0,35829.89
2015-10-03T00:00:00.000Z,1,45051.0,0,,,1111.0,0.0
2015-10-04T00:00:00.000Z,6,45019.0,,,,,0.0
2015-10-03T00:00:00.000Z,11,45051.0,4,4495.77,0.0,5243.0,4495.77
2015-10-03T00:00:00.000Z,1,45063.0,4,9764.25,0.0,11764.0,9764.25
2015-10-03T00:00:00.000Z,1,45019.0,4,937.47,0.0,2187.0,937.47
2015-10-03T00:00:00.000Z,1,45051.0,1,10415.94,0.0,8266.0,10415.94
2015-10-15T00:00:00.000Z,1,45041.0,4,,,,0.0
2015-10-05T00:00:00.000Z,1,45035.0,4,,,,0.0
2015-10-04T00:00:00.000Z,1,45051.0,0,,,299.0,0.0
2015-10-04T00:00:00.000Z,1,45015.0,4,12864.9,0.0,13532.0,12864.9
2015-10-04T00:00:00.000Z,1,45019.0,4,217.07,0.0,3217.0,217.07
2015-10-27T00:00:00.000Z,18,45013.0,1,28992.34,16973.68,30992.0,28992.34
2015-10-04T00:00:00.000Z,1,45079.0,2,25146.29,639.44,23671.0,25146.29
2015-10-10T00:00:00.000Z,11,45015.0,4,,,967.0,0.0
2015-10-01T00:00:00.000Z,1,45043.0,1,,,,0.0
2015-10-04T00:00:00.000Z,1,45085.0,2,0.0,980.48,,0.0
2015-10-03T00:00:00.000Z,11,45079.0,4,15414.73,1263.06,16664.0,15414.73
2015-10-03T00:00:00.000Z,13,45085.0,4,,,205.0,0.0
2015-10-04T00:00:00.000Z,1,45041.0,2,30825.86,3027.38,31826.0,30825.86
2015-10-03T00:00:00.000Z,11,45019.0,4,4495.55,0.0,5745.0,4495.55
2015-10-03T00:00:00.000Z,1,45019.0,4,100804.98,0.0,90278.0,100804.98
2015-10-03T00:00:00.000Z,11,45063.0,4,,,,0.0
2015-10-03T00:00:00.000Z,1,45019.0,4,6533.43,0.0,8533.0,6533.43
2015-10-04T00:00:00.000Z,1,45043.0,4,35990.08,2315.91,36990.0,35990.08
2015-10-02T00:00:00.000Z,1,45019.0,4,,,1843.0,0.0
2015-10-04T00:00:00.000Z,18,45019.0,,,,,0.0
2015-10-03T00:00:00.000Z,11,45075.0,2,4151.54,0.0,4625.0,4151.54
2015-03-10T00:00:00.000Z,11,45035.0,0,,,,0.0
2015-10-04T00:00:00.000Z,1,45019.0,2,19637.27,0.0,19698.0,19637.27
2015-10-03T00:00:00.000Z,1,45019.0,4,88957.89,114.4,90207.0,88957.89
2015-10-05T00:00:00.000Z,1,45051.0,4,33095.5,12777.36,30765.0,33095.5
2015-10-02T00:00:00.000Z,1,45043.0,0,,,,0.0
2015-10-04T00:00:00.000Z,1,45085.0,4,69802.18,14152.25,64411.0,69802.18
2015-10-03T00:00:00.000Z,1,45019.0,4,11619.62,0.0,11356.0,11619.62
2015-10-02T00:00:00.000Z,11,45019.0,4,3186.55,0.0,3918.0,3186.55
2015-12-30T00:00:00.000Z,1,45057.0,2,17086.76,0.0,16719.0,17086.76
2015-10-07T00:00:00.000Z,1,45019.0,4,,,,0.0
2015-10-04T00:00:00.000Z,1,45051.0,4,17949.8,4243.85,16481.0,17949.8
2015-10-05T00:00:00.000Z,1,45015.0,4,,,2760.0,0.0
2015-10-13T00:00:00.000Z,1,45063.0,4,,,945.0,0.0
2015-10-03T00:00:00.000Z,1,45019.0,4,,,,0.0
2015-12-31T00:00:00.000Z,11,45039.0,2,35940.77,0.0,37940.0,35940.77
2015-10-04T00:00:00.000Z,1,45085.0,2,126436.69,62118.85,129062.0,126436.69
2015-12-30T00:00:00.000Z,1,45055.0,2,3475.07,0.0,5475.0,3475.07
2015-10-03T00:00:00.000Z,1,45019.0,4,,,2250.0,0.0
2015-10-13T00:00:00.000Z,11,45051.0,2,11837.19,0.0,13087.0,11837.19
2015-10-04T00:00:00.000Z,11,45019.0,2,20567.48,0.0,13583.0,20567.48
2015-10-03T00:00:00.000Z,1,45079.0,2,40000.0,0.0,118169.0,40000.0
2015-10-01T00:00:00.000Z,1,45019.0,4,12559.73,0.0,13035.0,12559.73
2015-10-01T00:00:00.000Z,11,45019.0,2,2703.76,0.0,4436.0,2703.76
2015-12-23T00:00:00.000Z,1,45079.0,4,7249.8,0.0,8250.0,7249.8
2015-10-02T00:00:00.000Z,11,45051.0,4,,,,0.0
2015-10-04T00:00:00.000Z,11,45063.0,4,7200.89,0.0,5118.0,7200.89
2015-10-04T00:00:00.000Z,1,45015.0,4,1187.83,0.0,2378.0,1187.83
2015-10-03T00:00:00.000Z,1,45019.0,4,898.58,0.0,2149.0,898.58
2015-10-03T00:00:00.000Z,11,45051.0,4,5913.45,0.0,6738.0,5913.45
2015-10-02T00:00:00.000Z,11,45079.0,4,7682.71,1292.65,8029.0,7682.71
2015-10-02T00:00:00.000Z,1,45063.0,4,,,267.0,0.0
2015-10-03T00:00:00.000Z,11,45051.0,0,,,645.0,0.0
2015-10-03T00:00:00.000Z,1,45035.0,4,31433.81,0.0,32684.0,31433.81
2015-10-03T00:00:00.000Z,11,45019.0,4,,,,0.0
2015-10-05T00:00:00.000Z,1,45051.0,4,10308.54,0.0,14087.0,10308.54
2015-10-04T00:00:00.000Z,11,45079.0,2,250000.0,0.0,236848.0,250000.0
2015-10-03T00:00:00.000Z,11,45063.0,2,12366.91,0.0,12654.0,12366.91
2015-10-03T00:00:00.000Z,1,45019.0,0,4839.31,0.0,6840.0,4839.31
2015-10-09T00:00:00.000Z,1,45019.0,4,,,,0.0
2015-10-03T00:00:00.000Z,3,45043.0,4,111109.85,0.0,112359.0,111109.85
2015-10-04T00:00:00.000Z,11,45019.0,1,9788.12,0.0,10346.0,9788.12
2015-10-04T00:00:00.000Z,1,45079.0,2,10201.14,0.0,14451.0,10201.14
2015-10-04T00:00:00.000Z,1,45019.0,4,337.1,0.0,3337.0,337.1
2015-10-05T00:00:00.000Z,14,45051.0,2,24413.56,0.0,25413.0,24413.56
2015-10-06T00:00:00.000Z,1,45019.0,4,,,1913.0,0.0
2015-10-04T00:00:00.000Z,18,45051.0,4,,,6394.0,0.0
2015-10-02T00:00:00.000Z,11,45015.0,2,,,1076.0,0.0
2015-10-03T00:00:00.000Z,3,45019.0,4,8512.15,0.0,9762.0,8512.15
2015-10-03T00:00:00.000Z,18,45079.0,2,,,,0.0
2015-10-05T00:00:00.000Z,11,45063.0,4,,,969.0,0.0
2015-10-08T00:00:00.000Z,1,45043.0,2,8997.5,0.0,13998.0,8997.5
2015-10-05T00:00:00.000Z,1,45019.0,0,1878.68,0.0,3879.0,1878.68
2015-10-03T00:00:00.000Z,1,45019.0,2,20553.62,0.0,23727.0,20553.62
2015-10-04T00:00:00.000Z,18,45019.0,,,,,0.0
2015-10-06T00:00:00.000Z,1,45043.0,2,1816.13,0.0,3066.0,1816.13
2015-10-03T00:00:00.000Z,1,45019.0,4,63884.81,14741.23,56930.0,63884.81
2015-10-03T00:00:00.000Z,1,45035.0,4,23482.83,0.0,24733.0,23482.83
2015-10-16T00:00:00.000Z,1,45019.0,4,,,1049.0,0.0
2015-10-03T00:00:00.000Z,11,45019.0,2,5396.84,0.0,7396.0,5396.84
2015-10-03T00:00:00.000Z,11,45051.0,0,,,231.0,0.0
2015-10-04T00:00:00.000Z,2,45019.0,4,22359.4,0.0,18559.0,22359.4
2015-10-03T00:00:00.000Z,1,45071.0,2,10312.8,0.0,11793.0,10312.8
2015-10-04T00:00:00.000Z,11,45085.0,4,78723.1,0.0,76763.0,78723.1
2015-10-04T00:00:00.000Z,1,45035.0,,,,,0.0
2015-12-31T00:00:00.000Z,11,45055.0,2,,,3415.0,0.0
2015-10-04T00:00:00.000Z,3,45079.0,0,115517.37,0.0,117518.0,115517.37
2015-10-04T00:00:00.000Z,11,45019.0,4,5091.38,0.0,5859.0,5091.38
2015-10-03T00:00:00.000Z,1,45079.0,4,11866.31,0.0,16866.0,11866.31
2015-09-01T00:00:00.000Z,1,45019.0,0,496.69,0.0,,496.69
2015-10-04T00:00:00.000Z,1,45063.0,2,23882.25,0.0,25383.0,23882.25
2015-10-04T00:00:00.000Z,6,45079.0,2,79190.58,24983.78,80440.0,79190.58
2015-10-05T00:00:00.000Z,1,45041.0,2,7045.81,0.0,8295.0,7045.81
2015-10-04T00:00:00.000Z,1,45079.0,2,250000.0,0.0,223696.0,250000.0
2015-10-02T00:00:00.000Z,1,45079.0,2,107511.1,0.0,104800.0,107511.1
2015-10-04T00:00:00.000Z,1,45079.0,4,2473.88,512.0,3138.0,2473.88
2015-10-04T00:00:00.000Z,1,45019.0,4,2038.49,0.0,4038.0,2038.49
2015-10-04T00:00:00.000Z,11,45063.0,2,18333.14,0.0,16799.0,18333.14
2015-10-04T00:00:00.000Z,1,45079.0,2,13304.65,0.0,18304.0,13304.65
2015-10-02T00:00:00.000Z,1,45041.0,0,,,,0.0
2015-10-03T00:00:00.000Z,1,45019.0,2,,,,0.0
2015-10-03T00:00:00.000Z,3,45043.0,4,12512.32,0.0,13635.0,12512.32
2015-10-03T00:00:00.000Z,1,45019.0,4,,,,0.0
2015-10-02T00:00:00.000Z,11,45043.0,2,250000.0,100000.0,227184.0,250000.0
2015-10-05T00:00:00.000Z,14,45041.0,2,11886.1,0.0,12886.0,11886.1
2015-10-03T00:00:00.000Z,1,45019.0,4,21131.08,20000.0,20030.0,21131.08
2015-10-04T00:00:00.000Z,1,45035.0,4,0.0,4979.69,,0.0
2015-10-02T00:00:00.000Z,1,45019.0,4,2329.43,0.0,3829.0,2329.43
2015-05-24T00:00:00.000Z,1,45019.0,0,,,,0.0
2015-10-04T00:00:00.000Z,11,45079.0,4,536.61,0.0,1485.0,536.61
2015-10-04T00:00:00.000Z,11,45043.0,4,14255.04,1190.39,14189.0,14255.04
2015-10-04T00:00:00.000Z,11,45079.0,4,250000.0,0.0,261806.0,250000.0
2015-08-30T00:00:00.000Z,1,45019.0,4,25985.84,0.0,28913.0,25985.84
2015-10-05T00:00:00.000Z,11,45019.0,4,2733.69,6259.29,3984.0,2733.69
2015-10-03T00:00:00.000Z,1,45063.0,0,,,,0.0
2015-10-07T00:00:00.000Z,11,45051.0,2,24061.85,0.0,13040.0,24061.85
2015-10-03T00:00:00.000Z,11,45019.0,4,,,,0.0
2015-10-01T00:00:00.000Z,1,45043.0,4,,,1900.0,0.0
2015-10-27T00:00:00.000Z,12,45051.0,4,4018.44,0.0,6018.0,4018.44
2015-10-04T00:00:00.000Z,1,45079.0,4,250000.0,0.0,237374.0,250000.0
2015-10-03T00:00:00.000Z,11,45079.0,2,54154.18,0.0,48085.0,54154.18
2015-10-02T00:00:00.000Z,11,45019.0,4,10785.47,0.0,12083.0,10785.47
2015-10-02T00:00:00.000Z,3,45051.0,2,,,764.0,0.0
2015-10-04T00:00:00.000Z,1,45035.0,1,143791.83,45480.66,133300.0,143791.83
2015-10-04T00:00:00.000Z,1,45051.0,4,2505.25,0.0,3428.0,2505.25
2015-10-03T00:00:00.000Z,1,45019.0,4,,,11490.0,0.0
2015-10-03T00:00:00.000Z,11,45027.0,4,,,,0.0
2015-10-04T00:00:00.000Z,1,45061.0,4,12862.94,2489.92,13863.0,12862.94
2015-10-02T00:00:00.000Z,1,45019.0,0,,,,0.0
2015-10-04T00:00:00.000Z,1,45079.0,4,110000.0,0.0,167350.0,110000.0
2015-10-04T00:00:00.000Z,11,45079.0,2,8238.67,0.0,13238.0,8238.67
2015-10-03T00:00:00.000Z,11,45019.0,4,,,51.0,0.0
2015-10-03T00:00:00.000Z,1,45019.0,2,10276.65,0.0,10553.0,10276.65
2015-10-04T00:00:00.000Z,1,45035.0,0,38385.82,11000.0,39636.0,38385.82
2015-10-05T00:00:00.000Z,11,45043.0,2,56831.93,0.0,51357.0,56831.93
2015-10-07T00:00:00.000Z,11,45019.0,2,4693.7,0.0,4009.0,4693.7
2015-10-04T00:00:00.000Z,11,45079.0,2,150733.93,1093.09,107617.0,150733.93
2015-10-02T00:00:00.000Z,1,45019.0,4,11572.9,0.0,16142.0,11572.9
2015-10-04T00:00:00.000Z,1,45051.0,4,,,,0.0
2015-10-05T00:00:00.000Z,1,45015.0,4,8661.65,0.0,9911.0,8661.65
2015-10-03T00:00:00.000Z,1,45019.0,4,4892.06,0.0,6142.0,4892.06
2015-10-02T00:00:00.000Z,1,45051.0,2,,,667.0,0.0
2015-10-04T00:00:00.000Z,1,45035.0,4,11601.67,0.0,13602.0,11601.67
2015-10-05T00:00:00.000Z,1,45019.0,4,,,788.0,0.0
2015-10-08T00:00:00.000Z,1,45051.0,4,,,,0.0
2015-10-04T00:00:00.000Z,1,45019.0,4,14103.03,0.0,15103.0,14103.03
2015-10-27T00:00:00.000Z,1,45019.0,1,2873.89,0.0,4123.0,2873.89
2015-10-04T00:00:00.000Z,4,45089.0,4,4851.52,189.39,5851.0,4851.52
2015-10-04T00:00:00.000Z,1,45019.0,2,11706.17,0.0,9461.0,11706.17
2015-10-05T00:00:00.000Z,1,45051.0,2,5279.26,2000.0,6002.0,5279.26
2015-10-04T00:00:00.000Z,15,45051.0,4,5057.7,0.0,5785.0,5057.7
2015-10-07T00:00:00.000Z,1,45051.0,2,12656.66,132.09,11876.0,12656.66
2015-10-03T00:00:00.000Z,1,45019.0,4,,,4646.0,0.0
2015-10-03T00:00:00.000Z,1,45035.0,4,292.35,0.0,1292.0,292.35
2015-10-03T00:00:00.000Z,1,45019.0,4,5716.94,8456.66,6030.0,5716.94
2015-10-05T00:00:00.000Z,1,45019.0,4,,,1075.0,0.0
2015-10-03T00:00:00.000Z,1,45019.0,4,,,,0.0
2015-10-04T00:00:00.000Z,1,45051.0,1,6259.67,0.0,11259.0,6259.67
2015-10-02T00:00:00.000Z,1,45051.0,2,13809.76,5000.0,15809.0,13809.76
2015-10-03T00:00:00.000Z,1,45035.0,2,20000.0,5968.78,21008.0,20000.0
2015-10-27T00:00:00.000Z,11,45013.0,1,23977.61,0.0,25977.0,23977.61
2015-10-07T00:00:00.000Z,11,45051.0,2,27373.59,0.0,37374.0,27373.59
2015-10-04T00:00:00.000Z,11,45019.0,4,1893.64,0.0,3144.0,1893.64
2015-10-03T00:00:00.000Z,18,45019.0,2,13434.09,0.0,15434.0,13434.09
2015-10-04T00:00:00.000Z,1,45079.0,4,250000.0,20300.0,237610.0,250000.0
2015-10-04T00:00:00.000Z,1,45019.0,4,5150.0,0.0,5901.0,5150.0
2015-08-18T00:00:00.000Z,6,45019.0,4,0.0,54299.73,,0.0
2015-10-05T00:00:00.000Z,1,45063.0,2,12604.3,5300.0,13085.0,12604.3
2015-10-04T00:00:00.000Z,1,45019.0,4,46865.58,0.0,48866.0,46865.58
2015-10-04T00:00:00.000Z,1,45063.0,2,5122.78,0.0,6373.0,5122.78
2015-10-04T00:00:00.000Z,1,45043.0,4,1245.12,0.0,2245.0,1245.12
2015-10-04T00:00:00.000Z,1,45051.0,2,16102.23,0.0,15912.0,16102.23
2015-10-01T00:00:00.000Z,11,45041.0,4,,,1240.0,0.0
2015-10-04T00:00:00.000Z,1,45019.0,4,63747.54,0.0,65747.0,63747.54
2015-10-04T00:00:00.000Z,11,45079.0,2,61285.73,23607.67,55350.0,61285.73
2015-10-04T00:00:00.000Z,11,45063.0,0,51180.76,0.0,55181.0,51180.76
2015-10-03T00:00:00.000Z,1,45019.0,2,906.57,0.0,2151.0,906.57
2015-10-06T00:00:00.000Z,1,45043.0,2,194011.17,5674.88,198515.0,194011.17
2015-10-03T00:00:00.000Z,1,45075.0,4,2724.44,0.0,3724.0,2724.44
2015-10-04T00:00:00.000Z,1,45079.0,4,13601.29,5684.82,13036.0,13601.29
2015-10-04T00:00:00.000Z,1,45079.0,4,11025.22,382.33,12024.0,11025.22
2015-10-05T00:00:00.000Z,1,45035.0,4,1769.95,0.0,3020.0,1769.95
2015-10-05T00:00:00.000Z,1,45051.0,4,1131.8,0.0,2381.0,1131.8
2015-10-27T00:00:00.000Z,11,45019.0,1,,,3473.0,0.0
2015-10-04T00:00:00.000Z,2,45085.0,2,34802.96,0.0,39053.0,34802.96
2015-10-04T00:00:00.000Z,1,45019.0,2,11595.98,0.0,12845.0,11595.98
2015-10-03T00:00:00.000Z,1,45019.0,4,2236.38,0.0,3109.0,2236.38
2015-10-04T00:00:00.000Z,1,45019.0,4,,,,0.0
2015-10-04T00:00:00.000Z,1,45089.0,2,20779.04,0.0,25779.0,20779.04
2015-10-03T00:00:00.000Z,2,45019.0,0,35785.86,0.0,37786.0,35785.86
2015-10-03T00:00:00.000Z,1,45063.0,0,,,,0.0
2015-11-03T00:00:00.000Z,1,45019.0,4,,,4511.0,0.0
2015-10-03T00:00:00.000Z,18,45043.0,4,,,,0.0
2015-10-03T00:00:00.000Z,1,45019.0,4,12201.49,4141.68,11221.0,12201.49
2015-10-03T00:00:00.000Z,1,45019.0,2,,,1851.0,0.0
2015-12-26T00:00:00.000Z,11,45007.0,2,,,,0.0
2015-10-02T00:00:00.000Z,11,45015.0,4,3318.55,0.0,4319.0,3318.55
2015-10-06T00:00:00.000Z,1,45051.0,4,,,,0.0
2015-08-01T00:00:00.000Z,1,45035.0,0,,,,0.0
2015-10-07T00:00:00.000Z,3,45019.0,4,,,,0.0
2015-10-03T00:00:00.000Z,12,45019.0,1,24772.88,441.85,26772.0,24772.88
2015-10-04T00:00:00.000Z,1,45063.0,2,30483.63,0.0,28897.0,30483.63
2015-10-04T00:00:00.000Z,1,45019.0,4,,,,0.0
2015-10-03T00:00:00.000Z,1,45019.0,2,1629.93,0.0,2795.0,1629.93
2015-10-10T00:00:00.000Z,11,45051.0,4,,,,0.0
2015-10-08T00:00:00.000Z,1,45043.0,1,10086.87,0.0,14191.0,10086.87
2015-10-02T00:00:00.000Z,1,45051.0,1,30679.78,19298.14,29169.0,30679.78
2015-10-04T00:00:00.000Z,1,45063.0,0,,,,0.0
2015-10-04T00:00:00.000Z,1,45041.0,4,2500.0,0.0,3776.0,2500.0
2015-10-05T00:00:00.000Z,1,45051.0,4,2196.99,0.0,3196.0,2196.99
2015-10-03T00:00:00.000Z,11,45019.0,1,2469.8,0.0,3719.0,2469.8
2015-10-03T00:00:00.000Z,11,45051.0,4,3153.23,0.0,4022.0,3153.23
2015-10-03T00:00:00.000Z,1,45019.0,2,6356.21,0.0,7438.0,6356.21
2015-10-03T00:00:00.000Z,11,45019.0,4,50000.0,20000.0,51172.0,50000.0
2015-10-15T00:00:00.000Z,11,45019.0,4,14353.77,0.0,15198.0,14353.77
2015-10-08T00:00:00.000Z,1,45079.0,4,8024.32,2753.34,9024.0,8024.32
2015-10-02T00:00:00.000Z,1,45079.0,4,7726.55,0.0,7687.0,7726.55
2015-10-04T00:00:00.000Z,1,45085.0,0,605.07,0.0,1671.0,605.07
2015-10-03T00:00:00.000Z,11,45019.0,4,12315.25,0.0,12839.0,12315.25
2015-10-10T00:00:00.000Z,1,45051.0,2,,,954.0,0.0
2015-10-04T00:00:00.000Z,11,45019.0,4,6770.67,0.0,7771.0,6770.67
2015-10-04T00:00:00.000Z,1,45043.0,4,3350.32,0.0,4350.0,3350.32
2015-10-03T00:00:00.000Z,1,45019.0,4,74324.68,11437.39,78575.0,74324.68
2015-12-30T00:00:00.000Z,1,45067.0,4,1001.12,0.0,2001.0,1001.12
2015-10-03T00:00:00.000Z,1,45019.0,4,40649.03,0.0,40053.0,40649.03
2015-10-04T00:00:00.000Z,15,45051.0,4,48966.99,0.0,54702.0,48966.99
2015-10-03T00:00:00.000Z,1,45019.0,0,215.02,0.0,1466.0,215.02
2015-10-04T00:00:00.000Z,1,45079.0,0,,,,0.0
2015-10-03T00:00:00.000Z,1,45079.0,2,42673.86,0.0,28071.0,42673.86
2015-10-05T00:00:00.000Z,11,45051.0,4,6944.7,0.0,7140.0,6944.7
2015-10-03T00:00:00.000Z,11,45079.0,4,4888.51,0.0,4927.0,4888.51
2015-10-05T00:00:00.000Z,15,45079.0,2,,,,0.0
2015-10-03T00:00:00.000Z,11,45041.0,4,120221.6,0.0,110376.0,120221.6
2015-10-04T00:00:00.000Z,11,45051.0,,,,,0.0
2015-10-04T00:00:00.000Z,11,45085.0,4,88002.58,0.0,84433.0,88002.58
2015-10-04T00:00:00.000Z,1,45063.0,2,11209.55,0.0,13209.0,11209.55
2015-10-03T00:00:00.000Z,1,45019.0,4,4821.68,0.0,6071.0,4821.68
2015-10-04T00:00:00.000Z,1,45051.0,4,45610.56,57596.44,42636.0,45610.56
2015-10-04T00:00:00.000Z,1,45019.0,4,49932.19,27800.42,46725.0,49932.19
2015-10-03T00:00:00.000Z,1,45051.0,0,,,1131.0,0.0
2015-10-03T00:00:00.000Z,11,45019.0,0,37957.83,11266.93,36797.0,37957.83
2015-10-04T00:00:00.000Z,1,45051.0,0,2775.13,0.0,4025.0,2775.13
2015-10-03T00:00:00.000Z,11,45019.0,2,3919.97,0.0,5014.0,3919.97
2015-10-02T00:00:00.000Z,1,45051.0,4,2836.01,0.0,2278.0,2836.01
2015-10-07T00:00:00.000Z,1,45029.0,2,3766.15,0.0,4911.0,3766.15
2015-12-31T00:00:00.000Z,11,45039.0,2,52550.22,0.0,53800.0,52550.22
2015-10-02T00:00:00.000Z,1,45019.0,2,4773.07,0.0,8915.0,4773.07
2015-10-04T00:00:00.000Z,1,45079.0,2,22363.1,0.0,20024.0,22363.1
2015-10-05T00:00:00.000Z,1,45043.0,4,16460.72,0.0,16738.0,16460.72
2015-10-03T00:00:00.000Z,1,45079.0,0,,,9253.0,0.0
2015-10-04T00:00:00.000Z,1,45013.0,4,,,445.0,0.0
2015-10-06T00:00:00.000Z,11,45043.0,2,1102.76,0.0,2216.0,1102.76
2015-10-04T00:00:00.000Z,1,45019.0,4,69097.73,12449.14,64004.0,69097.73
2015-10-05T00:00:00.000Z,1,45035.0,2,2589.01,0.0,4051.0,2589.01
2015-10-06T00:00:00.000Z,1,45079.0,4,30312.92,0.0,32312.0,30312.92
2015-10-04T00:00:00.000Z,15,45043.0,,,,,0.0
2015-12-01T00:00:00.000Z,11,45043.0,0,,,,0.0
2015-10-05T00:00:00.000Z,1,45043.0,2,155475.29,47074.2,160475.0,155475.29
2015-11-08T00:00:00.000Z,1,45019.0,4,,,,0.0
2015-10-03T00:00:00.000Z,1,45019.0,4,7247.9,0.0,7947.0,7247.9
2015-10-03T00:00:00.000Z,11,45035.0,2,3214.32,0.0,4352.0,3214.32
2015-10-03T00:00:00.000Z,4,45063.0,4,34401.59,11933.13,39401.0,34401.59
2015-10-03T00:00:00.000Z,1,45019.0,2,3312.24,0.0,4541.0,3312.24
2015-10-04T00:00:00.000Z,1,45063.0,4,44169.66,0.0,42535.0,44169.66
2015-10-02T00:00:00.000Z,11,45041.0,2,4033.2,0.0,4693.0,4033.2
2015-10-05T00:00:00.000Z,2,45035.0,0,,,,0.0
2015-10-04T00:00:00.000Z,2,45047.0,4,,,,0.0
2015-10-05T00:00:00.000Z,1,45063.0,2,19625.73,0.0,18234.0,19625.73
2015-10-03T00:00:00.000Z,11,45035.0,2,25642.7,0.0,24547.0,25642.7
2015-10-03T00:00:00.000Z,1,45015.0,2,29309.42,0.0,30809.0,29309.42
2015-10-04T00:00:00.000Z,11,45063.0,4,10000.0,0.0,19920.0,10000.0
2015-10-03T00:00:00.000Z,1,45013.0,0,7593.58,0.0,8844.0,7593.58
2015-10-04T00:00:00.000Z,11,45015.0,2,4821.12,0.0,9821.0,4821.12
2015-10-07T00:00:00.000Z,11,45043.0,0,135000.0,20000.0,149053.0,135000.0
2015-10-03T00:00:00.000Z,1,45019.0,3,,,,0.0
2015-10-05T00:00:00.000Z,11,45035.0,4,9796.66,2021.72,10175.0,9796.66
2015-10-03T00:00:00.000Z,2,45019.0,4,,,3404.0,0.0
2015-10-04T00:00:00.000Z,1,45019.0,4,341.58,0.0,1592.0,341.58
2015-10-03T00:00:00.000Z,11,45019.0,4,2559.56,0.0,3578.0,2559.56
2015-10-04T00:00:00.000Z,11,45079.0,4,124900.0,0.0,133327.0,124900.0
2015-10-05T00:00:00.000Z,11,45035.0,4,4596.99,1631.65,5212.0,4596.99
2015-10-03T00:00:00.000Z,1,45079.0,4,68394.75,17746.36,62723.0,68394.75
2015-10-01T00:00:00.000Z,1,45019.0,0,11762.75,0.0,13013.0,11762.75
2015-10-04T00:00:00.000Z,6,45089.0,2,63454.42,0.0,68454.0,63454.42
2015-10-03T00:00:00.000Z,1,45019.0,4,,,1756.0,0.0
2015-10-03T00:00:00.000Z,1,45019.0,1,,,1416.0,0.0
2015-10-02T00:00:00.000Z,11,45019.0,4,,,1531.0,0.0
2015-10-10T00:00:00.000Z,11,45019.0,4,887.07,0.0,2589.0,887.07
2015-10-04T00:00:00.000Z,1,45063.0,2,90300.47,0.0,92300.0,90300.47
2015-10-04T00:00:00.000Z,11,45079.0,2,19679.86,0.0,19299.0,19679.86
2015-10-04T00:00:00.000Z,11,45015.0,4,37223.5,0.0,34631.0,37223.5
2015-10-03T00:00:00.000Z,1,45035.0,2,31000.29,0.0,31788.0,31000.29
2015-10-04T00:00:00.000Z,1,45079.0,4,22541.84,0.0,13190.0,22541.84
2015-10-07T00:00:00.000Z,1,45019.0,4,8462.83,0.0,9712.0,8462.83
2015-09-27T00:00:00.000Z,11,45051.0,4,16045.65,4195.94,18045.0,16045.65
2015-10-04T00:00:00.000Z,1,45079.0,4,1165.59,0.0,1967.0,1165.59
2015-10-04T00:00:00.000Z,1,45079.0,4,21910.89,497.23,16577.0,21910.89
2015-10-02T00:00:00.000Z,1,45019.0,2,13495.94,0.0,14378.0,13495.94
2015-10-04T00:00:00.000Z,1,45019.0,4,15976.24,5580.85,16679.0,15976.24
2015-10-04T00:00:00.000Z,1,45051.0,0,,,,0.0
2015-10-05T00:00:00.000Z,12,45079.0,2,5346.35,0.0,7346.0,5346.35
2015-10-03T00:00:00.000Z,11,45019.0,4,8409.04,0.0,9607.0,8409.04
2015-10-04T00:00:00.000Z,11,45019.0,4,16766.96,0.0,16306.0,16766.96
2015-10-03T00:00:00.000Z,11,45051.0,0,,,230.0,0.0
2015-10-04T00:00:00.000Z,3,45019.0,4,,,510.0,0.0
2015-10-01T00:00:00.000Z,6,45019.0,4,,,67.0,0.0
2015-10-03T00:00:00.000Z,1,45035.0,2,1581.24,0.0,3581.0,1581.24
2015-10-04T00:00:00.000Z,1,45041.0,2,,,384.0,0.0
2015-10-03T00:00:00.000Z,1,45079.0,2,,,633.0,0.0
2015-10-04T00:00:00.000Z,2,45019.0,4,,,,0.0
2015-10-04T00:00:00.000Z,1,45047.0,4,1029.34,0.0,3029.0,1029.34
2015-10-03T00:00:00.000Z,11,45031.0,2,8816.36,0.0,10816.0,8816.36
2015-10-04T00:00:00.000Z,1,45019.0,4,9909.18,4051.45,10313.0,9909.18
2015-10-04T00:00:00.000Z,1,45079.0,4,17170.23,0.0,17794.0,17170.23
2015-10-04T00:00:00.000Z,1,45015.0,4,7647.46,128.15,7688.0,7647.46
2015-10-04T00:00:00.000Z,11,45015.0,2,1894.38,0.0,3144.0,1894.38
2015-10-03T00:00:00.000Z,1,45019.0,4,850.65,0.0,2101.0,850.65
2015-10-04T00:00:00.000Z,1,45041.0,2,23281.59,0.0,24282.0,23281.59
2015-10-04T00:00:00.000Z,11,45079.0,4,,,3821.0,0.0
2015-10-04T00:00:00.000Z,1,45019.0,4,17043.45,3559.98,16925.0,17043.45
2015-10-03T00:00:00.000Z,1,45019.0,4,33891.93,0.0,35561.0,33891.93
2015-10-03T00:00:00.000Z,1,45019.0,0,,,,0.0
2015-10-04T00:00:00.000Z,1,45019.0,2,22446.05,0.0,22385.0,22446.05
2015-10-03T00:00:00.000Z,1,45035.0,2,47772.16,3934.87,42628.0,47772.16
2015-10-04T00:00:00.000Z,1,45019.0,4,,,2569.0,0.0
2015-10-09T00:00:00.000Z,1,45051.0,4,1871.59,0.0,2872.0,1871.59
2015-10-02T00:00:00.000Z,1,45019.0,4,7122.12,0.0,7507.0,7122.12
2015-10-03T00:00:00.000Z,1,45019.0,4,3411.95,0.0,5411.0,3411.95
2015-10-06T00:00:00.000Z,4,45035.0,2,0.0,74038.57,,0.0
2015-10-04T00:00:00.000Z,1,45035.0,4,42777.39,0.0,44027.0,42777.39
2015-10-04T00:00:00.000Z,1,45019.0,1,16251.41,0.0,16790.0,16251.41
2015-10-05T00:00:00.000Z,1,45019.0,4,,,522.0,0.0
2015-08-31T00:00:00.000Z,11,45015.0,2,,,,0.0
2015-10-03T00:00:00.000Z,1,45035.0,2,121573.09,24600.0,115519.0,121573.09
2015-10-04T00:00:00.000Z,11,45051.0,2,,,912.0,0.0
2015-10-03T00:00:00.000Z,1,45019.0,1,,,1960.0,0.0
2015-10-05T00:00:00.000Z,3,45015.0,,,,,0.0
2015-10-04T00:00:00.000Z,1,45019.0,4,82.84,0.0,3082.0,82.84
2015-10-04T00:00:00.000Z,1,45051.0,0,18900.0,0.0,24017.0,18900.0
2015-10-04T00:00:00.000Z,11,45019.0,2,13403.73,1916.84,12608.0,13403.73
2015-10-03T00:00:00.000Z,1,45079.0,2,35034.14,0.0,29489.0,35034.14
2015-10-04T00:00:00.000Z,1,45019.0,4,14532.47,1576.43,13394.0,14532.47
2015-10-03T00:00:00.000Z,11,45051.0,0,4636.33,0.0,5887.0,4636.33
2015-10-03T00:00:00.000Z,1,45019.0,4,,,3569.0,0.0
2015-10-18T00:00:00.000Z,1,45019.0,4,10862.01,0.0,11862.0,10862.01
2015-10-02T00:00:00.000Z,1,45019.0,4,139.84,0.0,1389.0,139.84
2015-10-05T00:00:00.000Z,1,45019.0,4,2673.39,0.0,3608.0,2673.39
2015-10-11T00:00:00.000Z,1,45029.0,2,6785.05,0.0,8785.0,6785.05
2015-10-03T00:00:00.000Z,1,45019.0,1,22591.02,11853.7,22935.0,22591.02
2015-10-04T00:00:00.000Z,1,45063.0,0,3658.92,0.0,6658.0,3658.92
2015-10-03T00:00:00.000Z,1,45019.0,2,78100.0,11600.0,80496.0,78100.0
2015-10-04T00:00:00.000Z,1,45063.0,2,135533.68,15510.81,139562.0,135533.68
2015-10-03T00:00:00.000Z,1,45019.0,4,8481.72,0.0,13481.0,8481.72
2015-10-04T00:00:00.000Z,11,45079.0,4,,,,0.0
2015-10-05T00:00:00.000Z,11,45041.0,4,9148.27,0.0,14148.0,9148.27
2015-10-03T00:00:00.000Z,1,45063.0,2,7927.34,5193.82,8927.0,7927.34
2015-10-04T00:00:00.000Z,1,45035.0,4,27498.24,0.0,30498.0,27498.24
2015-10-03T00:00:00.000Z,1,45079.0,2,149919.38,0.0,146721.0,149919.38
2015-10-04T00:00:00.000Z,1,45079.0,2,18066.71,0.0,18685.0,18066.71
2015-10-04T00:00:00.000Z,3,45079.0,0,144046.93,0.0,146047.0,144046.93
2015-10-04T00:00:00.000Z,2,45079.0,2,,,4959.0,0.0
2015-10-03T00:00:00.000Z,1,45079.0,4,,,1161.0,0.0
2015-10-03T00:00:00.000Z,11,45019.0,4,30879.63,0.0,32130.0,30879.63
2015-10-04T00:00:00.000Z,1,45019.0,1,,,4837.0,0.0
2015-10-04T00:00:00.000Z,1,45041.0,2,30557.01,0.0,28365.0,30557.01
2015-10-10T00:00:00.000Z,1,45019.0,4,2041.42,0.0,3117.0,2041.42
2015-10-05T00:00:00.000Z,15,45079.0,2,,,,0.0
2015-10-03T00:00:00.000Z,1,45015.0,0,86665.81,35127.49,87916.0,86665.81
2015-10-04T00:00:00.000Z,11,45047.0,4,17906.69,0.0,19407.0,17906.69
2015-10-05T00:00:00.000Z,1,45019.0,4,58192.99,0.0,55052.0,58192.99
2015-10-04T00:00:00.000Z,1,45079.0,2,7077.35,0.0,11400.0,7077.35
2015-10-02T00:00:00.000Z,1,45051.0,4,414.84,0.0,1665.0,414.84
2015-10-03T00:00:00.000Z,1,45035.0,2,62000.9,0.0,67001.0,62000.9
2015-10-01T00:00:00.000Z,1,45019.0,4,12596.89,0.0,13090.0,12596.89
2015-10-03T00:00:00.000Z,11,45019.0,4,52013.47,7664.88,44504.0,52013.47
2015-10-05T00:00:00.000Z,11,45051.0,4,2670.97,0.0,3309.0,2670.97
2015-10-03T00:00:00.000Z,1,45051.0,4,,,,0.0
2015-10-01T00:00:00.000Z,1,45043.0,1,11355.82,0.0,12605.0,11355.82
2015-10-02T00:00:00.000Z,1,45051.0,2,,,,0.0
2015-10-03T00:00:00.000Z,1,45019.0,4,12979.02,0.0,14979.0,12979.02
2015-10-04T00:00:00.000Z,1,45019.0,4,2102.76,0.0,6701.0,2102.76
2015-10-04T00:00:00.000Z,11,45079.0,0,15306.66,7058.45,16557.0,15306.66
2015-10-03T00:00:00.000Z,4,45079.0,4,18334.98,0.0,23334.0,18334.98
2015-10-05T00:00:00.000Z,2,45035.0,0,,,,0.0
2015-10-03T00:00:00.000Z,1,45035.0,4,3369.55,0.0,4619.0,3369.55
2015-10-03T00:00:00.000Z,1,45035.0,4,21654.65,0.0,22905.0,21654.65
2015-10-05T00:00:00.000Z,11,45019.0,4,14050.77,0.0,10220.0,14050.77
2015-10-12T00:00:00.000Z,11,45063.0,4,,,578.0,0.0
2015-10-06T00:00:00.000Z,15,45019.0,0,,,,0.0
2015-10-04T00:00:00.000Z,11,45015.0,4,5347.66,0.0,5669.0,5347.66
2015-10-05T00:00:00.000Z,1,45051.0,0,,,,0.0
2015-10-04T00:00:00.000Z,1,45079.0,2,11213.13,0.0,12213.0,11213.13
2015-10-03T00:00:00.000Z,1,45043.0,2,595.75,0.0,5139.0,595.75
2015-10-04T00:00:00.000Z,1,45051.0,4,54229.87,14334.89,52840.0,54229.87
2015-10-03T00:00:00.000Z,1,45051.0,4,14977.37,7043.66,14105.0,14977.37
2015-10-03T00:00:00.000Z,3,45019.0,4,138221.15,0.0,143221.0,138221.15
2015-10-02T00:00:00.000Z,2,45019.0,4,7794.71,0.0,9045.0,7794.71
2015-10-04T00:00:00.000Z,1,45019.0,4,7064.08,0.0,12064.0,7064.08
2015-10-05T00:00:00.000Z,1,45051.0,4,36235.52,5686.21,37485.0,36235.52
2015-10-03T00:00:00.000Z,11,45019.0,2,3760.04,0.0,5010.0,3760.04
2015-10-04T00:00:00.000Z,1,45019.0,4,330.5,0.0,3330.0,330.5
2015-10-02T00:00:00.000Z,4,45019.0,4,16783.05,0.0,18784.0,16783.05
2015-10-05T00:00:00.000Z,18,45019.0,0,,,,0.0
2015-10-04T00:00:00.000Z,11,45063.0,2,,,,0.0
2015-10-03T00:00:00.000Z,1,45019.0,4,118.29,0.0,1368.0,118.29
2015-10-04T00:00:00.000Z,1,45051.0,0,23426.05,7105.17,24677.0,23426.05
2015-06-03T00:00:00.000Z,6,45063.0,3,6654.06,0.0,7654.0,6654.06
2015-10-03T00:00:00.000Z,1,45079.0,0,,,1887.0,0.0
2015-10-02T00:00:00.000Z,11,45079.0,2,250000.0,38844.09,366717.0,250000.0
2015-10-04T00:00:00.000Z,11,45085.0,2,185060.13,0.0,175741.0,185060.13
2015-10-03T00:00:00.000Z,1,45079.0,4,48292.98,0.0,53292.0,48292.98
2015-10-04T00:00:00.000Z,11,45051.0,2,3657.91,16325.93,4882.0,3657.91
2015-10-04T00:00:00.000Z,1,45063.0,4,32547.63,6017.87,31902.0,32547.63
2015-10-04T00:00:00.000Z,1,45079.0,4,161810.26,11600.0,155078.0,161810.26
2015-10-03T00:00:00.000Z,1,45013.0,0,,,599.0,0.0
2015-10-02T00:00:00.000Z,1,45051.0,4,8791.55,0.0,9792.0,8791.55
2015-08-31T00:00:00.000Z,1,45019.0,4,35832.26,10000.0,40832.0,35832.26
2015-10-04T00:00:00.000Z,1,45051.0,0,48711.5,18000.0,50712.0,48711.5
2015-10-03T00:00:00.000Z,11,45051.0,0,1500.21,0.0,2501.0,1500.21
2015-10-04T00:00:00.000Z,1,45019.0,4,53044.17,0.0,49362.0,53044.17
2015-10-05T00:00:00.000Z,11,45051.0,4,6377.93,0.0,6778.0,6377.93
2015-10-12T00:00:00.000Z,1,45019.0,0,,,,0.0
2015-10-03T00:00:00.000Z,1,45019.0,2,66442.83,18174.34,62310.0,66442.83
2015-10-04T00:00:00.000Z,11,45019.0,4,3161.9,0.0,4412.0,3161.9
2015-11-05T00:00:00.000Z,1,45079.0,4,8727.18,0.0,9728.0,8727.18
2015-10-05T00:00:00.000Z,1,45051.0,0,4089.24,0.0,5590.0,4089.24
2015-10-04T00:00:00.000Z,1,45019.0,4,1012.61,0.0,2262.0,1012.61
2015-10-03T00:00:00.000Z,1,45019.0,4,30244.67,0.0,32638.0,30244.67
2015-10-04T00:00:00.000Z,1,45019.0,4,13359.0,0.0,12741.0,13359.0
2015-05-10T00:00:00.000Z,12,45051.0,4,33060.05,1437.48,35061.0,33060.05
2015-10-14T00:00:00.000Z,1,45043.0,1,,,,0.0
2015-10-04T00:00:00.000Z,1,45063.0,4,19672.73,0.0,21673.0,19672.73
2015-10-02T00:00:00.000Z,11,45043.0,4,17351.31,2549.86,15576.0,17351.31
2015-10-03T00:00:00.000Z,15,45043.0,2,26565.35,0.0,25538.0,26565.35
2015-10-03T00:00:00.000Z,1,45019.0,0,26.52,500.73,1276.0,26.52
2015-10-04T00:00:00.000Z,1,45019.0,4,,,675.0,0.0
2015-10-03T00:00:00.000Z,1,45063.0,2,9947.26,0.0,11012.0,9947.26
2015-10-04T00:00:00.000Z,3,45079.0,0,158435.54,0.0,160436.0,158435.54
2015-10-03T00:00:00.000Z,11,45015.0,4,12813.72,0.0,14420.0,12813.72
2015-10-01T00:00:00.000Z,1,45079.0,4,9360.24,0.0,8845.0,9360.24
2015-10-04T00:00:00.000Z,11,45015.0,2,5731.21,9632.27,6295.0,5731.21
2015-10-04T00:00:00.000Z,1,45051.0,2,,,,0.0
2015-10-04T00:00:00.000Z,11,45019.0,4,37902.77,0.0,35767.0,37902.77
2015-10-03T00:00:00.000Z,1,45015.0,0,,,,0.0
2015-10-02T00:00:00.000Z,6,45043.0,4,0.0,3961.99,,0.0
2015-10-25T00:00:00.000Z,1,45013.0,4,23030.18,0.0,24280.0,23030.18
2015-10-04T00:00:00.000Z,1,45019.0,0,,,2332.0,0.0
2015-10-01T00:00:00.000Z,11,45019.0,2,12995.68,0.0,11117.0,12995.68
2015-10-04T00:00:00.000Z,1,45043.0,4,3037.66,0.0,4287.0,3037.66
2015-10-04T00:00:00.000Z,1,45085.0,4,24392.93,0.0,21404.0,24392.93
2015-10-03T00:00:00.000Z,1,45019.0,2,15489.51,10419.64,14017.0,15489.51
2015-10-05T00:00:00.000Z,1,45019.0,4,6523.05,0.0,7523.0,6523.05
2015-10-22T00:00:00.000Z,4,45019.0,0,,,,0.0
2015-10-04T00:00:00.000Z,1,45019.0,4,36357.48,9921.14,38357.0,36357.48
2015-10-04T00:00:00.000Z,11,45079.0,2,2686.15,0.0,3936.0,2686.15
2015-10-02T00:00:00.000Z,1,45051.0,2,27094.86,14499.27,29345.0,27094.86
2015-10-03T00:00:00.000Z,1,45015.0,4,44486.72,0.0,46487.0,44486.72
2015-10-04T00:00:00.000Z,1,45027.0,4,,,,0.0
2015-10-04T00:00:00.000Z,1,45051.0,0,,,1043.0,0.0
2015-10-04T00:00:00.000Z,11,45079.0,2,222658.46,31635.11,205673.0,222658.46
2015-08-31T00:00:00.000Z,1,45019.0,0,41668.06,5657.08,39571.0,41668.06
2015-10-03T00:00:00.000Z,1,45019.0,4,,,,0.0
2015-10-09T00:00:00.000Z,11,45019.0,4,4622.05,0.0,5605.0,4622.05
2015-10-03T00:00:00.000Z,1,45019.0,1,,,3505.0,0.0
2015-10-02T00:00:00.000Z,1,45079.0,3,594.8,0.0,1844.0,594.8
2015-10-03T00:00:00.000Z,1,45019.0,2,16167.18,0.0,15512.0,16167.18
2015-10-03T00:00:00.000Z,1,45019.0,4,14880.69,0.0,16881.0,14880.69
2015-10-04T00:00:00.000Z,11,45019.0,4,1125.87,0.0,2369.0,1125.87
2015-11-10T00:00:00.000Z,11,45063.0,4,24978.91,0.0,23790.0,24978.91
2015-10-04T00:00:00.000Z,11,45019.0,4,7323.57,0.0,9934.0,7323.57
2015-10-03T00:00:00.000Z,1,45051.0,1,32877.84,9811.86,31006.0,32877.84
2015-10-04T00:00:00.000Z,1,45079.0,4,,,35.0,0.0
2015-10-04T00:00:00.000Z,1,45079.0,4,11176.21,0.0,16176.0,11176.21
2015-10-01T00:00:00.000Z,1,45019.0,4,27255.73,0.0,27377.0,27255.73
2015-10-07T00:00:00.000Z,11,45043.0,4,3411.93,0.0,3610.0,3411.93
2015-10-09T00:00:00.000Z,3,45079.0,4,,,,0.0
2015-10-04T00:00:00.000Z,11,45019.0,4,5720.91,0.0,6484.0,5720.91
2015-08-31T00:00:00.000Z,1,45015.0,4,6867.41,5486.66,8823.0,6867.41
2015-10-04T00:00:00.000Z,1,45035.0,2,698.7,0.0,1949.0,698.7
2015-10-05T00:00:00.000Z,1,45019.0,2,1161.21,0.0,2411.0,1161.21
2015-10-10T00:00:00.000Z,4,45019.0,0,,,,0.0
2015-10-03T00:00:00.000Z,1,45019.0,2,20441.05,0.0,22441.0,20441.05
2015-10-03T00:00:00.000Z,1,45015.0,2,362.77,0.0,1339.0,362.77
2015-10-03T00:00:00.000Z,1,45051.0,4,5888.51,0.0,4822.0,5888.51
2015-10-02T00:00:00.000Z,1,45019.0,4,6231.93,0.0,10329.0,6231.93
2015-10-04T00:00:00.000Z,1,45019.0,4,,,2505.0,0.0
2015-10-06T00:00:00.000Z,11,45019.0,4,,,819.0,0.0
2015-10-04T00:00:00.000Z,1,45019.0,4,7916.72,0.0,8257.0,7916.72
2015-10-05T00:00:00.000Z,1,45035.0,2,2811.65,0.0,3895.0,2811.65
2015-10-06T00:00:00.000Z,1,45009.0,2,34269.43,5200.0,36269.0,34269.43
2015-10-04T00:00:00.000Z,11,45079.0,4,,,,0.0
2015-10-03T00:00:00.000Z,11,45019.0,4,30138.05,0.0,31388.0,30138.05
2015-10-03T00:00:00.000Z,1,45063.0,4,7349.3,19.66,7383.0,7349.3
2015-10-03T00:00:00.000Z,11,45019.0,4,6961.63,0.0,7670.0,6961.63
2015-10-04T00:00:00.000Z,11,45019.0,0,25565.73,0.0,30566.0,25565.73
2015-10-04T00:00:00.000Z,1,45019.0,4,19114.31,0.0,22114.0,19114.31
2015-10-04T00:00:00.000Z,1,45019.0,4,,,761.0,0.0
2015-10-06T00:00:00.000Z,1,45043.0,4,2015.11,0.0,5015.0,2015.11
2015-10-05T00:00:00.000Z,1,45019.0,1,,,,0.0
2015-10-03T00:00:00.000Z,1,45019.0,4,,,1453.0,0.0
2015-10-03T00:00:00.000Z,18,45019.0,0,37697.08,0.0,39698.0,37697.08
2015-10-02T00:00:00.000Z,11,45063.0,2,4135.17,0.0,7478.0,4135.17
2015-10-03T00:00:00.000Z,11,45029.0,4,17916.19,0.0,19166.0,17916.19
2015-10-03T00:00:00.000Z,1,45043.0,4,3066.33,243.98,4232.0,3066.33
2015-10-04T00:00:00.000Z,11,45019.0,4,,,1607.0,0.0
2015-10-05T00:00:00.000Z,1,45019.0,2,3099.47,0.0,4349.0,3099.47
2015-10-04T00:00:00.000Z,1,45019.0,0,614.86,0.0,1865.0,614.86
2015-12-31T00:00:00.000Z,1,45039.0,2,41404.03,0.0,46404.0,41404.03
2015-10-04T00:00:00.000Z,1,45079.0,4,49153.22,16050.24,39466.0,49153.22
2015-10-03T00:00:00.000Z,4,45035.0,4,133082.82,32406.22,134332.0,133082.82
2015-10-02T00:00:00.000Z,18,45051.0,4,11705.79,212802.62,13706.0,11705.79
2015-10-01T00:00:00.000Z,1,45019.0,4,3900.39,0.0,4786.0,3900.39
2015-10-03T00:00:00.000Z,1,45019.0,4,14226.54,0.0,15477.0,14226.54
2015-10-04T00:00:00.000Z,1,45079.0,2,175211.63,21034.04,177212.0,175211.63
2015-10-04T00:00:00.000Z,1,45079.0,2,29731.3,9476.63,28246.0,29731.3
2015-10-04T00:00:00.000Z,2,45047.0,4,15086.14,0.0,20086.0,15086.14
2015-06-03T00:00:00.000Z,1,45063.0,2,22911.31,4682.9,21742.0,22911.31
2015-10-06T00:00:00.000Z,1,45085.0,4,5799.24,0.0,8497.0,5799.24
2015-09-21T00:00:00.000Z,1,45079.0,4,32525.25,0.0,33525.0,32525.25
2015-10-04T00:00:00.000Z,1,45019.0,0,,,,0.0
2015-10-04T00:00:00.000Z,1,45055.0,2,,,1804.0,0.0
2015-10-02T00:00:00.000Z,11,45019.0,4,757.65,0.0,1949.0,757.65
2015-10-03T00:00:00.000Z,1,45075.0,4,,,259.0,0.0
2015-10-03T00:00:00.000Z,11,45063.0,2,21357.78,0.0,20841.0,21357.78
2015-10-27T00:00:00.000Z,1,45043.0,1,9658.31,0.0,9763.0,9658.31
2015-10-03T00:00:00.000Z,1,45019.0,2,5641.44,0.0,8586.0,5641.44
2015-10-04T00:00:00.000Z,12,45079.0,2,92273.62,0.0,93524.0,92273.62
2015-10-10T00:00:00.000Z,1,45019.0,4,6112.69,0.0,7113.0,6112.69
2015-10-03T00:00:00.000Z,11,45019.0,1,627.77,0.0,1877.0,627.77
2015-10-04T00:00:00.000Z,1,45079.0,2,39700.0,0.0,90799.0,39700.0
2015-10-02T00:00:00.000Z,1,45009.0,2,,,,0.0
2015-10-03T00:00:00.000Z,18,45043.0,2,500000.0,303900.0,521135.0,500000.0
2015-10-04T00:00:00.000Z,1,45063.0,4,12811.46,80.32,13225.0,12811.46
2015-10-03T00:00:00.000Z,11,45051.0,4,66657.14,15960.55,68658.0,66657.14
2015-10-03T00:00:00.000Z,1,45019.0,0,10971.5,0.0,12222.0,10971.5
2015-10-04T00:00:00.000Z,1,45051.0,0,2337.86,0.0,3338.0,2337.86
2015-11-10T00:00:00.000Z,1,45063.0,4,2768.81,0.0,4768.0,2768.81
2015-10-04T00:00:00.000Z,11,45085.0,4,12605.33,0.0,13183.0,12605.33
2015-10-02T00:00:00.000Z,1,45051.0,4,2247.48,0.0,2858.0,2247.48
2015-10-02T00:00:00.000Z,11,45019.0,4,18752.26,11070.71,17942.0,18752.26
2015-10-03T00:00:00.000Z,1,45019.0,4,,,1035.0,0.0
2015-10-04T00:00:00.000Z,1,45079.0,4,15503.0,0.0,14824.0,15503.0
2015-10-03T00:00:00.000Z,11,45089.0,0,18498.71,0.0,19499.0,18498.71
2015-08-30T00:00:00.000Z,1,45019.0,4,32466.02,0.0,33716.0,32466.02
2015-10-02T00:00:00.000Z,1,45019.0,4,,,,0.0
2015-10-04T00:00:00.000Z,1,45019.0,4,46563.09,0.0,51563.0,46563.09
2015-10-04T00:00:00.000Z,11,45019.0,4,54825.7,0.0,50799.0,54825.7
2015-10-04T00:00:00.000Z,1,45051.0,4,,,,0.0
2015-10-06T00:00:00.000Z,1,45051.0,0,,,381.0,0.0
2015-10-04T00:00:00.000Z,11,45051.0,4,7453.09,0.0,8396.0,7453.09
2015-10-04T00:00:00.000Z,1,45019.0,4,1361.34,0.0,4361.0,1361.34
2015-10-02T00:00:00.000Z,11,45015.0,2,16597.86,0.0,18598.0,16597.86
2015-11-02T00:00:00.000Z,1,45079.0,,,,,0.0
2015-10-02T00:00:00.000Z,1,45019.0,4,52270.97,22228.55,57270.0,52270.97
2015-10-03T00:00:00.000Z,13,45019.0,4,,,,0.0
2015-12-30T00:00:00.000Z,11,45013.0,4,,,142.0,0.0
2015-06-09T00:00:00.000Z,1,45019.0,2,2395.34,0.0,3395.0,2395.34
2015-10-03T00:00:00.000Z,13,45085.0,4,,,,0.0
2015-10-03T00:00:00.000Z,11,45019.0,4,,,,0.0
2015-10-04T00:00:00.000Z,1,45063.0,2,,,,0.0
2015-10-04T00:00:00.000Z,1,45063.0,0,,,1272.0,0.0
2015-10-04T00:00:00.000Z,1,45051.0,4,87169.95,0.0,89169.0,87169.95
2015-10-03T00:00:00.000Z,1,45019.0,2,2277.0,0.0,3527.0,2277.0
2015-10-05T00:00:00.000Z,1,45085.0,4,30782.47,0.0,26140.0,30782.47
2015-10-04T00:00:00.000Z,11,45019.0,4,5070.95,0.0,3562.0,5070.95
2015-10-03T00:00:00.000Z,11,45019.0,2,,,,0.0
2015-10-04T00:00:00.000Z,1,45051.0,0,3989.19,0.0,5240.0,3989.19
2015-10-03T00:00:00.000Z,6,,2,,,643.0,0.0
2015-10-03T00:00:00.000Z,6,45079.0,2,0.0,6485.94,,0.0
2015-10-04T00:00:00.000Z,1,45063.0,2,73356.59,0.0,75357.0,73356.59
2015-10-04T00:00:00.000Z,1,45051.0,4,,,674.0,0.0
2015-08-30T00:00:00.000Z,3,45019.0,4,118996.41,0.0,120246.0,118996.41
2015-10-03T00:00:00.000Z,1,45015.0,4,,,,0.0
2015-10-04T00:00:00.000Z,1,45079.0,4,15442.73,9488.7,15366.0,15442.73
2015-10-04T00:00:00.000Z,1,45051.0,4,18639.53,0.0,18638.0,18639.53
2015-10-02T00:00:00.000Z,1,45019.0,4,4011.38,0.0,5231.0,4011.38
2015-10-13T00:00:00.000Z,1,45089.0,2,37045.41,0.0,39045.0,37045.41
2015-10-04T00:00:00.000Z,6,45079.0,2,39167.84,0.0,40417.0,39167.84
2015-10-03T00:00:00.000Z,11,45063.0,2,8903.53,0.0,9191.0,8903.53
2015-11-03T00:00:00.000Z,1,45019.0,4,15208.97,0.0,16458.0,15208.97
2015-10-04T00:00:00.000Z,15,45043.0,,,,,0.0
2015-10-05T00:00:00.000Z,1,45029.0,4,4157.79,0.0,5158.0,4157.79
2015-10-04T00:00:00.000Z,11,45019.0,0,,,,0.0
2015-10-04T00:00:00.000Z,12,45051.0,4,21806.09,3514.0,22806.0,21806.09
2015-10-04T00:00:00.000Z,1,45019.0,4,3228.28,0.0,5228.0,3228.28
2015-10-04T00:00:00.000Z,1,45019.0,4,2958.9,0.0,4209.0,2958.9
2015-08-31T00:00:00.000Z,18,45019.0,4,178257.26,0.0,179507.0,178257.26
2015-06-09T00:00:00.000Z,1,45019.0,2,2021.06,0.0,2986.0,2021.06
2015-10-04T00:00:00.000Z,11,45019.0,4,,,1022.0,0.0
2015-10-03T00:00:00.000Z,1,45019.0,2,,,903.0,0.0
2015-08-30T00:00:00.000Z,1,45019.0,4,27353.36,2542.66,30156.0,27353.36
2015-10-03T00:00:00.000Z,11,45051.0,4,,,145.0,0.0
2015-10-03T00:00:00.000Z,1,45051.0,2,7719.97,0.0,5857.0,7719.97
2015-10-04T00:00:00.000Z,11,45051.0,1,667.68,0.0,1918.0,667.68
2015-10-04T00:00:00.000Z,1,45019.0,4,0.0,4436.16,,0.0
2015-10-05T00:00:00.000Z,11,45041.0,2,60000.0,0.0,92177.0,60000.0
2015-10-03T00:00:00.000Z,1,45019.0,4,10066.87,0.0,14436.0,10066.87
2015-10-04T00:00:00.000Z,12,45063.0,2,,,1035.0,0.0
2015-10-03T00:00:00.000Z,11,45019.0,4,80833.12,36934.05,74376.0,80833.12
2015-06-25T00:00:00.000Z,1,45019.0,2,9149.95,0.0,9635.0,9149.95
2015-10-04T00:00:00.000Z,1,45027.0,2,3257.59,0.0,5257.0,3257.59
2015-10-06T00:00:00.000Z,1,45019.0,4,1936.26,0.0,3186.0,1936.26
2015-10-04T00:00:00.000Z,1,45085.0,4,,,2600.0,0.0
2015-10-03T00:00:00.000Z,1,45079.0,2,,,2431.0,0.0
2015-10-03T00:00:00.000Z,1,45079.0,4,250000.0,0.0,263209.0,250000.0
2015-10-04T00:00:00.000Z,11,45063.0,0,89261.24,11848.76,84057.0,89261.24
2015-10-05T00:00:00.000Z,11,45051.0,4,30300.56,0.0,31551.0,30300.56
2015-10-04T00:00:00.000Z,11,45063.0,4,26581.67,0.0,25302.0,26581.67
2015-10-04T00:00:00.000Z,1,45019.0,4,7234.95,0.0,7809.0,7234.95
2015-10-03T00:00:00.000Z,11,45019.0,4,10988.29,0.0,11414.0,10988.29
2015-10-05T00:00:00.000Z,1,45085.0,4,42226.04,0.0,44226.0,42226.04
2015-10-05T00:00:00.000Z,1,45019.0,4,188068.3,40531.99,165314.0,187703.92
2015-10-03T00:00:00.000Z,11,45019.0,0,21528.14,0.0,22779.0,21528.14
2015-10-03T00:00:00.000Z,3,45013.0,4,,,,0.0
2015-10-04T00:00:00.000Z,11,45051.0,4,2492.89,0.0,3471.0,2492.89
2015-10-03T00:00:00.000Z,1,45035.0,4,19620.37,2446.33,17126.0,19620.37
2015-09-30T00:00:00.000Z,1,45051.0,1,20871.16,7376.32,20879.0,20871.16
2015-10-02T00:00:00.000Z,11,45035.0,4,60376.5,13091.11,55066.0,60376.5
2015-10-04T00:00:00.000Z,1,45019.0,4,,,2562.0,0.0
2015-10-03T00:00:00.000Z,1,45015.0,4,8472.89,0.0,9722.0,8472.89
2015-10-03T00:00:00.000Z,1,45019.0,4,55311.38,0.0,56561.0,55311.38
2015-10-02T00:00:00.000Z,1,45051.0,0,,,,0.0
2015-10-04T00:00:00.000Z,1,45043.0,4,31036.2,0.0,28730.0,31036.2
2015-10-10T00:00:00.000Z,1,45043.0,4,,,,0.0
2015-10-04T00:00:00.000Z,11,45019.0,0,,,,0.0
2015-10-04T00:00:00.000Z,1,45063.0,2,,,2798.0,0.0
2015-10-04T00:00:00.000Z,1,45019.0,4,,,2504.0,0.0
2015-10-04T00:00:00.000Z,11,45019.0,0,,,438.0,0.0
2015-10-04T00:00:00.000Z,11,45051.0,4,6580.07,0.0,11580.0,6580.07
2015-10-11T00:00:00.000Z,1,45051.0,0,10148.96,0.0,11399.0,10148.96
2015-10-05T00:00:00.000Z,1,45063.0,4,53743.59,0.0,51649.0,53743.59
2015-10-04T00:00:00.000Z,2,45051.0,0,16676.94,0.0,18677.0,16676.94
2015-10-03T00:00:00.000Z,1,45019.0,2,39102.74,0.0,40352.0,39102.74
2015-10-04T00:00:00.000Z,1,45079.0,2,49750.47,0.0,51749.0,49750.47
2015-10-04T00:00:00.000Z,1,45019.0,2,12615.2,0.0,17615.0,12615.2
2015-10-04T00:00:00.000Z,11,45063.0,4,12737.55,0.0,17738.0,12737.55
2015-10-04T00:00:00.000Z,1,45079.0,2,,,1131.0,0.0
2015-10-03T00:00:00.000Z,1,45079.0,2,56886.66,931.79,58136.0,56886.66
2015-10-04T00:00:00.000Z,1,45019.0,4,17867.51,0.0,18310.0,17867.51
2015-10-07T00:00:00.000Z,11,45043.0,2,166969.14,0.0,166143.0,166969.14
2015-10-03T00:00:00.000Z,1,45035.0,0,35632.74,636.14,36883.0,35632.74
2015-10-03T00:00:00.000Z,11,45085.0,2,39719.68,0.0,40970.0,39719.68
2015-10-10T00:00:00.000Z,1,45051.0,0,21843.86,0.0,23094.0,21843.86
2015-10-04T00:00:00.000Z,1,45019.0,4,110.45,0.0,3110.0,110.45
2015-10-04T00:00:00.000Z,1,45051.0,4,7161.09,0.0,7877.0,7161.09
2015-10-03T00:00:00.000Z,1,45019.0,A,21925.25,9701.51,25087.0,21925.25
2015-10-27T00:00:00.000Z,11,45013.0,1,75713.39,40386.88,64626.0,75713.39
2015-10-04T00:00:00.000Z,1,45063.0,4,43729.47,3572.1,39743.0,43729.47
2015-10-03T00:00:00.000Z,1,45063.0,2,87543.48,1000.0,83402.0,87543.48
2015-11-02T00:00:00.000Z,11,45019.0,4,340.93,0.0,1591.0,340.93
2015-10-05T00:00:00.000Z,1,45051.0,4,1334.1,0.0,2334.0,1334.1
2015-12-25T00:00:00.000Z,1,45019.0,1,,,,0.0
2015-10-04T00:00:00.000Z,1,45047.0,4,9697.87,0.0,9264.0,9697.87
2015-05-04T00:00:00.000Z,15,45079.0,,,,,0.0
2015-10-04T00:00:00.000Z,1,45063.0,4,955.19,0.0,1925.0,955.19
2015-10-04T00:00:00.000Z,11,45079.0,4,177841.3,22380.57,169220.0,177841.3
2015-10-03T00:00:00.000Z,1,45019.0,4,26936.95,6353.22,26922.0,26936.95
2015-10-03T00:00:00.000Z,11,45029.0,1,,,2310.0,0.0
2015-10-01T00:00:00.000Z,1,45043.0,2,42698.99,0.0,36540.0,42698.99
2015-10-04T00:00:00.000Z,1,45027.0,4,2181.08,0.0,2430.0,2181.08
2015-10-05T00:00:00.000Z,15,45079.0,2,,,,0.0
2015-10-04T00:00:00.000Z,11,45051.0,4,48051.39,18190.7,43853.0,48051.39
2015-10-05T00:00:00.000Z,14,45051.0,0,1721.97,0.0,2722.0,1721.97
2015-10-04T00:00:00.000Z,1,45063.0,2,40000.0,0.0,47147.0,40000.0
2015-10-03T00:00:00.000Z,1,45019.0,4,44087.76,10642.17,45337.0,44087.76
2015-10-05T00:00:00.000Z,1,45063.0,2,5089.82,2240.99,6090.0,5089.82
2015-10-03T00:00:00.000Z,1,45051.0,1,,,661.0,0.0
2015-09-07T00:00:00.000Z,1,45013.0,2,,,,0.0
2015-10-03T00:00:00.000Z,1,45019.0,4,33215.75,8321.85,29887.0,33215.75
2015-10-05T00:00:00.000Z,1,45035.0,4,23818.79,0.0,25069.0,23818.79
2015-10-03T00:00:00.000Z,1,45051.0,4,,,1524.0,0.0
2015-10-03T00:00:00.000Z,1,45019.0,2,,,,0.0
2015-10-03T00:00:00.000Z,1,45019.0,4,44583.9,7911.62,45833.0,44583.9
2015-10-07T00:00:00.000Z,3,45019.0,4,118326.04,0.0,123326.0,118326.04
2015-10-02T00:00:00.000Z,1,45079.0,2,,,,0.0
2015-10-04T00:00:00.000Z,18,45079.0,2,500000.0,0.0,524772.0,500000.0
2015-10-04T00:00:00.000Z,1,45019.0,4,,,2504.0,0.0
2015-10-04T00:00:00.000Z,11,45019.0,4,3074.34,0.0,4324.0,3074.34
2015-10-03T00:00:00.000Z,1,45019.0,0,,,,0.0
2015-10-03T00:00:00.000Z,11,45029.0,4,2942.77,0.0,12943.0,2942.77
2015-10-03T00:00:00.000Z,1,45019.0,4,711.8,0.0,5625.0,711.8
2015-10-04T00:00:00.000Z,1,45051.0,4,13031.7,4519.56,13752.0,13031.7
2015-10-03T00:00:00.000Z,1,45019.0,4,56621.8,19323.32,49343.0,56621.8
2015-10-04T00:00:00.000Z,1,45019.0,4,,,2592.0,0.0
2015-10-06T00:00:00.000Z,1,45075.0,2,6516.66,550.0,5101.0,6516.66
2015-10-04T00:00:00.000Z,11,45079.0,2,223158.32,0.0,208540.0,223158.32
2015-10-04T00:00:00.000Z,1,45079.0,4,2064.28,0.0,3314.0,2064.28
2015-10-04T00:00:00.000Z,1,45063.0,2,,,1277.0,0.0
2015-10-04T00:00:00.000Z,11,45079.0,2,50000.0,20000.0,106218.0,50000.0
2015-10-04T00:00:00.000Z,1,45015.0,0,,,,0.0
2015-10-03T00:00:00.000Z,1,45019.0,1,3692.2,0.0,5692.0,3692.2
2015-10-04T00:00:00.000Z,6,45019.0,4,17377.67,21880.05,18628.0,17377.67
2015-10-08T00:00:00.000Z,1,45019.0,4,3241.62,345.16,4190.0,3241.62
2015-10-03T00:00:00.000Z,1,45019.0,1,3340.79,8599.16,3490.0,3340.79
2015-10-03T00:00:00.000Z,1,45063.0,0,35429.13,0.0,40430.0,35429.13
2015-10-04T00:00:00.000Z,1,45063.0,2,128262.28,10000.0,130262.0,128262.28
2015-10-04T00:00:00.000Z,1,45079.0,4,99361.83,0.0,90705.0,99361.83
2015-10-03T00:00:00.000Z,1,45019.0,4,16974.4,0.0,16974.0,16974.4
2015-10-03T00:00:00.000Z,1,45063.0,0,24546.55,6092.63,25547.0,24546.55
2015-08-30T00:00:00.000Z,3,45019.0,4,128841.22,0.0,130091.0,128841.22
2015-10-03T00:00:00.000Z,1,45015.0,4,819.17,0.0,2666.0,819.17
2015-10-04T00:00:00.000Z,1,45043.0,4,17247.81,1707.89,16109.0,17247.81
2015-10-04T00:00:00.000Z,11,45089.0,2,120001.62,86878.06,106281.0,120001.62
2015-10-04T00:00:00.000Z,15,45079.0,2,76500.0,0.0,84563.0,76500.0
2015-10-05T00:00:00.000Z,1,45089.0,0,,,,0.0
2015-10-03T00:00:00.000Z,1,,4,13392.76,0.0,11480.0,9480.64
2015-10-02T00:00:00.000Z,11,45015.0,4,25916.87,12204.4,25366.0,25916.87
2015-10-04T00:00:00.000Z,6,45051.0,4,23140.91,0.0,25140.0,23140.91
2015-10-03T00:00:00.000Z,1,45051.0,4,26615.05,4329.03,26445.0,26615.05
2015-10-03T00:00:00.000Z,1,45019.0,4,8294.89,0.0,9545.0,8294.89
2015-10-03T00:00:00.000Z,1,45019.0,2,29319.69,0.0,31320.0,29319.69
2015-10-04T00:00:00.000Z,6,45063.0,0,,,,0.0
2015-10-05T00:00:00.000Z,1,45035.0,2,4652.98,0.0,5653.0,4652.98
2015-10-01T00:00:00.000Z,1,45035.0,0,,,,0.0
2015-10-03T00:00:00.000Z,1,45041.0,4,14909.8,0.0,15909.0,14909.8
2015-10-06T00:00:00.000Z,11,45063.0,4,43240.88,0.0,50591.0,43240.88
2015-10-02T00:00:00.000Z,6,45019.0,4,28291.4,0.0,33291.0,28291.4
2015-10-05T00:00:00.000Z,11,45063.0,4,,,,0.0
2015-10-04T00:00:00.000Z,11,45043.0,4,47360.78,1034.93,48135.0,47360.78
2015-10-05T00:00:00.000Z,11,45035.0,2,5522.16,0.0,6562.0,5522.16
2015-10-03T00:00:00.000Z,1,45019.0,0,,,3267.0,0.0
2015-10-05T00:00:00.000Z,1,45019.0,4,15991.5,0.0,16269.0,15991.5
2015-10-04T00:00:00.000Z,11,45043.0,4,10843.68,0.0,11461.0,10843.68
2015-10-03T00:00:00.000Z,11,45019.0,2,1499.55,0.0,2750.0,1499.55
2015-10-04T00:00:00.000Z,11,45079.0,2,238700.34,0.0,180250.0,238700.34
2015-10-19T00:00:00.000Z,1,45051.0,2,11744.66,8849.72,12626.0,11744.66
2015-10-04T00:00:00.000Z,1,45079.0,2,159602.29,0.0,150518.0,159602.29
2015-10-23T00:00:00.000Z,2,45019.0,1,4225.08,0.0,6225.0,4225.08
2015-10-27T00:00:00.000Z,1,45019.0,2,2923.18,0.0,7596.0,2923.18
2015-10-04T00:00:00.000Z,1,45051.0,0,4734.86,0.0,6235.0,4734.86
2015-10-10T00:00:00.000Z,1,45029.0,0,,,1105.0,0.0
2015-10-03T00:00:00.000Z,1,45051.0,2,16962.97,0.0,18212.0,16962.97
2015-10-03T00:00:00.000Z,1,45019.0,1,53512.64,0.0,54512.0,53512.64
2015-10-04T00:00:00.000Z,1,45079.0,4,36089.48,0.0,38089.0,36089.48
2015-10-04T00:00:00.000Z,1,45015.0,4,21169.08,3384.85,19034.0,21169.08
2015-10-04T00:00:00.000Z,1,45079.0,2,19293.43,0.0,26646.0,19293.43
2015-10-03T00:00:00.000Z,11,45019.0,1,7849.48,0.0,12849.0,7849.48
2015-10-03T00:00:00.000Z,15,45051.0,1,102930.43,0.0,84238.0,102930.43
2015-10-03T00:00:00.000Z,1,45051.0,4,37556.41,7572.39,40556.0,37556.41
2015-10-04T00:00:00.000Z,1,45063.0,4,37300.37,4157.04,34041.0,37300.37
2015-10-04T00:00:00.000Z,1,45019.0,0,,,516.0,0.0
2015-10-03T00:00:00.000Z,1,45043.0,4,,,4808.0,0.0
2015-10-03T00:00:00.000Z,1,45019.0,4,7258.39,0.0,7504.0,7258.39
2015-10-07T00:00:00.000Z,1,45043.0,2,5208.06,1862.33,6458.0,5208.06
2015-10-04T00:00:00.000Z,11,45019.0,4,12873.71,0.0,12225.0,12873.71
2015-10-03T00:00:00.000Z,1,45019.0,0,6261.56,0.0,7262.0,6261.56
2015-10-03T00:00:00.000Z,11,45029.0,2,20721.52,0.0,19736.0,20721.52
2015-10-04T00:00:00.000Z,1,45019.0,2,61735.97,5385.14,63736.0,61735.97
2015-10-08T00:00:00.000Z,11,45079.0,2,14076.88,0.0,16077.0,14076.88
2015-10-01T00:00:00.000Z,1,45063.0,4,860.82,0.0,2561.0,860.82
2015-10-03T00:00:00.000Z,1,45019.0,4,,,2066.0,0.0
2015-10-03T00:00:00.000Z,1,45019.0,0,7828.07,0.0,9079.0,7828.07
2015-10-04T00:00:00.000Z,15,45079.0,2,302600.0,0.0,291873.0,302600.0
2015-10-04T00:00:00.000Z,1,45039.0,,,,,0.0
2015-10-03T00:00:00.000Z,2,45019.0,4,25015.87,0.0,28015.0,25015.87
2015-10-03T00:00:00.000Z,1,45035.0,4,27783.8,0.0,29036.0,27783.8
2015-10-03T00:00:00.000Z,11,45051.0,0,,,,0.0
2015-10-04T00:00:00.000Z,1,45019.0,2,11613.24,0.0,9857.0,11613.24
2015-10-03T00:00:00.000Z,1,45019.0,4,14714.8,0.0,12834.0,14714.8
2015-10-08T00:00:00.000Z,11,45019.0,0,,,97.0,0.0
2015-10-08T00:00:00.000Z,1,45063.0,2,14115.71,0.0,17645.0,14115.71
2015-10-04T00:00:00.000Z,4,45019.0,4,0.0,3019.43,,0.0
2015-09-28T00:00:00.000Z,1,45029.0,4,,,1020.0,0.0
2015-10-04T00:00:00.000Z,1,45079.0,4,7135.04,0.0,9135.0,7135.04
2015-10-03T00:00:00.000Z,11,45035.0,4,19824.08,5074.56,22108.0,19824.08
2015-10-05T00:00:00.000Z,1,45035.0,4,,,,0.0
2015-10-04T00:00:00.000Z,1,45043.0,4,9690.64,652.53,12690.0,9690.64
2015-10-20T00:00:00.000Z,11,45051.0,0,,,,0.0
2015-10-04T00:00:00.000Z,11,45015.0,4,11793.39,0.0,11114.0,11793.39
2015-10-04T00:00:00.000Z,11,45085.0,4,15082.65,0.0,16582.0,15082.65
2015-10-03T00:00:00.000Z,11,45019.0,4,7833.22,0.0,10355.0,7833.22
2015-10-03T00:00:00.000Z,1,45019.0,4,100933.96,0.0,96594.0,100933.96
2015-10-03T00:00:00.000Z,1,45019.0,4,3495.68,0.0,5496.0,3495.68
2015-10-04T00:00:00.000Z,11,45085.0,4,23689.17,0.0,24939.0,23689.17
2015-10-05T00:00:00.000Z,1,45051.0,2,710.67,0.0,1710.0,710.67
2015-11-02T00:00:00.000Z,1,45019.0,0,,,,0.0
2015-10-04T00:00:00.000Z,11,45041.0,2,,,1035.0,0.0
2015-10-03T00:00:00.000Z,11,45015.0,2,6339.46,0.0,7267.0,6339.46
2015-10-09T00:00:00.000Z,1,45019.0,2,11228.56,0.0,9198.0,11228.56
2015-10-04T00:00:00.000Z,1,45079.0,2,3544.84,0.0,3689.0,3544.84
2015-10-06T00:00:00.000Z,1,45029.0,2,20657.79,3498.68,22658.0,20657.79
2015-10-03T00:00:00.000Z,12,45019.0,2,22958.22,0.0,24958.0,22958.22
2015-10-03T00:00:00.000Z,1,45019.0,4,1317.59,0.0,5868.0,1317.59
2015-10-26T00:00:00.000Z,11,45019.0,1,796.08,0.0,2046.0,796.08
2015-10-03T00:00:00.000Z,1,45015.0,2,17596.53,0.0,17643.0,17596.53
2015-10-04T00:00:00.000Z,1,45015.0,2,,,473.0,0.0
2015-10-03T00:00:00.000Z,11,45019.0,1,3570.68,0.0,4820.0,3570.68
2015-10-03T00:00:00.000Z,1,45019.0,2,47339.54,4846.03,47503.0,47339.54
2015-10-04T00:00:00.000Z,1,45019.0,4,66954.46,0.0,63742.0,66954.46
2015-10-04T00:00:00.000Z,11,45063.0,2,,,1717.0,0.0
2015-10-03T00:00:00.000Z,1,45027.0,2,6717.74,0.0,11717.0,6717.74
2015-10-02T00:00:00.000Z,11,45019.0,2,2874.13,1710.04,1957.0,2874.13
2015-10-03T00:00:00.000Z,1,45051.0,4,,,1100.0,0.0
2015-10-05T00:00:00.000Z,11,45019.0,0,,,,0.0
2015-10-03T00:00:00.000Z,1,45019.0,4,4729.73,787.0,5979.0,4729.73
2015-10-03T00:00:00.000Z,1,45019.0,2,3292.35,0.0,4542.0,3292.35
2015-10-04T00:00:00.000Z,11,45035.0,2,50261.67,34800.0,46731.0,50261.67
2015-10-08T00:00:00.000Z,1,45019.0,4,4092.04,0.0,4896.0,4092.04
2015-10-03T00:00:00.000Z,1,45019.0,0,62106.91,8770.34,65107.0,62106.91
2015-10-04T00:00:00.000Z,11,45019.0,4,1193.0,0.0,2443.0,1193.0
2015-10-03T00:00:00.000Z,1,45019.0,4,10507.97,0.0,10668.0,10507.97
2015-10-04T00:00:00.000Z,11,45085.0,4,70745.83,0.0,75562.0,70745.83
2015-10-03T00:00:00.000Z,1,45019.0,2,25164.24,0.0,28149.0,25164.24
2015-10-02T00:00:00.000Z,1,45015.0,4,5036.7,0.0,8871.0,5036.7
2015-10-04T00:00:00.000Z,1,45063.0,4,10577.9,1350.64,10818.0,10577.9
2015-10-04T00:00:00.000Z,11,45079.0,2,178144.38,0.0,180144.0,178144.38
2015-10-04T00:00:00.000Z,3,45079.0,0,134484.61,0.0,136485.0,134484.61
2015-10-02T00:00:00.000Z,11,45019.0,4,5896.79,0.0,6439.0,5896.79
2015-10-04T00:00:00.000Z,1,45019.0,4,,,,0.0
2015-10-04T00:00:00.000Z,11,45085.0,4,44632.87,10576.09,43059.0,44632.87
2015-10-02T00:00:00.000Z,11,45019.0,2,5269.7,0.0,6700.0,5269.7
2015-10-03T00:00:00.000Z,3,45079.0,4,50024.44,0.0,55024.0,50024.44
2015-10-04T00:00:00.000Z,1,45035.0,2,30997.59,0.0,32248.0,30997.59
2015-10-03T00:00:00.000Z,1,45019.0,2,6913.64,0.0,8913.0,6913.64
2015-09-08T00:00:00.000Z,1,45013.0,0,8920.76,0.0,9921.0,8920.76
2015-10-02T00:00:00.000Z,1,45079.0,2,,,784.0,0.0
2015-10-04T00:00:00.000Z,3,45051.0,0,,,,0.0
2015-10-04T00:00:00.000Z,13,45085.0,4,,,,0.0
2015-10-04T00:00:00.000Z,1,45051.0,0,,,,0.0
2015-10-01T00:00:00.000Z,15,45029.0,4,,,887.0,0.0
2015-10-03T00:00:00.000Z,1,45019.0,4,27928.81,0.0,22630.0,27928.81
2015-10-02T00:00:00.000Z,1,45063.0,4,76665.84,0.0,71841.0,76665.84
2015-10-05T00:00:00.000Z,1,45079.0,2,250000.0,0.0,230582.0,250000.0
2015-10-02T00:00:00.000Z,11,45019.0,0,,,1263.0,0.0
2015-10-04T00:00:00.000Z,1,45051.0,4,9118.18,0.0,8083.0,9118.18
2015-10-04T00:00:00.000Z,11,45079.0,4,13776.14,0.0,11197.0,13776.14
2015-10-02T00:00:00.000Z,11,45019.0,4,2387.17,0.0,2557.0,2387.17
2015-06-04T00:00:00.000Z,3,45079.0,2,14033.37,0.0,15033.0,14033.37
2015-10-05T00:00:00.000Z,1,45063.0,2,35386.76,0.0,25704.0,35386.76
2015-10-02T00:00:00.000Z,11,45027.0,2,47074.8,10000.0,48074.0,47074.8
2015-10-05T00:00:00.000Z,11,45035.0,2,7215.39,0.0,7964.0,7215.39
2015-10-01T00:00:00.000Z,1,45051.0,4,13467.6,0.0,13011.0,13467.6
2015-10-02T00:00:00.000Z,1,45019.0,4,3466.49,0.0,6273.0,3466.49
2015-10-03T00:00:00.000Z,11,45019.0,4,3625.64,0.0,4875.0,3625.64
2015-10-04T00:00:00.000Z,1,45035.0,2,906.54,0.0,2074.0,906.54
2015-10-02T00:00:00.000Z,11,45019.0,4,4034.59,0.0,5285.0,4034.59
2015-10-04T00:00:00.000Z,1,45079.0,2,130000.0,0.0,194965.0,130000.0
2015-10-04T00:00:00.000Z,1,45019.0,4,42021.19,21157.22,46021.0,42021.19
2015-10-08T00:00:00.000Z,1,45035.0,4,19840.65,0.0,24841.0,19840.65
2015-10-04T00:00:00.000Z,1,45079.0,2,140000.0,34100.0,169586.0,140000.0
2015-10-05T00:00:00.000Z,15,45043.0,4,14081.12,0.0,16081.0,14081.12
2015-10-02T00:00:00.000Z,1,45035.0,4,1799.92,0.0,3050.0,1799.92
2015-10-03T00:00:00.000Z,13,45085.0,0,,,,0.0
2015-10-01T00:00:00.000Z,11,45041.0,4,,,589.0,0.0
2015-10-03T00:00:00.000Z,15,45043.0,2,45435.42,0.0,42965.0,45435.42
2015-10-05T00:00:00.000Z,2,45035.0,0,,,,0.0
2015-10-02T00:00:00.000Z,1,45051.0,4,71734.41,37102.41,72229.0,71734.41
2015-09-01T00:00:00.000Z,1,45019.0,0,,,,0.0
2015-02-26T00:00:00.000Z,1,45035.0,4,,,814.0,0.0
2015-10-04T00:00:00.000Z,11,45061.0,2,15338.32,10494.75,16588.0,15338.32
2015-06-04T00:00:00.000Z,11,45063.0,0,10538.89,0.0,13052.0,10538.89
2015-10-04T00:00:00.000Z,1,45079.0,2,,,,0.0
2015-10-03T00:00:00.000Z,11,45063.0,4,,,,0.0
2015-10-08T00:00:00.000Z,11,45051.0,4,1797.92,0.0,2782.0,1797.92
2015-10-05T00:00:00.000Z,11,45063.0,4,50157.82,0.0,44406.0,50157.82
2015-10-05T00:00:00.000Z,1,45019.0,4,,,1143.0,0.0
2015-10-04T00:00:00.000Z,1,45063.0,2,101700.88,0.0,103700.0,101700.88
2015-10-03T00:00:00.000Z,3,45019.0,,,,,0.0
2015-10-02T00:00:00.000Z,1,45019.0,4,9888.59,0.0,9424.0,9888.59
2015-10-04T00:00:00.000Z,1,45063.0,2,22701.26,0.0,24701.0,22701.26
2015-10-03T00:00:00.000Z,15,45019.0,2,3994.66,0.0,6351.0,3994.66
2015-10-04T00:00:00.000Z,1,45079.0,4,9149.99,0.0,9784.0,9149.99
2015-10-04T00:00:00.000Z,2,45079.0,2,48543.36,0.0,50543.0,48543.36
2015-10-02T00:00:00.000Z,1,45051.0,4,627.12,0.0,1812.0,627.12
2015-10-04T00:00:00.000Z,1,45079.0,4,147086.39,4796.72,132292.0,147086.39
2015-10-04T00:00:00.000Z,1,45019.0,2,20487.39,0.0,19020.0,20487.39
2015-06-22T00:00:00.000Z,2,45035.0,4,53408.54,0.0,54409.0,53408.54
2015-10-06T00:00:00.000Z,2,45035.0,4,65301.63,0.0,66551.0,65301.63
2015-10-04T00:00:00.000Z,1,45051.0,4,9378.76,0.0,10628.0,9378.76
2015-10-05T00:00:00.000Z,15,45079.0,2,,,,0.0
2015-10-04T00:00:00.000Z,1,45019.0,4,,,2504.0,0.0
2015-11-27T00:00:00.000Z,1,45019.0,0,,,,0.0
2015-10-05T00:00:00.000Z,1,45051.0,2,12364.73,0.0,10891.0,12364.73
2015-10-03T00:00:00.000Z,11,45019.0,4,44602.87,10155.0,42167.0,44602.87
2015-10-07T00:00:00.000Z,1,45043.0,2,59523.93,23029.26,60773.0,59523.93
2015-10-04T00:00:00.000Z,1,45019.0,4,21400.8,0.0,22863.0,21400.8
2015-10-04T00:00:00.000Z,11,45063.0,2,,,272.0,0.0
2015-10-03T00:00:00.000Z,11,45085.0,4,1622.52,0.0,2813.0,1622.52
2015-10-18T00:00:00.000Z,11,45079.0,4,1563.56,0.0,3564.0,1563.56
2015-10-04T00:00:00.000Z,1,45051.0,4,40922.27,18306.65,39816.0,40922.27
2015-10-04T00:00:00.000Z,11,45079.0,2,8856.25,0.0,8954.0,8856.25
2015-10-03T00:00:00.000Z,1,45019.0,4,1265.5,0.0,2515.0,1265.5
2015-10-04T00:00:00.000Z,1,45041.0,2,1198.09,0.0,2445.0,1198.09
2015-10-04T00:00:00.000Z,1,45051.0,,,,,0.0
2015-10-16T00:00:00.000Z,1,45079.0,4,,,1325.0,0.0
2015-10-04T00:00:00.000Z,11,45079.0,4,,,,0.0
2015-10-04T00:00:00.000Z,1,45079.0,4,4588.58,0.0,6588.0,4588.58
2015-10-04T00:00:00.000Z,11,45079.0,2,25378.69,0.0,24537.0,25378.69
2015-10-04T00:00:00.000Z,1,45079.0,4,16979.18,0.0,18162.0,16979.18
2015-10-04T00:00:00.000Z,1,45063.0,4,66800.0,0.0,74000.0,66800.0
2015-10-01T00:00:00.000Z,1,45019.0,0,,,,0.0
2015-10-05T00:00:00.000Z,1,45029.0,2,53385.82,0.0,55386.0,53385.82
2015-10-05T00:00:00.000Z,2,45035.0,0,,,,0.0
2015-10-04T00:00:00.000Z,1,45085.0,4,66111.47,0.0,68111.0,66111.47
2015-10-03T00:00:00.000Z,3,45079.0,0,,,,0.0
2015-10-04T00:00:00.000Z,1,45063.0,4,34776.98,0.0,33531.0,34776.98
2015-10-02T00:00:00.000Z,1,45041.0,0,,,,0.0
2015-10-04T00:00:00.000Z,1,45043.0,4,1106.2,0.0,2356.0,1106.2
2015-10-04T00:00:00.000Z,6,45079.0,2,224821.74,0.0,274821.0,224821.74
2015-10-03T00:00:00.000Z,1,45079.0,2,,,10.0,0.0
2015-10-05T00:00:00.000Z,1,45043.0,2,95416.82,0.0,101013.0,95416.82
2015-10-04T00:00:00.000Z,15,45043.0,,,,,0.0
2015-10-04T00:00:00.000Z,1,45035.0,4,26546.2,0.0,27796.0,26546.2
2015-10-04T00:00:00.000Z,11,45079.0,2,3381.1,0.0,4631.0,3381.1
2015-10-05T00:00:00.000Z,1,45051.0,2,,,,0.0
2015-10-04T00:00:00.000Z,11,45085.0,2,51522.68,0.0,32809.0,51522.68
2015-10-04T00:00:00.000Z,1,45019.0,4,,,1816.0,0.0
2015-10-04T00:00:00.000Z,15,45043.0,,,,,0.0
2015-10-05T00:00:00.000Z,11,45035.0,4,5677.18,1909.78,6559.0,5677.18
2015-10-09T00:00:00.000Z,1,45019.0,4,3751.88,0.0,5752.0,3751.88
2015-10-04T00:00:00.000Z,11,45063.0,0,,,,0.0
2015-10-04T00:00:00.000Z,1,45035.0,0,49740.1,4400.0,50991.0,49740.1
2015-10-04T00:00:00.000Z,1,45079.0,4,250000.0,100000.0,278624.0,250000.0
2015-11-09T00:00:00.000Z,1,45019.0,4,9538.51,0.0,9560.0,9538.51
2015-10-04T00:00:00.000Z,1,45019.0,1,29372.98,0.0,34372.0,29372.98
2015-10-08T00:00:00.000Z,1,45019.0,4,9384.46,0.0,9168.0,9384.46
2015-10-04T00:00:00.000Z,1,45079.0,4,3328.31,0.0,4328.0,3328.31
2015-10-02T00:00:00.000Z,1,45085.0,2,17972.74,0.0,17314.0,17972.74
2015-10-10T00:00:00.000Z,1,45029.0,2,7113.99,0.0,7898.0,7113.99
2015-10-04T00:00:00.000Z,1,45051.0,4,,,636.0,0.0
2015-10-05T00:00:00.000Z,4,45079.0,2,,,416.0,0.0
2015-10-04T00:00:00.000Z,1,45051.0,2,916.45,0.0,2166.0,916.45
2015-10-04T00:00:00.000Z,1,45051.0,0,,,323.0,0.0
2015-10-04T00:00:00.000Z,11,45019.0,4,6523.13,0.0,5370.0,6523.13
2015-10-04T00:00:00.000Z,11,45085.0,4,,,1778.0,0.0
2015-10-03T00:00:00.000Z,1,45015.0,3,17090.6,0.0,18341.0,17090.6
2015-10-03T00:00:00.000Z,1,45019.0,0,18550.23,9860.11,20550.0,18550.23
2015-10-03T00:00:00.000Z,1,45035.0,2,8990.88,886.4,10990.0,8990.88
2015-10-04T00:00:00.000Z,1,45079.0,2,9367.87,0.0,10426.0,9367.87
2015-10-02T00:00:00.000Z,1,45051.0,4,35362.05,0.0,35546.0,35362.05
2015-10-03T00:00:00.000Z,1,45019.0,4,1420.38,18667.19,2661.0,1420.38
2015-10-03T00:00:00.000Z,11,45019.0,2,2525.1,0.0,3775.0,2525.1
2015-10-02T00:00:00.000Z,1,45019.0,1,14622.61,0.0,18891.0,14622.61
2015-10-04T00:00:00.000Z,1,45079.0,4,34029.2,5000.0,35768.0,34029.2
2015-10-02T00:00:00.000Z,1,45019.0,2,1962.64,0.0,3212.0,1962.64
2015-10-02T00:00:00.000Z,11,45051.0,4,825.79,0.0,2076.0,825.79
2015-10-03T00:00:00.000Z,1,45063.0,0,12433.6,0.0,13434.0,12433.6
2015-10-04T00:00:00.000Z,11,45015.0,4,2281.24,0.0,4281.0,2281.24
2015-10-02T00:00:00.000Z,11,45019.0,4,15885.11,0.0,9223.0,15885.11
2015-10-05T00:00:00.000Z,11,45079.0,4,4593.61,671.08,5594.0,4593.61
2015-12-31T00:00:00.000Z,1,45019.0,,,,,0.0
2015-07-12T00:00:00.000Z,1,45051.0,0,,,,0.0
2015-10-11T00:00:00.000Z,1,45051.0,2,1556.04,134.15,2778.0,1556.04
2015-10-03T00:00:00.000Z,4,45043.0,4,,,,0.0
2015-10-03T00:00:00.000Z,13,45035.0,4,50000.0,0.0,56119.0,50000.0
2015-10-04T00:00:00.000Z,1,45085.0,4,3298.56,0.0,5298.0,3298.56
2015-10-05T00:00:00.000Z,1,45035.0,4,,,,0.0
2015-10-12T00:00:00.000Z,1,45061.0,4,1372.21,0.0,2215.0,1372.21
2015-10-04T00:00:00.000Z,1,45035.0,4,18964.18,0.0,19928.0,18964.18
2015-10-03T00:00:00.000Z,1,45035.0,4,30466.54,18450.96,29260.0,30466.54
2015-10-03T00:00:00.000Z,11,45019.0,4,4688.23,0.0,8607.0,4688.23
2015-10-05T00:00:00.000Z,11,45015.0,2,6799.79,11015.7,7414.0,6799.79
2015-10-04T00:00:00.000Z,11,45027.0,4,21376.56,0.0,26377.0,21376.56
2015-10-04T00:00:00.000Z,11,45079.0,0,528.43,0.0,1529.0,528.43
2015-10-04T00:00:00.000Z,1,45019.0,4,47287.18,7789.72,48537.0,47287.18
2015-10-03T00:00:00.000Z,1,45019.0,2,10201.84,0.0,10334.0,10201.84
2015-01-07T00:00:00.000Z,1,45081.0,4,3305.89,0.0,3933.0,3305.89
2015-10-04T00:00:00.000Z,11,45019.0,4,3155.47,0.0,4263.0,3155.47
2015-10-03T00:00:00.000Z,1,45051.0,4,25646.66,6175.38,27146.0,25646.66
2015-10-03T00:00:00.000Z,11,45019.0,4,5234.32,0.0,5822.0,5234.32
2015-07-04T00:00:00.000Z,1,45019.0,0,,,,0.0
2015-10-04T00:00:00.000Z,11,45041.0,4,,,,0.0
2015-10-04T00:00:00.000Z,11,45085.0,4,550.72,1180.45,2551.0,550.72
2015-10-03T00:00:00.000Z,1,45019.0,,,,,0.0
2015-10-04T00:00:00.000Z,11,45079.0,2,30824.46,0.0,29919.0,30824.46
2015-10-03T00:00:00.000Z,1,45019.0,1,7803.82,0.0,12295.0,7803.82
2015-10-03T00:00:00.000Z,1,45079.0,2,187621.72,0.0,170943.0,187621.72
2015-10-04T00:00:00.000Z,11,45063.0,4,8824.52,0.0,8707.0,8824.52
2015-10-05T00:00:00.000Z,1,45079.0,2,8076.77,0.0,8932.0,8076.77
2015-10-03T00:00:00.000Z,11,45079.0,4,16182.43,0.0,17182.0,16182.43
2015-10-04T00:00:00.000Z,15,45079.0,2,33383.0,0.0,31120.0,33383.0
2015-10-04T00:00:00.000Z,1,45051.0,2,62668.34,29240.31,67668.0,62668.34
2015-08-31T00:00:00.000Z,4,45019.0,4,0.0,4734.74,0.0,0.0
2015-10-04T00:00:00.000Z,1,45019.0,4,4565.53,0.0,5571.0,4565.53
2015-10-04T00:00:00.000Z,11,45051.0,2,48192.48,6287.15,45500.0,48192.48
2015-08-31T00:00:00.000Z,1,45019.0,2,60921.61,31285.04,65922.0,60921.61
2015-10-03T00:00:00.000Z,1,45015.0,4,13759.68,0.0,15009.0,13759.68
2015-10-02T00:00:00.000Z,3,45051.0,4,10513.31,7774.99,11763.0,10513.31
2015-10-04T00:00:00.000Z,18,45019.0,4,16370.3,0.0,21370.0,16370.3
2015-10-04T00:00:00.000Z,16,45079.0,2,15113.59,0.0,17113.0,15113.59
2015-10-04T00:00:00.000Z,1,45079.0,2,598.49,0.0,1598.0,598.49
2015-10-04T00:00:00.000Z,1,45019.0,4,,,2199.0,0.0
2015-10-03T00:00:00.000Z,11,45019.0,0,,,265.0,0.0
2015-10-03T00:00:00.000Z,1,45019.0,4,,,4363.0,0.0
2015-10-03T00:00:00.000Z,1,45051.0,4,101.47,0.0,934.0,101.47
2015-10-02T00:00:00.000Z,1,45063.0,4,5195.96,0.0,6446.0,5195.96
2015-10-04T00:00:00.000Z,1,45085.0,4,,,1217.0,0.0
2015-10-04T00:00:00.000Z,11,45079.0,1,218773.42,0.0,197697.0,218773.42
2015-10-03T00:00:00.000Z,11,45051.0,4,13027.44,0.0,14277.0,13027.44
2015-10-03T00:00:00.000Z,1,45019.0,4,0.0,2024.7,4621.0,0.0
2015-10-03T00:00:00.000Z,1,45051.0,1,1037.93,0.0,2288.0,1037.93
2015-10-04T00:00:00.000Z,11,45015.0,4,12101.65,0.0,14335.0,12101.65
2015-10-03T00:00:00.000Z,1,45019.0,1,,,1126.0,0.0
2015-10-03T00:00:00.000Z,11,45019.0,0,10765.16,0.0,12016.0,10765.16
2015-10-04T00:00:00.000Z,1,45019.0,4,235.8,0.0,3235.0,235.8
2015-10-21T00:00:00.000Z,11,45029.0,2,3421.1,0.0,4671.0,3421.1
2015-11-04T00:00:00.000Z,1,45067.0,4,20902.42,0.0,22477.0,20902.42
2015-10-04T00:00:00.000Z,6,45019.0,,,,,0.0
2015-10-04T00:00:00.000Z,1,45039.0,0,,,,0.0
2015-10-04T00:00:00.000Z,1,45019.0,4,,,978.0,0.0
2015-10-03T00:00:00.000Z,4,45019.0,4,15000.0,0.0,20958.0,15000.0
2015-10-03T00:00:00.000Z,1,45019.0,4,11127.68,0.0,14365.0,11127.68
2015-10-03T00:00:00.000Z,1,45079.0,0,,,1163.0,0.0
2015-10-04T00:00:00.000Z,1,45019.0,2,,,,0.0
2015-10-03T00:00:00.000Z,1,45019.0,4,,,3500.0,0.0
2015-10-03T00:00:00.000Z,1,45035.0,4,23830.55,0.0,25081.0,23830.55
2015-10-04T00:00:00.000Z,1,45079.0,2,122489.19,27765.86,95643.0,122489.19
2015-10-03T00:00:00.000Z,1,45019.0,0,,,,0.0
2015-10-03T00:00:00.000Z,1,45019.0,2,12080.23,0.0,16077.0,12080.23
2015-10-04T00:00:00.000Z,11,45035.0,3,31245.55,0.0,27994.0,31245.55
2015-10-04T00:00:00.000Z,1,45079.0,2,191289.7,0.0,145966.0,191289.7
2015-10-03T00:00:00.000Z,1,45079.0,2,13443.75,0.0,14693.0,13443.75
2015-10-05T00:00:00.000Z,11,45063.0,2,10958.27,1453.52,11958.0,10958.27
2015-10-04T00:00:00.000Z,1,45063.0,4,32933.51,0.0,34305.0,32933.51
2015-10-04T00:00:00.000Z,1,45041.0,2,9648.28,0.0,9815.0,9648.28
2015-10-05T00:00:00.000Z,1,45019.0,4,225.04,0.0,1475.0,225.04
2015-10-03T00:00:00.000Z,1,45019.0,4,44080.6,0.0,49080.0,44080.6
2015-10-04T00:00:00.000Z,11,45085.0,4,28498.47,0.0,26790.0,28498.47
2015-10-04T00:00:00.000Z,11,45063.0,2,41829.18,0.0,43829.0,41829.18
2015-10-05T00:00:00.000Z,2,45035.0,0,,,,0.0
2015-10-04T00:00:00.000Z,1,45043.0,4,45566.13,11458.1,46816.0,45566.13
2015-10-04T00:00:00.000Z,1,45079.0,4,45372.38,0.0,47372.0,45372.38
2015-10-03T00:00:00.000Z,1,45035.0,2,18750.9,0.0,15546.0,18750.9
2015-10-07T00:00:00.000Z,1,45043.0,0,70000.0,35000.0,71000.0,70000.0
2015-10-03T00:00:00.000Z,4,45035.0,4,16343.51,0.0,17343.0,16343.51
2015-10-04T00:00:00.000Z,6,45019.0,,,,,0.0
2015-10-02T00:00:00.000Z,6,45019.0,,,,,0.0
2015-10-04T00:00:00.000Z,1,45019.0,0,,,,0.0
2015-10-05T00:00:00.000Z,11,45035.0,1,498.88,0.0,1749.0,498.88
2015-10-04T00:00:00.000Z,1,45079.0,4,3641.65,15150.54,5499.0,3641.65
2015-10-03T00:00:00.000Z,1,45019.0,2,4853.57,0.0,5263.0,4853.57
2015-12-16T00:00:00.000Z,1,45019.0,0,,,,0.0
2015-10-04T00:00:00.000Z,1,45035.0,0,57565.35,11000.0,58816.0,57565.35
2015-10-03T00:00:00.000Z,2,45035.0,4,41812.03,0.0,43062.0,41812.03
2015-08-31T00:00:00.000Z,11,45019.0,0,,,,0.0
2015-10-03T00:00:00.000Z,1,45019.0,4,,,377.0,0.0
2015-10-04T00:00:00.000Z,11,45085.0,4,116586.13,0.0,106934.0,116586.13
2015-10-04T00:00:00.000Z,4,45027.0,4,1307.59,0.0,3307.0,1307.59
2015-10-04T00:00:00.000Z,11,45019.0,4,,,,0.0
2015-10-09T00:00:00.000Z,1,45019.0,2,3945.26,0.0,5195.0,3945.26
2015-10-04T00:00:00.000Z,11,45019.0,1,27265.48,0.0,27409.0,27265.48
2015-10-03T00:00:00.000Z,11,45019.0,4,9730.61,0.0,10430.0,9730.61
2015-10-02T00:00:00.000Z,2,45051.0,2,25583.4,3304.29,27583.0,25583.4
2015-10-02T00:00:00.000Z,1,45019.0,4,7761.41,0.0,9581.0,7761.41
2015-10-04T00:00:00.000Z,1,45019.0,4,,,283.0,0.0
2015-10-04T00:00:00.000Z,1,45035.0,4,6352.04,2110.26,7245.0,6352.04
2015-10-03T00:00:00.000Z,11,45035.0,4,56513.74,18680.41,53903.0,56513.74
2015-10-04T00:00:00.000Z,1,45019.0,4,40999.61,0.0,40105.0,40999.61
2015-10-04T00:00:00.000Z,1,45019.0,4,18818.08,0.0,17149.0,18818.08
2015-10-03T00:00:00.000Z,1,45051.0,0,3361.77,0.0,4362.0,3361.77
2015-10-02T00:00:00.000Z,11,45019.0,4,22211.56,0.0,18726.0,22211.56
2015-10-04T00:00:00.000Z,18,45019.0,4,56922.43,0.0,58172.0,56922.43
2015-10-03T00:00:00.000Z,6,45043.0,2,44537.16,0.0,46537.0,44537.16
2015-10-04T00:00:00.000Z,2,45051.0,0,6593.58,0.0,8594.0,6593.58
2015-10-04T00:00:00.000Z,1,45079.0,4,,,191.0,0.0
2015-10-03T00:00:00.000Z,1,45043.0,4,,,,0.0
2015-10-03T00:00:00.000Z,1,45019.0,0,,,,0.0
2015-10-15T00:00:00.000Z,12,45051.0,0,,,,0.0
2015-10-04T00:00:00.000Z,11,45085.0,4,85393.14,16500.59,87393.0,85393.14
2015-10-04T00:00:00.000Z,11,45085.0,4,14235.67,0.0,14438.0,14235.67
2015-10-05T00:00:00.000Z,18,45079.0,,,,,0.0
2015-10-04T00:00:00.000Z,6,45019.0,4,23136.04,0.0,24386.0,23136.04
2015-10-05T00:00:00.000Z,11,45019.0,4,,,351.0,0.0
2015-10-06T00:00:00.000Z,1,45063.0,2,19180.5,0.0,21180.0,19180.5
2015-10-04T00:00:00.000Z,1,45079.0,4,30000.0,6809.47,32940.0,30000.0
2015-10-03T00:00:00.000Z,1,45051.0,0,,,,0.0
2015-10-03T00:00:00.000Z,1,45015.0,2,862.88,0.0,2863.0,862.88
2015-10-04T00:00:00.000Z,1,45035.0,4,11145.03,2853.98,12145.0,11145.03
2015-10-04T00:00:00.000Z,1,45085.0,4,13449.58,0.0,13390.0,13449.58
2015-10-03T00:00:00.000Z,1,45043.0,,,,,0.0
2015-10-04T00:00:00.000Z,11,45019.0,4,5097.66,0.0,8840.0,5097.66
2015-10-04T00:00:00.000Z,1,45019.0,4,,,,0.0
2015-10-05T00:00:00.000Z,1,45019.0,2,9959.86,0.0,11960.0,9959.86
2015-10-05T00:00:00.000Z,2,45035.0,4,5606.76,0.0,6788.0,5606.76
2015-10-03T00:00:00.000Z,15,45051.0,4,53041.53,0.0,49667.0,53041.53
2015-10-03T00:00:00.000Z,1,45015.0,4,5311.31,0.0,6359.0,5311.31
2015-10-04T00:00:00.000Z,6,45051.0,4,5095.14,0.0,55095.0,5095.14
2015-10-04T00:00:00.000Z,11,45035.0,4,0.0,697.98,,0.0
2015-10-03T00:00:00.000Z,1,45051.0,4,15353.26,1574.31,12290.0,15353.26
2015-10-05T00:00:00.000Z,11,45079.0,4,26805.69,0.0,24947.0,26805.69
2015-10-03T00:00:00.000Z,11,45035.0,2,61091.56,0.0,66092.0,61091.56
2015-10-05T00:00:00.000Z,2,45035.0,0,,,,0.0
2015-10-03T00:00:00.000Z,1,45079.0,4,21158.58,0.0,20398.0,21158.58
2015-10-03T00:00:00.000Z,1,45019.0,4,4458.24,0.0,5604.0,4458.24
2015-10-03T00:00:00.000Z,1,45043.0,4,10857.73,0.0,12857.0,10857.73
2015-10-04T00:00:00.000Z,11,45045.0,2,3357.59,112.41,8357.0,3357.59
2015-10-04T00:00:00.000Z,11,45043.0,2,250000.0,13100.0,259798.0,250000.0
2015-10-05T00:00:00.000Z,1,45041.0,2,21894.56,0.0,26894.0,21894.56
2015-10-08T00:00:00.000Z,1,45051.0,4,18840.6,0.0,19009.0,18840.6
2015-10-04T00:00:00.000Z,1,45019.0,1,8488.4,0.0,9512.0,8488.4
2015-10-03T00:00:00.000Z,1,45019.0,4,991.48,0.0,2241.0,991.48
2015-10-03T00:00:00.000Z,11,45019.0,0,,,169.0,0.0
2015-10-04T00:00:00.000Z,1,45063.0,0,,,,0.0
2015-10-05T00:00:00.000Z,18,45079.0,2,101052.65,0.0,111052.0,101052.65
2015-10-09T00:00:00.000Z,1,45019.0,,,,,0.0
2015-10-04T00:00:00.000Z,11,45019.0,0,15635.26,282.03,16885.0,15635.26
2015-10-03T00:00:00.000Z,1,45019.0,4,65485.76,24265.73,63850.0,65485.76
2015-10-04T00:00:00.000Z,1,45019.0,4,56.88,0.0,3056.0,56.88
2015-10-02T00:00:00.000Z,11,45079.0,2,59521.27,359.87,60521.0,59521.27
2015-10-04T00:00:00.000Z,1,45019.0,4,17031.16,0.0,15724.0,17031.16
2015-10-04T00:00:00.000Z,3,45051.0,4,24800.66,0.0,25212.0,24800.66
2015-01-19T00:00:00.000Z,1,45019.0,4,6417.59,0.0,8417.0,6417.59
2015-10-05T00:00:00.000Z,1,45019.0,4,,,794.0,0.0
2015-10-03T00:00:00.000Z,11,45079.0,2,45109.66,0.0,42412.0,45109.66
2015-10-04T00:00:00.000Z,11,45079.0,2,1887.04,0.0,3137.0,1887.04
2015-10-04T00:00:00.000Z,6,45013.0,,,,,0.0
2015-11-09T00:00:00.000Z,1,45019.0,4,6941.98,0.0,7321.0,6941.98
2015-10-04T00:00:00.000Z,11,45075.0,4,7314.0,11287.49,7371.0,7314.0
2015-10-04T00:00:00.000Z,11,45019.0,4,11672.57,0.0,11603.0,11672.57
2015-10-26T00:00:00.000Z,1,45051.0,2,198.8,0.0,2198.0,198.8
2015-10-04T00:00:00.000Z,1,45079.0,2,9015.85,0.0,10015.0,9015.85
2015-10-04T00:00:00.000Z,11,45079.0,2,34667.36,3183.72,30210.0,34667.36
2015-10-04T00:00:00.000Z,1,45079.0,2,156648.92,28130.68,144510.0,156648.92
2015-10-05T00:00:00.000Z,4,45063.0,2,,,,0.0
2015-10-03T00:00:00.000Z,1,45079.0,4,57090.65,60000.0,58091.0,57090.65
2015-10-04T00:00:00.000Z,11,45051.0,0,,,,0.0
2015-10-05T00:00:00.000Z,15,45035.0,4,22114.69,0.0,23038.0,22114.69
2015-10-05T00:00:00.000Z,1,45079.0,0,,,,0.0
2015-10-04T00:00:00.000Z,1,45019.0,4,3876.66,0.0,6876.0,3876.66
2015-10-01T00:00:00.000Z,11,45015.0,1,2591.5,0.0,3841.0,2591.5
2015-10-03T00:00:00.000Z,1,45019.0,4,52005.15,15989.13,54005.0,52005.15
2015-10-03T00:00:00.000Z,11,45051.0,0,6232.04,0.0,8233.0,6232.04
2015-10-04T00:00:00.000Z,11,45079.0,2,7315.54,4192.12,6896.0,7315.54
2015-10-04T00:00:00.000Z,1,45079.0,0,,,,0.0
2015-10-03T00:00:00.000Z,1,45019.0,4,639.3,0.0,1253.0,639.3
2015-10-04T00:00:00.000Z,3,45019.0,4,1769.38,0.0,3732.0,1769.38
2015-10-03T00:00:00.000Z,1,45035.0,4,70950.89,15627.7,72201.0,70950.89
2015-10-04T00:00:00.000Z,1,45051.0,4,7527.76,0.0,7686.0,7527.76
2015-10-04T00:00:00.000Z,18,45079.0,2,0.0,500000.0,,0.0
2015-10-05T00:00:00.000Z,11,45019.0,4,7009.81,0.0,8259.0,7009.81
2015-10-03T00:00:00.000Z,3,45019.0,4,,,150.0,0.0
2015-10-04T00:00:00.000Z,1,45079.0,2,116006.77,19460.15,101303.0,116006.77
2015-10-03T00:00:00.000Z,1,45043.0,4,25305.17,0.0,26305.0,25305.17
2015-10-04T00:00:00.000Z,1,45085.0,0,6316.41,0.0,8317.0,6316.41
2015-10-03T00:00:00.000Z,1,45063.0,2,52066.72,0.0,50515.0,52066.72
2015-10-03T00:00:00.000Z,1,45051.0,4,4615.42,0.0,5073.0,4615.42
2015-10-04T00:00:00.000Z,11,45019.0,2,7830.6,0.0,8997.0,7830.6
2015-10-03T00:00:00.000Z,1,45035.0,4,17120.16,4054.26,16919.0,17120.16
2015-10-04T00:00:00.000Z,1,45035.0,4,,,,0.0
2015-10-03T00:00:00.000Z,11,45043.0,4,19053.02,0.0,18678.0,19053.02
2015-09-03T00:00:00.000Z,1,45051.0,0,,,,0.0
2015-10-04T00:00:00.000Z,13,45079.0,4,154188.22,0.0,155438.0,154188.22
2015-10-03T00:00:00.000Z,1,45035.0,2,52168.69,34621.07,50134.0,52168.69
2015-10-04T00:00:00.000Z,1,45019.0,4,,,3210.0,0.0
2015-10-04T00:00:00.000Z,1,45063.0,4,1258.32,0.0,2508.0,1258.32
2015-10-05T00:00:00.000Z,1,45079.0,2,11697.06,0.0,7447.0,11697.06
2015-10-03T00:00:00.000Z,11,45019.0,1,5270.46,0.0,10270.0,5270.46
2015-10-04T00:00:00.000Z,11,45003.0,2,10098.23,0.0,10590.0,10098.23
2015-10-05T00:00:00.000Z,1,45051.0,4,24644.02,0.0,24754.0,24644.02
2015-10-03T00:00:00.000Z,1,45079.0,2,45622.59,9036.35,33032.0,45622.59
2015-10-04T00:00:00.000Z,1,45079.0,2,200000.0,0.0,205000.0,200000.0
2015-10-04T00:00:00.000Z,11,45019.0,2,21406.31,0.0,21164.0,21406.31
2015-10-04T00:00:00.000Z,1,45019.0,4,961.93,0.0,3961.0,961.93
2015-10-03T00:00:00.000Z,15,45043.0,2,14712.1,0.0,14701.0,14712.1
2015-10-10T00:00:00.000Z,1,45019.0,4,177.13,0.0,3922.0,177.13
2015-10-04T00:00:00.000Z,14,45035.0,2,11120.88,0.0,12120.0,11120.88
2015-10-03T00:00:00.000Z,3,45019.0,4,21803.09,0.0,29104.0,21803.09
2015-10-03T00:00:00.000Z,11,45035.0,2,9957.87,0.0,10598.0,9957.87
2015-10-03T00:00:00.000Z,1,45063.0,2,35075.56,0.0,25546.0,35075.56
2015-10-05T00:00:00.000Z,11,45019.0,4,211.84,0.0,1461.0,211.84
2015-10-04T00:00:00.000Z,11,45019.0,2,11067.32,0.0,8430.0,11067.32
2015-10-04T00:00:00.000Z,1,45079.0,2,244431.25,0.0,222165.0,244431.25
2015-10-03T00:00:00.000Z,1,45019.0,4,10312.83,0.0,12312.0,10312.83
2015-10-03T00:00:00.000Z,1,45051.0,2,1822.79,0.0,2961.0,1822.79
2015-10-03T00:00:00.000Z,1,45015.0,,,,,0.0
2015-10-06T00:00:00.000Z,6,45079.0,4,29610.97,0.0,30611.0,29610.97
2015-10-03T00:00:00.000Z,3,45019.0,4,2876.59,0.0,3633.0,2876.59
2015-10-03T00:00:00.000Z,1,45019.0,4,10870.17,0.0,14747.0,10870.17
2015-10-05T00:00:00.000Z,1,45043.0,4,940.91,0.0,1941.0,940.91
2015-10-03T00:00:00.000Z,15,45051.0,0,67195.99,0.0,68446.0,67195.99
2015-10-04T00:00:00.000Z,6,45019.0,,,,,0.0
2015-10-04T00:00:00.000Z,11,45015.0,2,576.56,0.0,1827.0,576.56
2015-11-03T00:00:00.000Z,1,45019.0,2,1292.8,0.0,2543.0,1292.8
2015-10-04T00:00:00.000Z,1,45051.0,2,35202.31,0.0,29909.0,35202.31
2015-10-03T00:00:00.000Z,11,45019.0,4,7586.76,0.0,8361.0,7586.76
2015-10-04T00:00:00.000Z,1,45051.0,1,58543.01,14758.5,59543.0,58543.01
2015-10-04T00:00:00.000Z,11,45079.0,2,86635.75,0.0,80498.0,86635.75
2015-10-02T00:00:00.000Z,1,45079.0,2,15637.36,0.0,18761.0,15637.36
2015-10-05T00:00:00.000Z,1,45075.0,2,38541.73,14665.25,41146.0,38541.73
2015-10-06T00:00:00.000Z,11,45043.0,2,49521.82,0.0,50772.0,49521.82
2015-10-04T00:00:00.000Z,1,45043.0,4,5398.14,0.0,6398.0,5398.14
2015-10-03T00:00:00.000Z,1,45079.0,2,12078.92,0.0,17079.0,12078.92
2015-10-04T00:00:00.000Z,15,45079.0,2,76500.0,0.0,85914.0,76500.0
2015-10-03T00:00:00.000Z,18,45079.0,4,,,,0.0
2015-10-04T00:00:00.000Z,1,45035.0,0,67190.55,10000.0,68441.0,67190.55
2015-10-03T00:00:00.000Z,1,45035.0,4,21787.21,0.0,23037.0,21787.21
2015-10-03T00:00:00.000Z,1,45019.0,4,,,,0.0
2015-10-04T00:00:00.000Z,15,45019.0,2,25427.0,0.0,24616.0,25427.0
2015-10-03T00:00:00.000Z,11,45019.0,4,3798.36,0.0,5048.0,3798.36
2015-10-05T00:00:00.000Z,2,45035.0,0,,,,0.0
2015-10-03T00:00:00.000Z,1,45075.0,2,10925.21,6071.02,12925.0,10925.21
2015-10-04T00:00:00.000Z,1,45019.0,2,2422.9,0.0,4423.0,2422.9
2015-10-05T00:00:00.000Z,11,45043.0,4,,,,0.0
2015-10-04T00:00:00.000Z,11,45063.0,0,,,,0.0
2015-10-05T00:00:00.000Z,11,45035.0,4,61479.84,14830.78,57012.0,61479.84
2015-10-03T00:00:00.000Z,1,45013.0,1,10228.82,0.0,10478.0,10228.82
2015-10-05T00:00:00.000Z,1,45019.0,4,8109.96,0.0,10110.0,8109.96
2015-10-04T00:00:00.000Z,1,45019.0,4,46294.4,19100.0,45475.0,46294.4
2015-10-04T00:00:00.000Z,6,45013.0,,,,,0.0
2015-10-03T00:00:00.000Z,1,45019.0,4,12961.22,3334.25,11878.0,12961.22
2015-10-03T00:00:00.000Z,2,45019.0,4,,,3475.0,0.0
2015-10-02T00:00:00.000Z,1,45051.0,2,9440.76,0.0,10440.0,9440.76
2015-10-03T00:00:00.000Z,1,45019.0,4,591.9,0.0,2592.0,591.9
2015-10-03T00:00:00.000Z,1,45051.0,0,3086.5,0.0,4337.0,3086.5
2015-10-03T00:00:00.000Z,11,45019.0,4,14379.75,0.0,14348.0,14379.75
2015-05-25T00:00:00.000Z,1,45057.0,0,,,,0.0
2015-10-03T00:00:00.000Z,1,45019.0,4,4080.2,0.0,4864.0,4080.2
2015-10-02T00:00:00.000Z,1,45019.0,2,23396.16,0.0,19018.0,23396.16
2015-10-04T00:00:00.000Z,16,45043.0,0,121382.71,60000.0,122633.0,121382.71
2015-10-03T00:00:00.000Z,1,45019.0,4,,,177.0,0.0
2015-10-03T00:00:00.000Z,11,45019.0,4,39867.38,0.0,41117.0,39867.38
2015-10-04T00:00:00.000Z,11,45063.0,4,15375.76,0.0,14708.0,15375.76
2015-10-04T00:00:00.000Z,11,45019.0,2,306.92,0.0,1557.0,306.92
2015-10-03T00:00:00.000Z,1,45063.0,2,,,,0.0
2015-10-03T00:00:00.000Z,1,,4,1208.79,0.0,3158.0,1208.79
2015-10-06T00:00:00.000Z,11,45035.0,4,,,,0.0
2015-10-03T00:00:00.000Z,1,45019.0,4,54304.72,25000.0,51342.0,54304.72
2015-10-04T00:00:00.000Z,1,45079.0,4,250000.0,13241.91,217453.0,250000.0
2015-10-04T00:00:00.000Z,1,45019.0,4,13232.53,0.0,15787.0,13232.53
2015-10-03T00:00:00.000Z,11,45019.0,4,3406.73,0.0,4908.0,3406.73
2015-10-04T00:00:00.000Z,1,45063.0,4,6326.92,0.0,5219.0,6326.92
2015-10-04T00:00:00.000Z,1,45019.0,4,,,2926.0,0.0
2015-10-04T00:00:00.000Z,1,45079.0,2,29141.01,0.0,30641.0,29141.01
2015-10-05T00:00:00.000Z,1,45015.0,4,19169.83,0.0,21170.0,19169.83
2015-10-05T00:00:00.000Z,2,45035.0,0,,,,0.0
2015-10-05T00:00:00.000Z,11,45015.0,4,10065.02,0.0,10943.0,10065.02
2015-08-31T00:00:00.000Z,1,45015.0,4,10277.46,0.0,11295.0,10277.46
2015-11-03T00:00:00.000Z,11,45019.0,4,,,881.0,0.0
2015-10-03T00:00:00.000Z,1,45019.0,4,13827.37,7933.7,15827.0,13827.37
2015-10-04T00:00:00.000Z,1,45019.0,4,,,1614.0,0.0
2015-10-05T00:00:00.000Z,1,45051.0,,,,,0.0
2015-10-03T00:00:00.000Z,1,45051.0,2,,,463.0,0.0
2015-10-04T00:00:00.000Z,11,45051.0,0,48510.61,0.0,53511.0,48510.61
2015-10-03T00:00:00.000Z,1,45019.0,4,12492.18,0.0,11490.0,12492.18
2015-10-14T00:00:00.000Z,1,45079.0,,,,,0.0
2015-10-04T00:00:00.000Z,11,45019.0,0,,,4938.0,0.0
2015-10-03T00:00:00.000Z,1,45019.0,4,3478.39,0.0,5067.0,3478.39
2015-10-03T00:00:00.000Z,1,45019.0,4,15972.97,0.0,15570.0,15972.97
2015-10-04T00:00:00.000Z,1,45063.0,2,107039.65,4845.1,100291.0,107039.65
2015-10-04T00:00:00.000Z,1,45079.0,2,58467.19,0.0,53927.0,58467.19
2015-10-04T00:00:00.000Z,1,45019.0,0,,,1062.0,0.0
2015-10-01T00:00:00.000Z,11,45051.0,2,,,,0.0
2015-10-05T00:00:00.000Z,1,45041.0,2,20761.93,0.0,22761.0,20761.93
2015-10-04T00:00:00.000Z,1,45041.0,0,102374.7,14000.0,104375.0,102374.7
2015-10-03T00:00:00.000Z,11,45043.0,4,9717.6,0.0,10717.0,9717.6
2015-10-04T00:00:00.000Z,11,45043.0,2,243941.49,0.0,229484.0,243941.49
2015-10-03T00:00:00.000Z,1,45035.0,4,9133.71,0.0,9794.0,9133.71
2015-10-02T00:00:00.000Z,11,45063.0,4,27472.22,0.0,24868.0,27472.22
2015-10-05T00:00:00.000Z,18,45085.0,2,147102.68,0.0,148352.0,147102.68
2015-10-03T00:00:00.000Z,3,45063.0,2,196569.41,0.0,201569.0,196569.41
2015-10-04T00:00:00.000Z,1,45015.0,4,3060.39,0.0,3814.0,3060.39
2015-10-03T00:00:00.000Z,2,45019.0,4,41884.54,0.0,43884.0,41884.54
2015-10-04T00:00:00.000Z,1,45079.0,2,811.53,0.0,2062.0,811.53
2015-08-31T00:00:00.000Z,1,45019.0,0,8643.88,0.0,9893.0,8643.88
2015-10-05T00:00:00.000Z,3,45019.0,4,8254.44,0.0,9504.0,8254.44
2015-10-04T00:00:00.000Z,1,45063.0,2,53150.47,4497.46,44816.0,53150.47
2015-10-03T00:00:00.000Z,1,45015.0,4,,,65.0,0.0
2015-10-02T00:00:00.000Z,1,45051.0,0,16754.84,0.0,17755.0,16754.84
2015-10-03T00:00:00.000Z,1,45019.0,4,,,1853.0,0.0
2015-10-03T00:00:00.000Z,11,45085.0,4,15104.26,0.0,17104.0,15104.26
2015-10-04T00:00:00.000Z,11,45085.0,4,6981.05,3169.63,7755.0,6981.05
2015-10-03T00:00:00.000Z,11,45035.0,4,2271.05,3895.88,7132.0,2271.05
2015-10-04T00:00:00.000Z,1,45079.0,4,118468.65,0.0,123468.0,118468.65
2015-10-05T00:00:00.000Z,1,45063.0,4,6382.95,0.0,8383.0,6382.95
2015-10-03T00:00:00.000Z,1,45019.0,4,1180.02,0.0,2746.0,1180.02
2015-10-04T00:00:00.000Z,1,45051.0,4,5491.23,0.0,5447.0,5491.23
2015-10-04T00:00:00.000Z,1,45019.0,2,22753.09,0.0,22534.0,22753.09
2015-10-04T00:00:00.000Z,11,45085.0,2,,,1891.0,0.0
2015-10-04T00:00:00.000Z,18,45013.0,,,,,0.0
2015-10-02T00:00:00.000Z,11,45019.0,4,8896.85,189.98,10147.0,8896.85
2015-10-04T00:00:00.000Z,11,45085.0,2,9894.33,0.0,10627.0,9894.33
2015-10-04T00:00:00.000Z,1,45047.0,2,17386.69,0.0,21044.0,17386.69
2015-10-04T00:00:00.000Z,11,45079.0,4,32378.54,0.0,37379.0,32378.54
2015-05-10T00:00:00.000Z,2,45051.0,0,14736.47,0.0,16737.0,14736.47
2015-10-05T00:00:00.000Z,3,45015.0,,,,,0.0
2015-10-03T00:00:00.000Z,1,45019.0,2,,,,0.0
2015-10-04T00:00:00.000Z,15,45043.0,,,,,0.0
2015-10-04T00:00:00.000Z,1,45043.0,4,23005.86,0.0,25005.0,23005.86
2015-10-03T00:00:00.000Z,11,45019.0,1,18006.29,0.0,20006.0,18006.29
2015-10-03T00:00:00.000Z,1,45051.0,4,1484.68,0.0,2485.0,1484.68
2015-11-10T00:00:00.000Z,1,45063.0,4,,,,0.0
2015-10-16T00:00:00.000Z,1,45019.0,4,,,,0.0
2015-10-04T00:00:00.000Z,13,45085.0,4,72383.7,0.0,77383.0,72383.7
2015-10-05T00:00:00.000Z,1,45043.0,4,1596.63,0.0,2597.0,1596.63
2015-10-04T00:00:00.000Z,1,45019.0,2,20000.0,1686.93,27082.0,20000.0
2015-10-04T00:00:00.000Z,1,45063.0,2,111514.41,0.0,108563.0,111514.41
2015-10-03T00:00:00.000Z,6,45019.0,4,0.0,7878.93,,0.0
2015-10-07T00:00:00.000Z,11,45051.0,2,16750.41,5029.08,16714.0,16750.41
2015-10-04T00:00:00.000Z,11,45063.0,2,,,,0.0
2015-10-04T00:00:00.000Z,1,45079.0,0,58000.0,6600.0,122109.0,58000.0
2015-10-04T00:00:00.000Z,11,45079.0,4,24206.88,0.0,25207.0,24206.88
2015-10-03T00:00:00.000Z,2,45019.0,4,16974.88,0.0,17975.0,16974.88
2015-10-03T00:00:00.000Z,12,45051.0,0,12432.7,193.09,14433.0,12432.7
2015-10-05T00:00:00.000Z,3,45051.0,1,2065.69,0.0,4065.0,2065.69
2015-10-03T00:00:00.000Z,11,45019.0,4,,,1454.0,0.0
2015-10-02T00:00:00.000Z,1,45079.0,4,,,,0.0
2015-10-05T00:00:00.000Z,2,45035.0,0,,,,0.0
2015-10-03T00:00:00.000Z,1,45019.0,4,4344.46,0.0,5344.0,4344.46
2015-10-03T00:00:00.000Z,6,45019.0,4,12773.28,2091.98,14773.0,12773.28
2015-10-03T00:00:00.000Z,11,45019.0,2,2168.56,0.0,6186.0,2168.56
2015-10-03T00:00:00.000Z,16,45019.0,4,2001.69,0.0,4002.0,2001.69
2015-10-06T00:00:00.000Z,1,45019.0,4,8185.85,0.0,9072.0,8185.85
2015-10-03T00:00:00.000Z,1,45019.0,1,12928.35,0.0,17928.0,12928.35
2015-10-03T00:00:00.000Z,1,45019.0,4,8086.8,0.0,9337.0,8086.8
2015-10-03T00:00:00.000Z,1,45019.0,4,26611.06,0.0,25407.0,26611.06
2015-10-04T00:00:00.000Z,18,45043.0,4,0.0,23016.64,,0.0
2015-10-05T00:00:00.000Z,1,45079.0,4,1067.97,0.0,2246.0,1067.97
2015-10-04T00:00:00.000Z,1,45019.0,4,,,2607.0,0.0
2015-10-04T00:00:00.000Z,6,45041.0,4,67231.01,36624.77,68231.0,67231.01
2015-10-04T00:00:00.000Z,11,45079.0,2,159792.55,0.0,142791.0,159792.55
2015-10-04T00:00:00.000Z,1,45079.0,2,250000.0,80433.06,197126.0,250000.0
2015-10-04T00:00:00.000Z,11,45079.0,0,19387.17,0.0,20638.0,19387.17
2015-10-03T00:00:00.000Z,1,45051.0,4,,,435.0,0.0
2015-10-03T00:00:00.000Z,11,45041.0,4,22994.42,15196.89,19420.0,22994.42
2015-10-03T00:00:00.000Z,11,45019.0,4,818.2,0.0,1818.0,818.2
2015-10-27T00:00:00.000Z,1,45051.0,0,6694.53,0.0,8695.0,6694.53
2015-10-06T00:00:00.000Z,1,45019.0,2,3080.41,0.0,4134.0,3080.41
2015-10-03T00:00:00.000Z,1,45019.0,4,48879.85,0.0,43180.0,48879.85
2015-10-04T00:00:00.000Z,11,45035.0,2,3777.41,0.0,4735.0,3777.41
2015-10-01T00:00:00.000Z,1,45063.0,2,11286.66,0.0,14658.0,11286.66
2015-10-04T00:00:00.000Z,11,45019.0,4,52359.61,18086.34,51310.0,52359.61
2015-10-04T00:00:00.000Z,1,45079.0,2,141900.0,0.0,144708.0,141900.0
2015-03-05T00:00:00.000Z,1,45035.0,,,,,0.0
2015-10-05T00:00:00.000Z,1,45051.0,4,5009.64,0.0,5734.0,5009.64
2015-10-03T00:00:00.000Z,1,45019.0,4,791.17,0.0,2791.0,791.17
2015-10-04T00:00:00.000Z,12,45043.0,2,999.41,0.0,1999.0,999.41
2015-10-03T00:00:00.000Z,1,45031.0,2,2398.15,0.0,3398.0,2398.15
2015-10-03T00:00:00.000Z,1,45019.0,,,,,0.0
2015-10-05T00:00:00.000Z,1,45063.0,2,,,3117.0,0.0
2015-10-03T00:00:00.000Z,11,45019.0,4,4336.97,0.0,5496.0,4336.97
2015-10-04T00:00:00.000Z,2,45079.0,0,,,160.0,0.0
2015-10-04T00:00:00.000Z,1,45019.0,4,12420.77,4756.66,16671.0,12420.77
2015-10-04T00:00:00.000Z,11,45051.0,4,2235.11,0.0,3236.0,2235.11
2015-10-05T00:00:00.000Z,1,45019.0,2,3121.51,0.0,3575.0,3121.51
2015-10-03T00:00:00.000Z,1,45035.0,0,100597.16,80000.0,101598.0,100597.16
2015-10-04T00:00:00.000Z,16,45019.0,2,31407.79,10903.76,31010.0,31407.79
2015-10-04T00:00:00.000Z,11,45051.0,0,,,834.0,0.0
2015-10-07T00:00:00.000Z,11,45051.0,0,903.69,0.0,2154.0,903.69
2015-10-03T00:00:00.000Z,1,45051.0,4,2780.87,0.0,3732.0,2780.87
2015-10-05T00:00:00.000Z,11,45019.0,4,660.09,0.0,1910.0,660.09
2015-10-03T00:00:00.000Z,1,45031.0,2,5697.96,0.0,7198.0,5697.96
2015-10-02T00:00:00.000Z,11,45019.0,4,6641.86,0.0,7673.0,6641.86
2015-10-03T00:00:00.000Z,11,45019.0,,,,,0.0
2015-10-05T00:00:00.000Z,1,45019.0,4,,,1809.0,0.0
2015-10-04T00:00:00.000Z,1,45019.0,4,,,2504.0,0.0
2015-10-06T00:00:00.000Z,1,45041.0,2,5955.51,0.0,6816.0,5955.51
2015-10-02T00:00:00.000Z,1,45041.0,4,19951.63,0.0,18999.0,19951.63
2015-10-04T00:00:00.000Z,15,45043.0,,,,,0.0
2015-10-03T00:00:00.000Z,11,45063.0,4,592.44,0.0,1761.0,592.44
2015-10-04T00:00:00.000Z,1,45051.0,0,,,,0.0
2015-10-04T00:00:00.000Z,4,45085.0,4,,,1117.0,0.0
2015-10-15T00:00:00.000Z,1,45029.0,2,27851.06,0.0,29351.0,27851.06
2015-10-03T00:00:00.000Z,1,45019.0,4,,,,0.0
2015-10-03T00:00:00.000Z,11,45051.0,4,6411.23,0.0,7661.0,6411.23
2015-10-04T00:00:00.000Z,1,45051.0,0,,,,0.0
2015-10-04T00:00:00.000Z,1,45043.0,2,4270.81,0.0,5270.0,4270.81
2015-10-04T00:00:00.000Z,11,45079.0,4,6346.78,0.0,8347.0,6346.78
2015-10-02T00:00:00.000Z,2,45051.0,0,39596.15,9449.91,41597.0,39596.15
2015-10-03T00:00:00.000Z,11,45019.0,4,,,,0.0
2015-10-02T00:00:00.000Z,1,45051.0,4,24311.07,0.0,24297.0,24311.07
2015-10-04T00:00:00.000Z,11,45019.0,4,19734.69,0.0,18790.0,19734.69
2015-10-04T00:00:00.000Z,1,45043.0,4,15207.71,0.0,10240.0,15207.71
2015-10-02T00:00:00.000Z,1,45079.0,4,164954.7,0.0,151320.0,164954.7
2015-10-06T00:00:00.000Z,11,45019.0,4,4849.15,0.0,6099.0,4849.15
2015-10-04T00:00:00.000Z,1,45019.0,2,8606.98,0.0,11223.0,8606.98
2015-10-02T00:00:00.000Z,1,45079.0,4,12424.82,0.0,11782.0,12424.82
2015-08-31T00:00:00.000Z,16,45019.0,4,6075.84,0.0,10326.0,6075.84
2015-10-03T00:00:00.000Z,11,45051.0,4,15387.36,0.0,15112.0,15387.36
2015-10-04T00:00:00.000Z,1,45085.0,4,13768.02,1000.93,14768.0,13768.02
2015-10-03T00:00:00.000Z,11,45019.0,2,14346.69,5089.53,13325.0,14346.69
2015-10-03T00:00:00.000Z,1,45019.0,4,,,,0.0
2015-10-05T00:00:00.000Z,2,45019.0,4,2929.6,0.0,4429.0,2929.6
2015-10-05T00:00:00.000Z,11,45063.0,4,38962.33,0.0,43962.0,38962.33
2015-05-25T00:00:00.000Z,1,45063.0,4,,,,0.0
2015-10-04T00:00:00.000Z,11,45019.0,4,14408.77,0.0,14929.0,14408.77
2015-10-08T00:00:00.000Z,1,45089.0,4,148987.17,24606.83,150237.0,148987.17
2015-06-25T00:00:00.000Z,1,45019.0,4,2266.74,0.0,3226.0,2266.74
2015-10-05T00:00:00.000Z,1,45019.0,4,,,2453.0,0.0
2015-10-03T00:00:00.000Z,11,45031.0,4,5723.16,0.0,5203.0,5723.16
2015-10-04T00:00:00.000Z,1,45051.0,2,4772.91,0.0,6272.0,4772.91
2015-10-03T00:00:00.000Z,11,45019.0,4,10752.94,0.0,12753.0,10752.94
2015-10-05T00:00:00.000Z,1,45055.0,4,,,2154.0,0.0
2015-10-03T00:00:00.000Z,3,45019.0,0,,,,0.0
2015-10-03T00:00:00.000Z,11,45089.0,0,2838.73,0.0,4089.0,2838.73
2015-10-03T00:00:00.000Z,15,45035.0,2,44977.86,0.0,42780.0,44977.86
2015-10-02T00:00:00.000Z,11,45019.0,0,,,,0.0
2015-10-03T00:00:00.000Z,1,45019.0,4,26986.1,7092.04,27986.0,26986.1
2015-10-05T00:00:00.000Z,1,45089.0,4,6182.88,0.0,4108.0,6182.88
2015-10-03T00:00:00.000Z,1,45051.0,0,23454.54,0.0,25455.0,23454.54
2015-10-03T00:00:00.000Z,1,45035.0,4,1425.3,0.0,2675.0,1425.3
2015-10-04T00:00:00.000Z,1,45019.0,4,13991.53,130.85,15241.0,13991.53
2015-10-05T00:00:00.000Z,1,45079.0,4,,,,0.0
2015-10-04T00:00:00.000Z,11,45079.0,2,2185.74,0.0,3435.0,2185.74
2015-10-06T00:00:00.000Z,1,45019.0,4,14783.82,0.0,13239.0,14783.82
2015-10-04T00:00:00.000Z,14,45043.0,4,23561.84,0.0,24562.0,23561.84
2015-10-03T00:00:00.000Z,1,45085.0,4,18771.06,0.0,19771.0,18771.06
2015-10-04T00:00:00.000Z,1,45051.0,2,,,1076.0,0.0
2015-10-03T00:00:00.000Z,11,45019.0,2,,,,0.0
2015-10-03T00:00:00.000Z,11,45019.0,1,1554.46,0.0,2804.0,1554.46
2015-10-04T00:00:00.000Z,1,45079.0,2,2472.83,0.0,3472.0,2472.83
2015-10-04T00:00:00.000Z,1,45019.0,4,,,1358.0,0.0
2015-10-02T00:00:00.000Z,1,45029.0,4,,,975.0,0.0
2015-10-04T00:00:00.000Z,11,45027.0,4,12569.47,0.0,13569.0,12569.47
2015-10-03T00:00:00.000Z,14,45041.0,4,10368.11,4594.58,11939.0,10368.11
2015-10-04T00:00:00.000Z,11,45019.0,4,34992.66,0.0,33329.0,34992.66
2015-10-03T00:00:00.000Z,1,45019.0,2,2943.49,0.0,5943.0,2943.49
2015-10-03T00:00:00.000Z,1,45079.0,4,,,1379.0,0.0
2015-10-04T00:00:00.000Z,11,45079.0,2,30162.71,1836.85,32912.0,30162.71
2015-10-02T00:00:00.000Z,1,45079.0,0,,,,0.0
2015-10-04T00:00:00.000Z,11,45051.0,0,,,459.0,0.0
2015-10-03T00:00:00.000Z,1,45051.0,0,,,,0.0
2015-10-02T00:00:00.000Z,1,45015.0,4,,,,0.0
2015-10-03T00:00:00.000Z,11,45051.0,4,2125.0,0.0,4125.0,2125.0
2015-10-04T00:00:00.000Z,11,45051.0,4,1128.53,0.0,2332.0,1128.53
2015-10-04T00:00:00.000Z,1,45051.0,0,,,215.0,0.0
2015-10-21T00:00:00.000Z,1,45051.0,0,,,,0.0
2015-10-03T00:00:00.000Z,1,45019.0,0,,,,0.0
2015-10-04T00:00:00.000Z,11,45019.0,4,21275.93,3072.12,20972.0,21275.93
2015-10-03T00:00:00.000Z,1,45019.0,4,56246.04,8700.0,54120.0,56246.04
2015-10-03T00:00:00.000Z,1,45019.0,4,10333.0,0.0,10876.0,10333.0
2015-10-02T00:00:00.000Z,11,45019.0,4,1889.8,0.0,3139.0,1889.8
2015-10-03T00:00:00.000Z,1,45051.0,4,2617.2,0.0,3617.0,2617.2
2015-10-04T00:00:00.000Z,1,45079.0,4,178762.25,30500.0,168561.0,178762.25
2015-10-03T00:00:00.000Z,1,45019.0,4,2323.67,0.0,3574.0,2323.67
2015-10-03T00:00:00.000Z,1,45019.0,0,,,,0.0
2015-10-06T00:00:00.000Z,1,45079.0,4,1712.63,0.0,2713.0,1712.63
2015-10-04T00:00:00.000Z,1,45019.0,4,6209.2,0.0,7459.0,6209.2
2015-10-04T00:00:00.000Z,1,45063.0,4,87500.0,0.0,103777.0,87500.0
2015-10-04T00:00:00.000Z,1,45019.0,4,303.16,0.0,3303.0,303.16
2015-10-04T00:00:00.000Z,3,45051.0,4,53411.85,0.0,46203.0,53411.85
2015-10-04T00:00:00.000Z,1,45019.0,4,4584.59,0.0,6584.0,4584.59
2015-10-04T00:00:00.000Z,11,45019.0,4,14610.35,0.0,14553.0,14610.35
2015-10-04T00:00:00.000Z,1,45079.0,4,111366.39,25234.8,102597.0,111366.39
2015-10-04T00:00:00.000Z,11,45079.0,2,14940.93,0.0,10050.0,14940.93
2015-10-04T00:00:00.000Z,3,45079.0,2,141801.26,5071.29,143051.0,141801.26
2015-10-04T00:00:00.000Z,1,45035.0,0,42149.98,10416.0,43400.0,42149.98
2015-10-02T00:00:00.000Z,1,45051.0,4,6757.52,0.0,7757.0,6757.52
2015-10-06T00:00:00.000Z,1,45035.0,4,,,1872.0,0.0
2015-10-04T00:00:00.000Z,11,45051.0,4,4387.11,0.0,5637.0,4387.11
2015-10-27T00:00:00.000Z,1,45019.0,1,8422.07,0.0,8385.0,8422.07
2015-10-03T00:00:00.000Z,1,45015.0,2,27334.58,0.0,28585.0,27334.58
2015-10-04T00:00:00.000Z,1,45079.0,2,40174.77,0.0,40187.0,40174.77
2015-10-04T00:00:00.000Z,11,45051.0,0,,,,0.0
2015-10-03T00:00:00.000Z,1,45035.0,2,15559.21,0.0,25559.0,15559.21
2015-10-03T00:00:00.000Z,11,45019.0,4,9131.34,0.0,9232.0,9131.34
2015-10-02T00:00:00.000Z,11,45019.0,4,9265.97,0.0,9750.0,9265.97
2015-10-03T00:00:00.000Z,11,45019.0,1,9267.44,0.0,10517.0,9267.44
2015-10-04T00:00:00.000Z,2,45051.0,0,,,2079.0,0.0
2015-10-03T00:00:00.000Z,1,45015.0,2,11525.08,876.17,12079.0,11525.08
2015-10-02T00:00:00.000Z,4,45019.0,4,26367.58,4483.0,28367.0,26367.58
2015-10-04T00:00:00.000Z,1,45085.0,4,83286.82,0.0,85287.0,83286.82
2015-10-04T00:00:00.000Z,11,45019.0,4,6731.26,0.0,9732.0,6731.26
2015-10-17T00:00:00.000Z,11,45085.0,0,4120.31,0.0,5371.0,4120.31
2015-10-01T00:00:00.000Z,1,45015.0,4,9318.64,1851.19,10270.0,9318.64
2015-10-03T00:00:00.000Z,1,45019.0,4,51433.91,10158.41,48677.0,51433.91
2015-10-03T00:00:00.000Z,1,45051.0,1,7397.37,0.0,9397.0,7397.37
2015-10-04T00:00:00.000Z,15,45043.0,,,,,0.0
2015-10-04T00:00:00.000Z,1,45079.0,2,250000.0,0.0,302597.0,250000.0
2015-10-04T00:00:00.000Z,6,45043.0,4,54293.95,0.0,56293.0,54293.95
2015-10-08T00:00:00.000Z,1,45051.0,1,29697.41,5133.63,31697.0,29697.41
2015-10-03T00:00:00.000Z,1,45019.0,4,,,2384.0,0.0
2015-10-04T00:00:00.000Z,1,45019.0,4,1401.95,0.0,4401.0,1401.95
2015-10-04T00:00:00.000Z,1,45041.0,2,2740.28,0.0,3978.0,2740.28
2015-10-05T00:00:00.000Z,11,45041.0,2,4410.73,0.0,5410.0,4410.73
2015-10-02T00:00:00.000Z,1,45051.0,4,48809.51,16196.84,47166.0,48809.51
2015-10-05T00:00:00.000Z,11,45019.0,2,,,2594.0,0.0
2015-11-05T00:00:00.000Z,1,45019.0,0,4344.08,0.0,6345.0,4344.08
2015-10-07T00:00:00.000Z,1,45019.0,4,128.27,0.0,1378.0,128.27
2015-10-04T00:00:00.000Z,1,45019.0,4,102.52,0.0,3102.0,102.52
2015-10-03T00:00:00.000Z,1,45043.0,1,,,2427.0,0.0
2015-10-04T00:00:00.000Z,6,,,,,,0.0
2015-10-04T00:00:00.000Z,1,45019.0,4,1214.57,0.0,2465.0,1214.57
2015-10-02T00:00:00.000Z,1,45019.0,4,14678.61,0.0,15157.0,14678.61
2015-09-03T00:00:00.000Z,1,45019.0,0,,,,0.0
2015-12-04T00:00:00.000Z,11,45035.0,0,,,,0.0
2015-10-04T00:00:00.000Z,11,45079.0,4,8443.34,0.0,8501.0,8443.34
2015-10-04T00:00:00.000Z,18,45085.0,4,192456.37,9411.49,193706.0,192456.37
2015-10-03T00:00:00.000Z,2,45019.0,4,7927.14,0.0,9927.0,7927.14
2015-10-07T00:00:00.000Z,1,45051.0,0,11451.61,0.0,12702.0,11451.61
2015-10-27T00:00:00.000Z,1,45019.0,1,10306.82,2904.68,11280.0,10306.82
2015-10-04T00:00:00.000Z,11,45033.0,0,,,421.0,0.0
2015-10-05T00:00:00.000Z,1,45019.0,4,8111.25,0.0,8454.0,8111.25
2015-10-04T00:00:00.000Z,18,45019.0,,,,,0.0
2015-10-03T00:00:00.000Z,1,45019.0,4,2197.85,0.0,4198.0,2197.85
2015-10-03T00:00:00.000Z,1,45019.0,2,26041.86,13669.75,27516.0,26041.86
2015-10-03T00:00:00.000Z,1,45019.0,2,17777.9,0.0,19028.0,17777.9
2015-10-02T00:00:00.000Z,1,45019.0,4,25856.76,12142.66,21787.0,25856.76
2015-10-04T00:00:00.000Z,1,45051.0,0,,,,0.0
2015-10-03T00:00:00.000Z,1,45035.0,4,56946.82,0.0,57947.0,56946.82
2015-10-03T00:00:00.000Z,1,45035.0,2,14248.99,0.0,15499.0,14248.99
2015-10-03T00:00:00.000Z,11,45051.0,4,18613.05,0.0,13087.0,18613.05
2015-10-04T00:00:00.000Z,2,45019.0,4,10488.02,0.0,11738.0,10488.02
2015-10-03T00:00:00.000Z,1,45019.0,2,22530.71,2655.13,22642.0,22530.71
2015-10-03T00:00:00.000Z,1,45079.0,2,109918.68,0.0,100128.0,109918.68
2015-10-05T00:00:00.000Z,1,45041.0,4,9669.62,0.0,7805.0,9669.62
2015-10-03T00:00:00.000Z,11,45035.0,4,709.79,0.0,1943.0,709.79
2015-10-04T00:00:00.000Z,14,45043.0,4,8726.8,0.0,9726.0,8726.8
2015-10-05T00:00:00.000Z,6,45019.0,4,,,1771.0,0.0
2015-10-04T00:00:00.000Z,1,45019.0,4,5805.81,0.0,5685.0,5805.81
2015-04-25T00:00:00.000Z,1,45013.0,0,30180.0,2718.16,33180.0,30180.0
2015-10-05T00:00:00.000Z,11,45063.0,2,16405.27,0.0,12946.0,16405.27
2015-10-01T00:00:00.000Z,1,45019.0,4,15081.41,0.0,17081.0,15081.41
2015-10-04T00:00:00.000Z,11,45055.0,4,41067.05,1589.97,37755.0,41067.05
2015-10-04T00:00:00.000Z,1,45079.0,2,,,,0.0
2015-10-03T00:00:00.000Z,11,45079.0,2,20326.83,0.0,21327.0,20326.83
2015-10-03T00:00:00.000Z,2,45019.0,1,59074.73,0.0,61074.0,59074.73
2015-10-03T00:00:00.000Z,6,45089.0,,,,,0.0
2015-10-04T00:00:00.000Z,1,45079.0,4,250000.0,100000.0,229598.0,250000.0
2015-10-03T00:00:00.000Z,1,45035.0,1,17495.72,0.0,15668.0,17495.72
2015-10-09T00:00:00.000Z,1,45051.0,4,29215.46,0.0,30216.0,29215.46
2015-10-03T00:00:00.000Z,1,45013.0,4,6777.86,0.0,8777.0,6777.86
2015-10-03T00:00:00.000Z,11,45035.0,2,14351.36,0.0,15765.0,14351.36
2015-10-04T00:00:00.000Z,1,45019.0,2,2693.07,0.0,2693.0,2693.07
2015-10-04T00:00:00.000Z,11,45051.0,4,165.69,0.0,1416.0,165.69
2015-10-04T00:00:00.000Z,11,45063.0,2,46635.92,15100.0,44586.0,46635.92
2015-10-03T00:00:00.000Z,1,45019.0,4,14360.18,0.0,15860.0,14360.18
2015-10-04T00:00:00.000Z,11,45015.0,4,49987.38,46600.0,48772.0,49987.38
2015-10-03T00:00:00.000Z,1,45019.0,2,13861.24,0.0,13475.0,13861.24
2015-10-03T00:00:00.000Z,1,45063.0,2,6980.81,584.2,6673.0,6980.81
2015-10-04T00:00:00.000Z,1,45063.0,4,50991.79,0.0,52992.0,50991.79
2015-10-04T00:00:00.000Z,1,45019.0,4,,,2504.0,0.0
2015-10-02T00:00:00.000Z,11,45051.0,4,,,1159.0,0.0
2015-10-06T00:00:00.000Z,1,45019.0,4,2643.44,0.0,7210.0,2643.44
2015-10-03T00:00:00.000Z,2,45019.0,2,9848.18,0.0,11848.0,9848.18
2015-10-04T00:00:00.000Z,1,45035.0,2,50769.3,10163.52,47347.0,50769.3
2015-10-04T00:00:00.000Z,11,45063.0,4,7515.7,0.0,8774.0,7515.7
2015-10-15T00:00:00.000Z,1,45055.0,0,,,,0.0
2015-10-03T00:00:00.000Z,1,45019.0,4,1504.59,0.0,2755.0,1504.59
2015-10-03T00:00:00.000Z,1,45019.0,2,12728.01,0.0,13034.0,12728.01
2015-10-03T00:00:00.000Z,15,45043.0,2,31695.78,0.0,30339.0,31695.78
2015-10-04T00:00:00.000Z,1,45035.0,4,40300.0,0.0,51489.0,40300.0
2015-10-02T00:00:00.000Z,1,45019.0,4,,,1996.0,0.0
2015-10-04T00:00:00.000Z,11,45019.0,2,138.29,0.0,1388.0,138.29
2015-10-02T00:00:00.000Z,1,45019.0,2,894.35,0.0,1894.0,894.35
2015-10-01T00:00:00.000Z,1,45019.0,0,,,481.0,0.0
2015-10-01T00:00:00.000Z,1,45015.0,2,17742.18,0.0,18309.0,17742.18
2015-10-05T00:00:00.000Z,18,45019.0,,,,,0.0
2015-10-04T00:00:00.000Z,1,45079.0,4,12863.22,0.0,10718.0,12863.22
2015-10-11T00:00:00.000Z,11,45019.0,4,,,776.0,0.0
2015-10-04T00:00:00.000Z,11,45063.0,2,13942.3,0.0,15192.0,13942.3
2015-10-04T00:00:00.000Z,1,45019.0,4,,,149.0,0.0
2015-10-03T00:00:00.000Z,1,45043.0,4,3747.98,1626.18,5747.0,3747.98
2015-10-03T00:00:00.000Z,3,45019.0,4,2894.32,0.0,4144.0,2894.32
2015-10-04T00:00:00.000Z,1,45079.0,4,2409.86,0.0,3636.0,2409.86
2015-10-04T00:00:00.000Z,1,45051.0,4,,,,0.0
2015-10-04T00:00:00.000Z,1,45079.0,2,8562.74,0.0,13563.0,8562.74
2015-10-04T00:00:00.000Z,12,45019.0,2,596.88,0.0,1847.0,596.88
2015-10-03T00:00:00.000Z,1,45079.0,2,10262.89,0.0,9630.0,10262.89
2015-10-04T00:00:00.000Z,11,45079.0,4,77563.12,0.0,69368.0,77563.12
2015-10-04T00:00:00.000Z,1,45041.0,2,,,,0.0
2015-10-03T00:00:00.000Z,1,45051.0,4,27136.17,12182.19,26329.0,27136.17
2015-10-03T00:00:00.000Z,1,45079.0,4,,,,0.0
2015-08-31T00:00:00.000Z,1,45019.0,4,22964.26,2422.92,24214.0,22964.26
2015-10-04T00:00:00.000Z,1,45019.0,2,44274.77,6592.99,45275.0,44274.77
2015-10-03T00:00:00.000Z,1,45019.0,4,,,980.0,0.0
2015-10-03T00:00:00.000Z,1,45015.0,0,3838.82,0.0,5089.0,3838.82
2015-10-02T00:00:00.000Z,1,45019.0,4,2017.15,0.0,3267.0,2017.15
2015-10-05T00:00:00.000Z,1,45063.0,4,38146.72,0.0,43146.0,38146.72
2015-10-04T00:00:00.000Z,1,45085.0,4,73821.25,24155.3,63192.0,73821.25
2015-10-04T00:00:00.000Z,1,45079.0,2,42612.51,9398.14,40210.0,42612.51
2015-10-03T00:00:00.000Z,1,45019.0,4,4786.88,0.0,6787.0,4786.88
2015-10-03T00:00:00.000Z,15,45043.0,2,44949.06,0.0,42291.0,44949.06
2015-10-04T00:00:00.000Z,11,45079.0,4,174579.33,0.0,163182.0,174579.33
2015-10-03T00:00:00.000Z,1,45055.0,4,,,1061.0,0.0
2015-10-03T00:00:00.000Z,1,45019.0,4,16051.16,0.0,26051.0,16051.16
2015-10-04T00:00:00.000Z,1,45051.0,0,5684.48,0.0,6935.0,5684.48
2015-10-04T00:00:00.000Z,11,45051.0,2,4231.08,0.0,5231.0,4231.08
2015-10-03T00:00:00.000Z,1,45019.0,4,8753.18,0.0,10557.0,8753.18
2015-10-08T00:00:00.000Z,1,45051.0,2,3027.83,0.0,4277.0,3027.83
2015-10-04T00:00:00.000Z,11,45085.0,2,64688.86,0.0,54042.0,64688.86
2015-10-06T00:00:00.000Z,3,45019.0,4,,,,0.0
2015-10-05T00:00:00.000Z,6,45019.0,4,3602.36,0.0,5602.0,3602.36
2015-10-03T00:00:00.000Z,2,45019.0,2,393.75,0.0,,393.75
2015-10-04T00:00:00.000Z,1,45019.0,4,6626.82,0.0,8626.0,6626.82
2015-10-05T00:00:00.000Z,11,45051.0,4,1113.84,0.0,2335.0,1113.84
2015-10-04T00:00:00.000Z,1,45079.0,2,73672.51,100000.0,74923.0,73672.51
2015-10-05T00:00:00.000Z,1,45063.0,4,100069.1,9130.17,92686.0,100069.1
2015-10-06T00:00:00.000Z,11,45089.0,2,56381.4,0.0,53315.0,56381.4
2015-10-03T00:00:00.000Z,14,45019.0,0,699.47,0.0,1950.0,699.47
2015-10-04T00:00:00.000Z,1,45079.0,4,5285.74,0.0,7286.0,5285.74
2015-10-03T00:00:00.000Z,11,45019.0,2,,,301.0,0.0
2015-10-07T00:00:00.000Z,1,45019.0,4,2117.52,0.0,3367.0,2117.52
2015-10-04T00:00:00.000Z,1,45019.0,4,1776.49,0.0,4776.0,1776.49
2015-10-01T00:00:00.000Z,1,45019.0,4,9190.11,0.0,8618.0,9190.11
2015-10-03T00:00:00.000Z,18,45051.0,4,110943.5,0.0,112943.0,110943.5
2015-09-30T00:00:00.000Z,1,45041.0,2,3799.58,0.0,5800.0,3799.58
2015-10-04T00:00:00.000Z,11,45043.0,2,9665.8,0.0,10665.0,9665.8
2015-10-05T00:00:00.000Z,2,45035.0,0,,,,0.0
2015-10-03T00:00:00.000Z,1,45019.0,4,12927.98,0.0,12840.0,12927.98
2015-10-03T00:00:00.000Z,1,45051.0,4,9214.37,0.0,10214.0,9214.37
2015-01-17T00:00:00.000Z,1,45059.0,4,,,,0.0
2015-10-04T00:00:00.000Z,11,45063.0,2,,,,0.0
2015-10-05T00:00:00.000Z,11,45055.0,0,,,,0.0
2015-10-04T00:00:00.000Z,1,45043.0,2,38495.01,4559.44,38023.0,38495.01
2015-03-19T00:00:00.000Z,11,45015.0,4,1622.1,0.0,2494.0,1622.1
2015-10-04T00:00:00.000Z,11,45079.0,0,38473.62,13265.64,41018.0,38473.62
2015-10-04T00:00:00.000Z,11,45019.0,4,2503.39,0.0,7503.0,2503.39
2015-10-06T00:00:00.000Z,1,45043.0,2,61201.82,11166.39,62201.0,61201.82
2015-10-04T00:00:00.000Z,1,45043.0,2,7020.96,0.0,7813.0,7020.96
2015-10-03T00:00:00.000Z,1,45035.0,4,,,,0.0
2015-10-03T00:00:00.000Z,4,45019.0,4,15000.0,0.0,16230.0,15000.0
2015-10-04T00:00:00.000Z,11,45043.0,4,,,1341.0,0.0
2015-10-04T00:00:00.000Z,1,45051.0,4,,,818.0,0.0
2015-10-05T00:00:00.000Z,1,45051.0,4,6266.9,0.0,7237.0,6266.9
2015-10-03T00:00:00.000Z,1,45019.0,4,3514.72,0.0,5515.0,3514.72
2015-10-05T00:00:00.000Z,3,45015.0,,,,,0.0
2015-10-04T00:00:00.000Z,11,45063.0,4,,,,0.0
2015-10-04T00:00:00.000Z,11,45079.0,4,2327.54,0.0,3364.0,2327.54
2015-10-04T00:00:00.000Z,2,45079.0,2,76825.55,0.0,78825.0,76825.55
2015-10-04T00:00:00.000Z,6,45075.0,,,,,0.0
2015-10-04T00:00:00.000Z,18,45019.0,,,,,0.0
2015-10-04T00:00:00.000Z,1,45035.0,0,4418.59,0.0,9419.0,4418.59
2015-10-03T00:00:00.000Z,11,45019.0,0,,,,0.0
2015-10-03T00:00:00.000Z,1,45019.0,4,2725.89,0.0,4485.0,2725.89
2015-10-02T00:00:00.000Z,11,45051.0,4,16006.14,0.0,16105.0,16006.14
2015-10-03T00:00:00.000Z,1,45051.0,0,7836.67,0.0,8837.0,7836.67
2015-10-04T00:00:00.000Z,1,45079.0,4,59882.2,0.0,48303.0,59882.2
2015-10-04T00:00:00.000Z,11,45079.0,2,9697.68,0.0,9380.0,9697.68
2015-10-03T00:00:00.000Z,1,45019.0,4,,,,0.0
2015-10-27T00:00:00.000Z,11,45013.0,0,,,,0.0
2015-09-21T00:00:00.000Z,11,45079.0,4,17442.88,2150.66,18443.0,17442.88
2015-10-04T00:00:00.000Z,11,45019.0,4,2656.11,0.0,3906.0,2656.11
2015-10-04T00:00:00.000Z,1,45063.0,4,65136.04,0.0,70136.0,65136.04
2015-10-03T00:00:00.000Z,11,45015.0,4,6654.63,0.0,6393.0,6654.63
2015-10-05T00:00:00.000Z,1,45019.0,4,5638.37,0.0,7638.0,5638.37
2015-10-04T00:00:00.000Z,1,45085.0,4,32489.89,0.0,33490.0,32489.89
2015-10-03T00:00:00.000Z,11,45019.0,4,2635.29,0.0,5867.0,2635.29
2015-10-05T00:00:00.000Z,11,45051.0,0,1500.0,0.0,2750.0,1500.0
2015-10-03T00:00:00.000Z,11,45035.0,4,7784.2,0.0,11848.0,7784.2
2015-10-03T00:00:00.000Z,3,45019.0,4,,,130.0,0.0
2015-10-04T00:00:00.000Z,1,45051.0,4,,,961.0,0.0
2015-10-04T00:00:00.000Z,11,45015.0,2,55815.42,8461.97,56815.0,55815.42
2015-10-03T00:00:00.000Z,1,45079.0,2,39326.75,0.0,31414.0,39326.75
2015-10-04T00:00:00.000Z,1,45051.0,2,,,,0.0
2015-10-03T00:00:00.000Z,1,45019.0,4,1991.28,0.0,2969.0,1991.28
2015-10-04T00:00:00.000Z,1,45051.0,1,7020.04,0.0,8270.0,7020.04
2015-10-04T00:00:00.000Z,1,45079.0,4,5219.93,0.0,9210.0,5219.93
2015-10-04T00:00:00.000Z,1,45015.0,4,6999.67,2327.97,7949.0,6999.67
2015-10-05T00:00:00.000Z,1,45079.0,0,,,,0.0
2015-10-04T00:00:00.000Z,1,45019.0,2,10863.17,0.0,11062.0,10863.17
2015-09-21T00:00:00.000Z,1,45079.0,4,25128.31,0.0,24427.0,25128.31
2015-10-26T00:00:00.000Z,1,45043.0,0,,,,0.0
2015-10-03T00:00:00.000Z,18,45079.0,4,61481.79,0.0,62731.0,61481.79
2015-10-07T00:00:00.000Z,1,45035.0,4,6500.48,0.0,7750.0,6500.48
2015-10-04T00:00:00.000Z,1,45041.0,2,0.0,428.44,,0.0
2015-10-03T00:00:00.000Z,1,45019.0,4,,,909.0,0.0
2015-10-04T00:00:00.000Z,11,45019.0,4,8745.19,0.0,11304.0,8745.19
2015-10-04T00:00:00.000Z,1,45079.0,2,14779.94,0.0,16029.0,14779.94
2015-10-04T00:00:00.000Z,11,45079.0,2,6568.0,0.0,7568.0,6568.0
2015-10-04T00:00:00.000Z,13,45085.0,4,102314.2,0.0,107314.0,102314.2
2015-10-12T00:00:00.000Z,1,45019.0,4,3877.21,0.0,5127.0,3877.21
2015-10-03T00:00:00.000Z,11,45013.0,4,,,,0.0
2015-10-03T00:00:00.000Z,11,45051.0,4,1038.61,0.0,2218.0,1038.61
2015-10-03T00:00:00.000Z,18,45051.0,4,,,2108.0,0.0
2015-10-04T00:00:00.000Z,1,45019.0,4,4311.42,0.0,5459.0,4311.42
2015-10-03T00:00:00.000Z,1,45019.0,4,87264.0,6631.45,76159.0,87264.0
2015-06-01T00:00:00.000Z,1,45051.0,0,,,,0.0
2015-10-03T00:00:00.000Z,1,45019.0,4,3707.63,0.0,4525.0,3707.63
2015-10-04T00:00:00.000Z,11,45079.0,2,38185.83,41067.11,36025.0,38185.83
2015-10-04T00:00:00.000Z,1,45019.0,2,14395.58,0.0,11928.0,14395.58
2015-10-05T00:00:00.000Z,2,45035.0,0,,,,0.0
2015-10-02T00:00:00.000Z,1,45051.0,4,42415.34,10169.57,39564.0,42415.34
2015-10-30T00:00:00.000Z,1,45051.0,4,,,1315.0,0.0
2015-10-06T00:00:00.000Z,1,45019.0,0,,,,0.0
2015-10-05T00:00:00.000Z,11,45043.0,0,,,1218.0,0.0
2015-10-03T00:00:00.000Z,11,45051.0,4,1565.22,0.0,2587.0,1565.22
2015-10-10T00:00:00.000Z,1,45019.0,,,,,0.0
2015-10-15T00:00:00.000Z,1,45043.0,2,167300.0,49476.28,171157.0,167300.0
2015-10-03T00:00:00.000Z,1,45019.0,2,1023.69,0.0,3024.0,1023.69
2015-10-04T00:00:00.000Z,1,45015.0,2,17641.91,0.0,18466.0,17641.91
2015-10-03T00:00:00.000Z,1,45063.0,2,4162.21,0.0,6162.0,4162.21
2015-08-31T00:00:00.000Z,6,45019.0,4,0.0,12511.53,,0.0
2015-10-03T00:00:00.000Z,4,45019.0,2,3269.79,0.0,4519.0,3269.79
2015-10-03T00:00:00.000Z,2,45019.0,4,8358.5,0.0,14180.0,8358.5
2015-10-03T00:00:00.000Z,11,45019.0,4,2975.84,0.0,4072.0,2975.84
2015-10-03T00:00:00.000Z,1,45041.0,4,23940.73,7558.25,18808.0,23940.73
2015-08-31T00:00:00.000Z,1,45019.0,4,8298.94,0.0,9797.0,8298.94
2015-10-04T00:00:00.000Z,1,45079.0,2,19137.12,0.0,21137.0,19137.12
2015-10-04T00:00:00.000Z,11,45079.0,2,170144.23,0.0,174394.0,170144.23
2015-10-04T00:00:00.000Z,11,45019.0,4,15828.89,0.0,10029.0,15828.89
2015-10-04T00:00:00.000Z,1,45019.0,4,57665.74,0.0,58246.0,57665.74
2015-10-03T00:00:00.000Z,1,45019.0,4,,,,0.0
2015-10-07T00:00:00.000Z,3,45019.0,4,140806.55,0.0,145806.0,140806.55
2015-11-10T00:00:00.000Z,11,45019.0,0,,,,0.0
2015-10-05T00:00:00.000Z,2,45035.0,0,,,,0.0
2015-10-03T00:00:00.000Z,1,45035.0,4,37160.45,5990.12,38410.0,37160.45
2015-10-04T00:00:00.000Z,1,45075.0,4,8391.5,851.61,9391.0,8391.5
2015-10-04T00:00:00.000Z,11,45085.0,2,23935.21,3514.83,25935.0,23935.21
2015-10-04T00:00:00.000Z,1,45019.0,4,24951.25,0.0,26951.0,24951.25
2015-10-02T00:00:00.000Z,15,45043.0,1,300808.6,0.0,239597.0,300808.6
2015-10-04T00:00:00.000Z,11,45043.0,4,,,2723.0,0.0
2015-10-03T00:00:00.000Z,6,45079.0,0,48731.11,3458.86,49732.0,48731.11
2015-10-04T00:00:00.000Z,11,45085.0,4,6206.37,0.0,8206.0,6206.37
2015-10-05T00:00:00.000Z,11,45043.0,2,,,2268.0,0.0
2015-10-27T00:00:00.000Z,1,45019.0,1,18920.22,0.0,16539.0,18920.22
2015-10-03T00:00:00.000Z,1,45019.0,4,16154.21,11616.76,19556.0,16154.21
2015-10-03T00:00:00.000Z,1,45019.0,4,4286.75,0.0,6286.0,4286.75
2015-10-04T00:00:00.000Z,1,45019.0,2,48981.22,0.0,45937.0,48981.22
2015-10-05T00:00:00.000Z,11,45019.0,2,44456.64,0.0,45707.0,44456.64
2015-11-04T00:00:00.000Z,11,45063.0,2,,,,0.0
2015-10-06T00:00:00.000Z,1,45035.0,4,485.64,0.0,1736.0,485.64
2015-10-04T00:00:00.000Z,1,45019.0,4,,,2257.0,0.0
2015-10-05T00:00:00.000Z,1,45043.0,2,60000.0,0.0,65167.0,60000.0
2015-10-04T00:00:00.000Z,1,45051.0,4,25940.36,0.0,26016.0,25940.36
2015-10-04T00:00:00.000Z,1,45019.0,2,19859.84,0.0,24860.0,19859.84
2015-10-08T00:00:00.000Z,1,45029.0,4,2318.19,0.0,3397.0,2318.19
2015-10-04T00:00:00.000Z,1,45019.0,0,7021.8,0.0,8272.0,7021.8
2015-10-08T00:00:00.000Z,1,45041.0,0,317.46,0.0,1318.0,317.46
2015-10-04T00:00:00.000Z,11,45019.0,4,3783.62,0.0,4546.0,3783.62
2015-10-03T00:00:00.000Z,11,45079.0,2,,,,0.0
2015-10-04T00:00:00.000Z,11,45035.0,2,2924.02,0.0,5512.0,2924.02
2015-10-04T00:00:00.000Z,1,45019.0,4,418.74,0.0,3418.0,418.74
2015-10-04T00:00:00.000Z,1,45079.0,2,175108.88,0.0,150772.0,175108.88
2015-10-04T00:00:00.000Z,11,45085.0,4,38500.0,10000.0,49261.0,38500.0
2015-10-04T00:00:00.000Z,1,45079.0,4,13178.03,0.0,17326.0,13178.03
2015-10-07T00:00:00.000Z,1,45031.0,4,17346.24,9919.87,18346.0,17346.24
2015-10-04T00:00:00.000Z,1,45079.0,4,,,1941.0,0.0
2015-10-03T00:00:00.000Z,6,45035.0,2,4644.24,0.0,5894.0,4644.24
2015-10-05T00:00:00.000Z,11,45079.0,4,,,1116.0,0.0
2015-10-03T00:00:00.000Z,15,45043.0,2,19709.23,0.0,19298.0,19709.23
2015-10-05T00:00:00.000Z,1,45035.0,4,,,25539.0,0.0
2015-10-04T00:00:00.000Z,6,45019.0,,,,,0.0
2015-10-03T00:00:00.000Z,1,45063.0,4,,,,0.0
2015-10-03T00:00:00.000Z,1,45019.0,4,,,478.0,0.0
2015-10-05T00:00:00.000Z,3,45051.0,2,0.0,843.72,,0.0
2015-10-04T00:00:00.000Z,1,45019.0,2,4543.12,0.0,5793.0,4543.12
2015-10-04T00:00:00.000Z,1,45051.0,0,11433.92,2828.6,12434.0,11433.92
2015-10-03T00:00:00.000Z,1,45019.0,0,,,967.0,0.0
2015-10-02T00:00:00.000Z,1,45045.0,4,,,1158.0,0.0
2015-10-04T00:00:00.000Z,1,45019.0,4,,,,0.0
2015-10-04T00:00:00.000Z,1,45063.0,2,8375.43,0.0,9040.0,8375.43
2015-10-03T00:00:00.000Z,1,45035.0,4,5841.65,752.52,6486.0,5841.65
2015-10-03T00:00:00.000Z,2,45019.0,2,47625.85,0.0,52626.0,47625.85
2015-10-03T00:00:00.000Z,1,45035.0,2,1595.74,0.0,2835.0,1595.74
2015-10-07T00:00:00.000Z,11,45051.0,0,3882.73,0.0,5883.0,3882.73
2015-10-04T00:00:00.000Z,1,45035.0,4,4497.05,3552.12,5450.0,4497.05
2015-10-02T00:00:00.000Z,11,45051.0,4,4335.99,0.0,5586.0,4335.99
2015-05-09T00:00:00.000Z,11,45051.0,0,,,495.0,0.0
2015-10-12T00:00:00.000Z,1,45019.0,0,,,,0.0
2015-10-04T00:00:00.000Z,1,45051.0,0,,,,0.0
2015-10-04T00:00:00.000Z,1,45079.0,1,8207.13,0.0,8389.0,8207.13
2015-10-03T00:00:00.000Z,11,45063.0,2,4081.4,0.0,5081.0,4081.4
2015-10-05T00:00:00.000Z,1,45019.0,4,345.14,0.0,1212.0,345.14
2015-10-03T00:00:00.000Z,11,45019.0,0,,,,0.0
2015-10-04T00:00:00.000Z,11,45079.0,4,99020.69,4264.36,94511.0,99020.69
2015-10-04T00:00:00.000Z,1,45079.0,2,11552.3,0.0,16552.0,11552.3
2015-10-06T00:00:00.000Z,1,45019.0,2,1030.99,0.0,3031.0,1030.99
2015-10-03T00:00:00.000Z,1,45063.0,4,54396.17,0.0,50965.0,54396.17
2015-10-06T00:00:00.000Z,6,45015.0,4,1721.29,0.0,2721.0,1721.29
2015-10-03T00:00:00.000Z,1,45019.0,4,5043.55,0.0,6023.0,5043.55
2015-10-02T00:00:00.000Z,1,45063.0,4,3033.09,0.0,4030.0,3033.09
2015-10-03T00:00:00.000Z,1,45019.0,4,,,574.0,0.0
2015-10-03T00:00:00.000Z,1,45019.0,4,28560.0,0.0,21461.0,28560.0
2015-10-03T00:00:00.000Z,1,45019.0,0,57068.28,35703.05,49027.0,57068.28
2015-10-04T00:00:00.000Z,2,45051.0,4,483.29,0.0,2483.0,483.29
2015-10-04T00:00:00.000Z,1,45019.0,2,8728.78,0.0,9477.0,8728.78
2015-10-03T00:00:00.000Z,1,45079.0,4,181121.69,78683.0,164460.0,181121.69
2015-10-02T00:00:00.000Z,1,45051.0,2,1294.02,0.0,2544.0,1294.02
2015-10-03T00:00:00.000Z,4,45019.0,4,0.0,3773.85,,0.0
2015-10-03T00:00:00.000Z,1,45043.0,0,250000.0,52500.0,255000.0,250000.0
2015-10-04T00:00:00.000Z,11,45043.0,1,,,187.0,0.0
2015-10-04T00:00:00.000Z,1,45019.0,4,,,,0.0
2015-10-03T00:00:00.000Z,1,45079.0,4,30434.82,7219.68,28094.0,30434.82
2015-10-06T00:00:00.000Z,11,45019.0,0,,,284.0,0.0
2015-10-04T00:00:00.000Z,11,45051.0,2,1271.26,340.0,2521.0,1271.26
2015-10-02T00:00:00.000Z,15,45051.0,0,,,,0.0
2015-10-03T00:00:00.000Z,2,45091.0,0,,,,0.0
2015-10-05T00:00:00.000Z,11,45029.0,0,,,896.0,0.0
2015-10-02T00:00:00.000Z,11,45085.0,4,751.27,0.0,1715.0,751.27
2015-10-05T00:00:00.000Z,11,45063.0,2,,,2352.0,0.0
2015-10-03T00:00:00.000Z,11,45035.0,2,,,660.0,0.0
2015-10-04T00:00:00.000Z,2,45019.0,4,22294.66,0.0,24294.0,22294.66
2015-10-04T00:00:00.000Z,11,45079.0,4,36684.34,0.0,36627.0,36684.34
2015-10-04T00:00:00.000Z,11,45051.0,0,,,,0.0
2015-10-03T00:00:00.000Z,11,45079.0,4,1977.58,0.0,2978.0,1977.58
2015-10-04T00:00:00.000Z,18,45043.0,4,125642.81,250000.0,150642.0,125642.81
2015-10-04T00:00:00.000Z,13,45043.0,4,145733.47,0.0,146983.0,145733.47
2015-10-03T00:00:00.000Z,11,45079.0,2,4657.21,0.0,5907.0,4657.21
2015-10-04T00:00:00.000Z,1,45079.0,4,12398.47,0.0,13398.0,12398.47
2015-09-21T00:00:00.000Z,1,45079.0,4,18648.02,0.0,21087.0,18648.02
2015-10-04T00:00:00.000Z,1,45079.0,4,163874.57,12800.0,160633.0,163874.57
2015-10-03T00:00:00.000Z,1,45035.0,4,37964.93,7746.74,36618.0,37964.93
2015-10-02T00:00:00.000Z,1,45019.0,4,28584.67,13073.36,27019.0,28584.67
2015-12-27T00:00:00.000Z,1,45083.0,4,,,1558.0,0.0
2015-10-06T00:00:00.000Z,11,45051.0,0,,,632.0,0.0
2015-10-05T00:00:00.000Z,11,45079.0,2,24786.27,0.0,26036.0,24786.27
2015-10-04T00:00:00.000Z,3,45051.0,4,167543.4,10198.35,165859.0,167543.4
2015-10-03T00:00:00.000Z,1,45019.0,2,4357.26,0.0,6094.0,4357.26
2015-10-05T00:00:00.000Z,1,45051.0,2,5865.37,430.44,6850.0,5865.37
2015-10-08T00:00:00.000Z,11,45019.0,4,2977.07,0.0,4048.0,2977.07
2015-10-04T00:00:00.000Z,11,45079.0,4,96169.27,32671.71,86380.0,96169.27
2015-10-03T00:00:00.000Z,1,45051.0,2,12181.55,0.0,12185.0,12181.55
2015-10-03T00:00:00.000Z,1,45035.0,4,13172.57,0.0,12684.0,13172.57
2015-10-27T00:00:00.000Z,1,45051.0,1,,,1424.0,0.0
2015-10-03T00:00:00.000Z,11,45043.0,1,,,,0.0
2015-10-03T00:00:00.000Z,1,45019.0,4,2854.46,0.0,3806.0,2854.46
2015-10-04T00:00:00.000Z,1,45019.0,4,1648.4,0.0,3648.0,1648.4
2015-10-03T00:00:00.000Z,1,45019.0,0,917.11,0.0,2917.0,917.11
2015-10-04T00:00:00.000Z,1,45079.0,4,250000.0,0.0,253575.0,250000.0
2015-10-02T00:00:00.000Z,1,45019.0,1,519.38,0.0,1769.0,519.38
2015-11-09T00:00:00.000Z,1,45051.0,0,,,,0.0
2015-10-03T00:00:00.000Z,11,45051.0,4,194.1,0.0,1348.0,194.1
2015-10-04T00:00:00.000Z,1,45019.0,1,5957.69,0.0,10374.0,5957.69
2015-10-04T00:00:00.000Z,11,45089.0,4,101900.0,50100.0,163041.0,101900.0
2015-10-04T00:00:00.000Z,6,45013.0,,,,,0.0
2015-10-03T00:00:00.000Z,1,45035.0,2,6131.92,0.0,7190.0,6131.92
2015-10-04T00:00:00.000Z,1,45079.0,2,23062.8,0.0,24004.0,23062.8
2015-10-04T00:00:00.000Z,11,45019.0,1,47335.24,18424.82,46869.0,47335.24
2015-06-03T00:00:00.000Z,18,45063.0,4,129893.17,15395.7,130893.0,129893.17
2015-10-05T00:00:00.000Z,11,45079.0,0,,,,0.0
2015-10-03T00:00:00.000Z,3,45079.0,4,257133.34,0.0,262133.0,257133.34
2015-10-03T00:00:00.000Z,11,45019.0,4,6177.29,0.0,6899.0,6177.29
2015-10-03T00:00:00.000Z,4,45019.0,4,31908.3,24368.82,33908.0,31908.3
2015-10-04T00:00:00.000Z,1,45079.0,4,6951.55,0.0,8952.0,6951.55
2015-10-04T00:00:00.000Z,1,45079.0,2,51157.35,0.0,52407.0,51157.35
2015-10-27T00:00:00.000Z,11,45013.0,0,2265.76,0.0,3516.0,2265.76
2015-10-04T00:00:00.000Z,1,45019.0,4,,,2614.0,0.0
2015-08-19T00:00:00.000Z,1,45079.0,0,,,,0.0
2015-10-02T00:00:00.000Z,1,45051.0,4,24248.2,0.0,24393.0,24248.2
2015-08-31T00:00:00.000Z,1,45019.0,4,18210.16,2438.87,18323.0,18210.16
2015-10-04T00:00:00.000Z,1,45051.0,4,11948.71,0.0,13949.0,11948.71
2015-10-02T00:00:00.000Z,1,45035.0,4,3028.81,0.0,4029.0,3028.81
2015-10-03T00:00:00.000Z,1,45019.0,2,54044.28,15141.85,49246.0,54044.28
2015-10-02T00:00:00.000Z,6,45019.0,,,,,0.0
2015-10-04T00:00:00.000Z,1,45079.0,4,23790.67,4052.68,22196.0,23790.67
2015-10-03T00:00:00.000Z,3,45019.0,4,14016.38,0.0,15266.0,14016.38
2015-10-03T00:00:00.000Z,1,45019.0,4,65923.11,22999.41,60637.0,65923.11
2015-10-03T00:00:00.000Z,1,45051.0,1,6397.4,0.0,8397.0,6397.4
2015-12-31T00:00:00.000Z,1,45045.0,0,,,,0.0
2015-10-02T00:00:00.000Z,1,45019.0,4,13715.01,0.0,12936.0,13715.01
2015-10-02T00:00:00.000Z,11,45043.0,4,8882.18,0.0,13882.0,8882.18
2015-09-25T00:00:00.000Z,1,45019.0,0,,,,0.0
2015-10-04T00:00:00.000Z,1,45041.0,2,20184.05,0.0,21434.0,20184.05
2015-10-03T00:00:00.000Z,1,45019.0,4,15494.89,12983.83,17495.0,15494.89
2015-10-03T00:00:00.000Z,1,45051.0,4,5461.34,16431.48,6276.0,5461.34
2015-10-04T00:00:00.000Z,1,45079.0,2,49580.81,775.92,47097.0,49580.81
2015-10-03T00:00:00.000Z,1,45079.0,2,9519.81,0.0,14519.0,9519.81
2015-10-05T00:00:00.000Z,1,45019.0,4,,,,0.0
2015-10-04T00:00:00.000Z,11,45051.0,2,26509.95,0.0,25841.0,26509.95
2015-10-04T00:00:00.000Z,12,45051.0,4,24009.98,0.0,26010.0,24009.98
2015-10-06T00:00:00.000Z,11,45035.0,2,2593.88,0.0,3785.0,2593.88
2015-10-03T00:00:00.000Z,1,45019.0,4,14464.72,0.0,17507.0,14464.72
2015-10-04T00:00:00.000Z,18,45019.0,,,,,0.0
2015-10-04T00:00:00.000Z,11,45085.0,4,7956.62,0.0,9456.0,7956.62
2015-10-03T00:00:00.000Z,1,45019.0,4,20113.84,0.0,22733.0,20113.84
2015-10-04T00:00:00.000Z,11,45079.0,2,148035.39,0.0,150035.0,148035.39
2015-10-03T00:00:00.000Z,1,45079.0,4,30442.13,800.5,29584.0,30442.13
2015-10-03T00:00:00.000Z,3,45079.0,4,153547.96,0.0,158547.0,153547.96
2015-10-03T00:00:00.000Z,1,45019.0,4,10186.92,0.0,12174.0,10186.92
2015-10-04T00:00:00.000Z,1,45019.0,2,,,,0.0
2015-10-05T00:00:00.000Z,1,45035.0,2,5979.98,1797.79,7229.0,5979.98
2015-10-04T00:00:00.000Z,11,45015.0,4,3306.4,0.0,4556.0,3306.4
2015-10-04T00:00:00.000Z,2,45051.0,0,,,,0.0
2015-10-04T00:00:00.000Z,1,45085.0,4,9047.51,0.0,11048.0,9047.51
2015-10-04T00:00:00.000Z,1,45041.0,4,22756.33,0.0,27756.0,22756.33
2015-10-03T00:00:00.000Z,1,45019.0,4,6880.13,0.0,8130.0,6880.13
2015-10-04T00:00:00.000Z,11,45043.0,4,39801.79,0.0,37252.0,39801.79
2015-10-03T00:00:00.000Z,11,45035.0,2,36430.32,0.0,37680.0,36430.32
2015-10-04T00:00:00.000Z,1,45043.0,1,28188.08,0.0,33188.0,28188.08
2015-10-07T00:00:00.000Z,1,45051.0,2,88126.97,6545.6,89376.0,88126.97
2015-10-04T00:00:00.000Z,1,45079.0,4,28321.22,0.0,29571.0,28321.22
2015-10-03T00:00:00.000Z,15,45043.0,2,27226.48,0.0,26178.0,27226.48
2015-10-03T00:00:00.000Z,1,45051.0,4,4432.24,0.0,5600.0,4432.24
2015-10-03T00:00:00.000Z,2,45043.0,1,42571.19,0.0,43821.0,42571.19
2015-10-04T00:00:00.000Z,11,45085.0,4,2816.53,368.37,3817.0,2816.53
2015-10-04T00:00:00.000Z,6,45019.0,,,,,0.0
2015-10-03T00:00:00.000Z,11,45019.0,2,5997.81,0.0,10150.0,5997.81
2015-10-04T00:00:00.000Z,1,45019.0,0,3397.2,0.0,8398.0,3397.2
2015-10-03T00:00:00.000Z,11,45019.0,4,,,4000.0,0.0
2015-10-04T00:00:00.000Z,1,45051.0,0,,,1008.0,0.0
2015-10-03T00:00:00.000Z,2,45019.0,4,44447.16,0.0,46447.0,44447.16
2015-10-03T00:00:00.000Z,11,45013.0,,,,,0.0
2015-10-04T00:00:00.000Z,1,45019.0,4,,,2597.0,0.0
2015-08-31T00:00:00.000Z,1,45019.0,2,26747.04,0.0,31747.0,26747.04
2015-10-04T00:00:00.000Z,1,45019.0,2,44745.77,3526.41,43684.0,44745.77
2015-11-08T00:00:00.000Z,1,45079.0,4,,,,0.0
2015-10-07T00:00:00.000Z,12,45051.0,4,4116.67,0.0,6116.0,4116.67
2015-10-03T00:00:00.000Z,4,45019.0,4,,,,0.0
2015-10-04T00:00:00.000Z,11,45043.0,2,24555.73,0.0,23441.0,24555.73
2015-10-02T00:00:00.000Z,1,45019.0,4,15853.27,0.0,13744.0,15853.27
2015-10-05T00:00:00.000Z,1,45015.0,4,,,1113.0,0.0
2015-10-04T00:00:00.000Z,1,45051.0,2,24181.46,0.0,26181.0,24181.46
2015-10-03T00:00:00.000Z,1,45019.0,4,12647.62,0.0,13898.0,12647.62
2015-10-09T00:00:00.000Z,1,45029.0,2,11685.48,0.0,11835.0,11685.48
2015-10-27T00:00:00.000Z,18,45051.0,1,5672.64,0.0,7632.0,5672.64
2015-10-03T00:00:00.000Z,1,45019.0,4,,,474.0,0.0
2015-10-04T00:00:00.000Z,1,45079.0,4,7862.62,0.0,6769.0,7862.62
2015-10-04T00:00:00.000Z,1,45051.0,4,13096.45,417.99,14096.0,13096.45
2015-10-04T00:00:00.000Z,1,45051.0,4,10369.1,0.0,11144.0,10369.1
2015-10-02T00:00:00.000Z,11,45075.0,4,1075.62,0.0,2077.0,1075.62
2015-10-03T00:00:00.000Z,1,45035.0,2,284.09,0.0,1534.0,284.09
2015-10-04T00:00:00.000Z,11,45035.0,2,6945.05,0.0,7682.0,6945.05
2015-10-04T00:00:00.000Z,11,45051.0,4,0.0,351.63,1002.0,0.0
2015-10-05T00:00:00.000Z,1,45043.0,4,,,7645.0,0.0
2015-10-04T00:00:00.000Z,6,45013.0,0,,,,0.0
2015-10-04T00:00:00.000Z,1,45063.0,0,2033.37,0.0,4033.0,2033.37
2015-10-12T00:00:00.000Z,1,45029.0,0,,,,0.0
2015-10-11T00:00:00.000Z,11,45019.0,4,977.27,0.0,1882.0,977.27
2015-10-04T00:00:00.000Z,1,45019.0,,,,,0.0
2015-10-05T00:00:00.000Z,1,45063.0,2,56118.37,0.0,58419.0,56118.37
2015-10-04T00:00:00.000Z,1,45079.0,4,844.57,1292.28,1842.0,844.57
2015-10-03T00:00:00.000Z,1,45079.0,2,126277.6,0.0,108950.0,126277.6
2015-12-28T00:00:00.000Z,1,45019.0,2,23233.79,0.0,25233.0,23233.79
2015-10-03T00:00:00.000Z,1,45019.0,4,4511.97,0.0,6139.0,4511.97
2015-10-03T00:00:00.000Z,11,45015.0,4,38381.39,17144.53,37573.0,38381.39
2015-10-29T00:00:00.000Z,1,45019.0,0,,,,0.0
2015-10-04T00:00:00.000Z,11,45019.0,4,11355.47,0.0,14699.0,11355.47
2015-10-03T00:00:00.000Z,1,45019.0,2,9942.34,0.0,11192.0,9942.34
2015-10-04T00:00:00.000Z,1,45079.0,4,19605.99,221.38,17952.0,19605.99
2015-10-04T00:00:00.000Z,11,45051.0,4,2293.79,0.0,3359.0,2293.79
2015-10-03T00:00:00.000Z,11,45051.0,4,31501.84,0.0,32371.0,31501.84
2015-10-04T00:00:00.000Z,1,45079.0,2,22689.23,0.0,18214.0,22689.23
2015-10-04T00:00:00.000Z,4,45079.0,4,500000.0,0.0,511042.0,500000.0
2015-10-04T00:00:00.000Z,1,45019.0,4,51169.22,7444.52,51469.0,51169.22
2015-10-04T00:00:00.000Z,1,45079.0,4,23876.39,0.0,21553.0,23876.39
2015-10-07T00:00:00.000Z,1,45051.0,2,4546.82,0.0,5094.0,4546.82
2015-10-04T00:00:00.000Z,1,45085.0,2,74348.12,0.0,77348.0,74348.12
2015-10-03T00:00:00.000Z,1,45019.0,4,4006.41,0.0,5140.0,4006.41
2015-10-03T00:00:00.000Z,14,45019.0,2,,,,0.0
2015-10-05T00:00:00.000Z,1,45019.0,4,9887.16,0.0,9904.0,9887.16
2015-10-04T00:00:00.000Z,1,45019.0,,,,,0.0
2015-10-02T00:00:00.000Z,11,45019.0,4,6541.25,0.0,6636.0,6541.25
2015-10-04T00:00:00.000Z,11,45085.0,2,5125.21,1287.1,8636.0,5125.21
2015-10-04T00:00:00.000Z,11,45079.0,2,155171.44,0.0,127140.0,155171.44
2015-10-27T00:00:00.000Z,1,45013.0,,,,,0.0
2015-10-03T00:00:00.000Z,11,45019.0,4,41276.36,3762.78,38430.0,41276.36
2015-10-04T00:00:00.000Z,1,45079.0,4,2640.71,0.0,3890.0,2640.71
2015-10-04T00:00:00.000Z,11,45079.0,2,23682.85,0.0,17909.0,23682.85
2015-10-03T00:00:00.000Z,6,45043.0,0,55696.4,12000.0,57697.0,55696.4
2015-10-03T00:00:00.000Z,1,45013.0,1,4186.03,0.0,5436.0,4186.03
2015-10-04T00:00:00.000Z,1,45015.0,2,1760.59,0.0,3010.0,1760.59
2015-10-04T00:00:00.000Z,2,45035.0,0,5875.65,0.0,7126.0,5875.65
2015-10-03T00:00:00.000Z,1,45035.0,2,30000.0,11989.51,46145.0,30000.0
2015-10-03T00:00:00.000Z,1,45019.0,1,6177.59,1234.75,6702.0,6177.59
2015-10-03T00:00:00.000Z,1,45019.0,2,4308.04,0.0,8713.0,4308.04
2015-10-04T00:00:00.000Z,1,45051.0,4,37812.44,630.18,38033.0,37812.44
2015-10-03T00:00:00.000Z,1,45079.0,0,4574.6,0.0,6575.0,4574.6
2015-10-03T00:00:00.000Z,1,45029.0,0,,,,0.0
2015-10-06T00:00:00.000Z,11,45035.0,4,,,145.0,0.0
2015-10-03T00:00:00.000Z,11,45019.0,1,,,1893.0,0.0
2015-10-05T00:00:00.000Z,1,45043.0,2,5863.34,0.0,7484.0,5863.34
2015-10-04T00:00:00.000Z,1,45019.0,1,,,1459.0,0.0
2015-10-04T00:00:00.000Z,1,45063.0,1,39500.0,15000.0,61286.0,39500.0
2015-11-01T00:00:00.000Z,1,45019.0,4,6025.09,0.0,8025.0,6025.09
2015-10-04T00:00:00.000Z,1,45043.0,0,,,1485.0,0.0
2015-10-04T00:00:00.000Z,1,45089.0,4,2721.18,0.0,3721.0,2721.18
2015-10-03T00:00:00.000Z,1,45035.0,4,10400.51,0.0,11402.0,10400.51
2015-10-03T00:00:00.000Z,1,45043.0,4,2710.56,0.0,3960.0,2710.56
2015-10-04T00:00:00.000Z,1,45063.0,2,15192.84,0.0,15469.0,15192.84
2015-10-03T00:00:00.000Z,18,45085.0,4,,,1563.0,0.0
2015-10-04T00:00:00.000Z,1,45019.0,4,,,1956.0,0.0
2015-10-04T00:00:00.000Z,1,45019.0,4,,,1228.0,0.0
2015-10-08T00:00:00.000Z,11,45019.0,4,26289.43,1649.88,25993.0,26289.43
2015-10-04T00:00:00.000Z,6,45013.0,,,,,0.0
2015-10-04T00:00:00.000Z,1,45019.0,2,,,739.0,0.0
2015-10-03T00:00:00.000Z,1,45035.0,2,5527.52,0.0,5846.0,5527.52
2015-10-04T00:00:00.000Z,11,45019.0,4,5887.66,0.0,3198.0,5887.66
2015-10-04T00:00:00.000Z,1,45051.0,0,,,200.0,0.0
2015-10-09T00:00:00.000Z,1,45085.0,4,6766.59,0.0,8267.0,6766.59
2015-10-03T00:00:00.000Z,11,45019.0,1,,,,0.0
2015-10-27T00:00:00.000Z,1,45051.0,1,49072.75,0.0,33484.0,28484.28
2015-10-03T00:00:00.000Z,11,45079.0,4,15616.48,0.0,14445.0,15616.48
2015-10-06T00:00:00.000Z,1,45051.0,0,217821.13,43299.87,227822.0,217821.13
2015-10-03T00:00:00.000Z,1,45019.0,0,,,186.0,0.0
2015-10-04T00:00:00.000Z,11,45019.0,4,3840.0,0.0,5780.0,3840.0
2015-10-04T00:00:00.000Z,11,45063.0,4,11217.22,0.0,13217.0,11217.22
2015-10-03T00:00:00.000Z,1,45019.0,0,6392.79,0.0,7680.0,6392.79
2015-10-02T00:00:00.000Z,1,45035.0,4,31592.32,0.0,28204.0,31592.32
2015-10-05T00:00:00.000Z,2,45035.0,0,,,,0.0
2015-10-04T00:00:00.000Z,1,45079.0,2,7308.79,0.0,11697.0,7308.79
2015-10-03T00:00:00.000Z,11,45019.0,1,5909.62,0.0,10909.0,5909.62
2015-08-31T00:00:00.000Z,1,45079.0,0,,,,0.0
2015-10-03T00:00:00.000Z,11,45019.0,2,2853.98,1536.51,3940.0,2853.98
2015-10-04T00:00:00.000Z,1,45079.0,2,194198.31,68221.83,171370.0,194198.31
2015-11-10T00:00:00.000Z,11,45051.0,4,1229.48,0.0,2479.0,1229.48
2015-10-02T00:00:00.000Z,1,45019.0,4,859.38,0.0,2109.0,859.38
2015-10-03T00:00:00.000Z,1,45019.0,4,5758.8,3100.0,7758.0,5758.8
2015-10-10T00:00:00.000Z,1,45019.0,2,3869.67,0.0,5755.0,3869.67
2015-10-04T00:00:00.000Z,1,45019.0,4,,,1032.0,0.0
2015-10-04T00:00:00.000Z,2,45051.0,4,44245.53,0.0,49246.0,44245.53
2015-10-04T00:00:00.000Z,1,45079.0,1,17283.27,1300.0,17701.0,17283.27
2015-10-03T00:00:00.000Z,1,45079.0,2,22171.87,0.0,23422.0,22171.87
2015-10-09T00:00:00.000Z,11,45019.0,2,,,1169.0,0.0
2015-10-03T00:00:00.000Z,1,45019.0,4,,,,0.0
2015-10-02T00:00:00.000Z,11,45019.0,4,7166.62,0.0,8167.0,7166.62
2015-10-04T00:00:00.000Z,1,45085.0,2,15943.87,0.0,17194.0,15943.87
2015-10-04T00:00:00.000Z,11,45063.0,4,5847.58,0.0,7347.0,5847.58
2015-10-04T00:00:00.000Z,11,45079.0,2,158783.59,0.0,121203.0,158783.59
2015-10-04T00:00:00.000Z,11,45079.0,2,247343.25,0.0,195992.0,247343.25
2015-10-05T00:00:00.000Z,11,45083.0,4,,,,0.0
2015-10-02T00:00:00.000Z,11,45051.0,2,5782.21,0.0,6499.0,5782.21
2015-10-02T00:00:00.000Z,1,45019.0,4,34924.2,0.0,16620.0,34924.2
2015-10-03T00:00:00.000Z,11,45019.0,2,37566.15,24266.79,39566.0,37566.15
2015-10-03T00:00:00.000Z,14,45089.0,0,735.08,0.0,1736.0,735.08
2015-10-05T00:00:00.000Z,11,45043.0,2,,,918.0,0.0
2015-10-01T00:00:00.000Z,1,45019.0,0,,,850.0,0.0
2015-10-04T00:00:00.000Z,11,45079.0,2,425.57,0.0,1428.0,425.57
2015-10-03T00:00:00.000Z,1,45031.0,2,50000.0,20000.0,51272.0,50000.0
2015-10-03T00:00:00.000Z,1,45019.0,4,10454.43,0.0,8370.0,10454.43
2015-10-02T00:00:00.000Z,1,45019.0,2,18268.41,1860.44,12474.0,18268.41
2015-10-04T00:00:00.000Z,1,45079.0,4,109198.69,66622.09,99207.0,109049.0
2015-10-03T00:00:00.000Z,11,45051.0,4,23734.98,5982.36,20796.0,23734.98
2015-10-04T00:00:00.000Z,1,45019.0,4,,,2351.0,0.0
2015-10-11T00:00:00.000Z,1,45015.0,4,5779.38,0.0,6144.0,5779.38
2015-10-04T00:00:00.000Z,1,45063.0,0,80159.98,0.0,74374.0,80159.98
2015-10-04T00:00:00.000Z,11,45079.0,0,,,,0.0
2015-11-16T00:00:00.000Z,11,45043.0,4,6504.18,0.0,7511.0,6504.18
2015-10-02T00:00:00.000Z,1,45019.0,4,3467.2,0.0,5467.0,3467.2
2015-10-03T00:00:00.000Z,1,45035.0,2,1532.26,0.0,2653.0,1532.26
2015-10-03T00:00:00.000Z,1,45015.0,4,10237.83,1553.47,9646.0,10237.83
2015-10-03T00:00:00.000Z,1,45019.0,4,780.87,0.0,2030.0,780.87
2015-10-02T00:00:00.000Z,6,45043.0,4,25084.08,0.0,27084.0,25084.08
2015-10-04T00:00:00.000Z,1,45079.0,2,,,49737.0,0.0
2015-10-04T00:00:00.000Z,12,45019.0,4,17792.58,0.0,19793.0,17792.58
2015-10-04T00:00:00.000Z,3,45019.0,4,,,390.0,0.0
2015-10-03T00:00:00.000Z,1,45035.0,4,,,,0.0
2015-10-03T00:00:00.000Z,11,45019.0,2,,,1194.0,0.0
2015-10-03T00:00:00.000Z,11,45089.0,2,38505.59,0.0,29864.0,38505.59
2015-10-01T00:00:00.000Z,11,45019.0,0,17182.18,0.0,18433.0,17182.18
2015-10-04T00:00:00.000Z,1,45051.0,4,1365.0,0.0,2365.0,1365.0
2015-10-06T00:00:00.000Z,1,45019.0,4,5573.38,0.0,7457.0,5573.38
2015-10-03T00:00:00.000Z,1,45019.0,1,17441.18,9908.84,19309.0,17441.18
2015-10-04T00:00:00.000Z,3,45079.0,0,112775.85,0.0,114776.0,112775.85
2015-10-04T00:00:00.000Z,11,45051.0,4,954.21,0.0,2204.0,954.21
2015-10-03T00:00:00.000Z,11,45085.0,2,27482.06,0.0,28982.0,27482.06
2015-10-04T00:00:00.000Z,1,45035.0,0,27912.17,0.0,29162.0,27912.17
2015-10-04T00:00:00.000Z,18,45027.0,4,6755.58,0.0,8755.0,6755.58
2015-10-27T00:00:00.000Z,11,45013.0,4,12823.91,0.0,14073.0,12823.91
2015-12-31T00:00:00.000Z,1,45055.0,2,13553.03,0.0,14553.0,13553.03
2015-10-03T00:00:00.000Z,16,45019.0,4,2238.14,0.0,3488.0,2238.14
2015-10-04T00:00:00.000Z,11,45019.0,2,7469.88,0.0,11088.0,7469.88
2015-10-02T00:00:00.000Z,1,45015.0,4,5857.71,3938.84,7805.0,5857.71
2015-11-09T00:00:00.000Z,1,45019.0,4,,,1203.0,0.0
2015-10-07T00:00:00.000Z,1,45019.0,2,,,1131.0,0.0
2015-10-03T00:00:00.000Z,1,45015.0,2,0.0,14393.13,1125.0,0.0
2015-10-03T00:00:00.000Z,1,45019.0,4,23318.46,10225.0,26318.0,23318.46
2015-10-04T00:00:00.000Z,1,45019.0,2,12255.72,0.0,12863.0,12255.72
2015-10-02T00:00:00.000Z,11,45019.0,4,,,3122.0,0.0
2015-10-03T00:00:00.000Z,1,45035.0,4,,,,0.0
2015-10-04T00:00:00.000Z,11,45051.0,4,12256.76,0.0,12785.0,12256.76
2015-10-04T00:00:00.000Z,18,45033.0,,,,,0.0
2015-10-06T00:00:00.000Z,1,45051.0,4,4079.06,0.0,5079.0,4079.06
2015-10-03T00:00:00.000Z,1,45019.0,4,5119.63,0.0,6475.0,5119.63
2015-10-04T00:00:00.000Z,1,45051.0,0,,,,0.0
2015-05-10T00:00:00.000Z,1,45051.0,4,6435.3,0.0,8435.0,6435.3
2015-09-02T00:00:00.000Z,11,45019.0,4,7490.87,673.08,8071.0,7490.87
2015-10-03T00:00:00.000Z,1,45051.0,,,,,0.0
2015-10-03T00:00:00.000Z,11,45019.0,4,21779.91,0.0,21473.0,21779.91
2015-08-31T00:00:00.000Z,1,45019.0,2,40054.05,6510.22,38419.0,40054.05
2015-10-04T00:00:00.000Z,1,45079.0,2,18649.03,0.0,20649.0,18649.03
2015-10-14T00:00:00.000Z,11,45079.0,0,,,,0.0
2015-10-04T00:00:00.000Z,1,45051.0,2,,,959.0,0.0
2015-10-03T00:00:00.000Z,1,45019.0,2,13142.82,0.0,13809.0,13142.82
2015-10-04T00:00:00.000Z,1,45079.0,2,102370.15,32000.0,107370.0,102370.15
2015-10-01T00:00:00.000Z,1,45015.0,4,,,2639.0,0.0
2015-10-03T00:00:00.000Z,1,45051.0,0,10813.72,1013.75,11814.0,10813.72
2015-10-01T00:00:00.000Z,11,45055.0,,,,,0.0
2015-10-04T00:00:00.000Z,11,45079.0,2,7678.49,0.0,9678.0,7678.49
2015-10-01T00:00:00.000Z,11,45019.0,4,39148.79,0.0,44148.0,39148.79
2015-10-01T00:00:00.000Z,1,45019.0,4,7915.64,0.0,9166.0,7915.64
2015-10-03T00:00:00.000Z,1,45019.0,4,,,,0.0
2015-10-03T00:00:00.000Z,1,45079.0,4,12283.37,0.0,13783.0,12283.37
2015-10-03T00:00:00.000Z,2,45019.0,4,24510.18,9272.94,26510.0,24510.18
2015-10-04T00:00:00.000Z,1,45079.0,4,553.36,0.0,1747.0,553.36
2015-10-03T00:00:00.000Z,1,45041.0,2,5654.3,1402.27,6654.0,5654.3
2015-10-04T00:00:00.000Z,1,45019.0,4,102.52,0.0,3102.0,102.52
2015-10-04T00:00:00.000Z,1,45035.0,2,15443.89,10777.0,16443.0,15443.89
2015-11-08T00:00:00.000Z,1,45019.0,2,655.34,0.0,5655.0,655.34
2015-10-28T00:00:00.000Z,1,45019.0,1,1909.03,0.0,3159.0,1909.03
2015-10-06T00:00:00.000Z,11,45079.0,2,107058.07,16456.01,84579.0,107058.07
2015-10-04T00:00:00.000Z,1,45079.0,2,68396.14,0.0,65909.0,68396.14
2015-10-01T00:00:00.000Z,1,45063.0,4,10002.88,10600.0,11252.0,10002.88
2015-10-03T00:00:00.000Z,11,45085.0,4,10743.72,0.0,12244.0,10743.72
2015-10-08T00:00:00.000Z,11,45063.0,2,,,,0.0
2015-10-02T00:00:00.000Z,11,45019.0,4,12942.29,0.0,13418.0,12942.29
2015-10-02T00:00:00.000Z,11,45051.0,0,,,,0.0
2015-10-04T00:00:00.000Z,1,45079.0,2,3748.32,0.0,4748.0,3748.32
2015-10-04T00:00:00.000Z,1,45051.0,4,2463.71,0.0,3713.0,2463.71
2015-10-04T00:00:00.000Z,11,45079.0,4,7021.03,0.0,10855.0,7021.03
2015-10-03T00:00:00.000Z,1,45019.0,2,,,,0.0
2015-10-05T00:00:00.000Z,11,45035.0,4,,,206.0,0.0
2015-10-05T00:00:00.000Z,1,45043.0,2,,,737.0,0.0
2015-10-02T00:00:00.000Z,1,45079.0,4,15877.75,0.0,16878.0,15877.75
2015-07-19T00:00:00.000Z,1,45019.0,4,,,901.0,0.0
2015-10-04T00:00:00.000Z,15,45019.0,4,8492.31,0.0,10009.0,8492.31
2015-10-03T00:00:00.000Z,3,45029.0,0,,,473.0,0.0
2015-10-02T00:00:00.000Z,1,45019.0,1,49026.68,7427.82,51889.0,49026.68
2015-10-05T00:00:00.000Z,1,45035.0,4,1649.63,0.0,2650.0,1649.63
2015-10-03T00:00:00.000Z,1,45043.0,2,200000.0,80000.0,195572.0,200000.0
2015-10-03T00:00:00.000Z,4,45019.0,0,,,,0.0
2015-10-03T00:00:00.000Z,1,45035.0,4,19736.88,0.0,17918.0,19736.88
2015-10-05T00:00:00.000Z,11,45035.0,4,26147.3,0.0,27397.0,26147.3
2015-10-04T00:00:00.000Z,1,45035.0,4,53917.34,0.0,55167.0,53917.34
2015-10-04T00:00:00.000Z,1,45051.0,0,9396.41,0.0,10397.0,9396.41
2015-10-04T00:00:00.000Z,1,45043.0,4,5789.45,7561.03,10789.0,5789.45
2015-10-03T00:00:00.000Z,11,45043.0,4,2109.32,0.0,3330.0,2109.32
2015-10-04T00:00:00.000Z,1,45019.0,4,6343.73,0.0,9343.0,6343.73
2015-10-04T00:00:00.000Z,18,45085.0,4,96525.39,0.0,97775.0,96525.39
2015-10-15T00:00:00.000Z,11,45019.0,4,13981.12,0.0,14641.0,13981.12
2015-10-04T00:00:00.000Z,1,45019.0,4,,,7303.0,0.0
2015-10-05T00:00:00.000Z,1,45019.0,4,1847.93,0.0,6299.0,1847.93
2015-10-03T00:00:00.000Z,1,45019.0,4,1116.32,0.0,2366.0,1116.32
2015-10-06T00:00:00.000Z,1,45029.0,4,,,849.0,0.0
2015-10-03T00:00:00.000Z,1,45019.0,1,24340.79,0.0,25263.0,24340.79
2015-10-04T00:00:00.000Z,1,45035.0,2,18495.14,0.0,19641.0,18495.14
2015-10-03T00:00:00.000Z,11,45043.0,0,3953.84,0.0,5204.0,3953.84
2015-10-03T00:00:00.000Z,1,45019.0,4,,,,0.0
2015-10-04T00:00:00.000Z,1,45079.0,4,50655.45,0.0,50325.0,50655.45
2015-10-04T00:00:00.000Z,1,45045.0,4,9132.15,0.0,10262.0,9132.15
2015-10-04T00:00:00.000Z,1,45063.0,2,19728.38,2089.72,22369.0,19728.38
2015-06-09T00:00:00.000Z,1,45019.0,4,8063.06,0.0,9063.0,8063.06
2015-10-04T00:00:00.000Z,1,45079.0,2,11602.16,0.0,11079.0,11602.16
2015-10-03T00:00:00.000Z,1,45051.0,4,18669.6,0.0,16841.0,18669.6
2015-10-03T00:00:00.000Z,1,45079.0,4,27480.81,4222.81,25161.0,27480.81
2015-10-03T00:00:00.000Z,1,45019.0,2,2831.04,0.0,4081.0,2831.04
2015-10-04T00:00:00.000Z,1,45079.0,2,6283.04,0.0,6685.0,6283.04
2015-10-05T00:00:00.000Z,2,45035.0,0,,,,0.0
2015-11-01T00:00:00.000Z,1,45019.0,4,4873.4,0.0,5814.0,4873.4
2015-10-06T00:00:00.000Z,11,45083.0,4,,,,0.0
2015-10-04T00:00:00.000Z,1,45063.0,2,595.67,0.0,1797.0,595.67
2015-10-03T00:00:00.000Z,11,45051.0,4,37535.71,3406.73,35504.0,37535.71
2015-10-03T00:00:00.000Z,1,45063.0,2,48077.57,14868.26,38016.0,48077.57
2015-10-03T00:00:00.000Z,1,45051.0,0,883.38,1000.0,2133.0,883.38
2015-10-02T00:00:00.000Z,11,45051.0,0,,,1107.0,0.0
2015-10-04T00:00:00.000Z,1,45051.0,4,3048.22,897.0,4203.0,3048.22
2015-10-02T00:00:00.000Z,11,45019.0,2,,,,0.0
2015-12-30T00:00:00.000Z,11,45055.0,0,,,,0.0
2015-10-04T00:00:00.000Z,1,45079.0,4,,,3624.0,0.0
2015-10-03T00:00:00.000Z,3,45019.0,4,13372.99,0.0,14622.0,13372.99
2015-10-03T00:00:00.000Z,11,45019.0,4,317.98,0.0,1529.0,317.98
2015-10-04T00:00:00.000Z,2,45019.0,0,,,,0.0
2015-10-03T00:00:00.000Z,1,45079.0,2,,,1959.0,0.0
2015-10-08T00:00:00.000Z,1,45051.0,0,,,,0.0
2015-10-04T00:00:00.000Z,1,45043.0,4,12431.74,2629.87,12169.0,12431.74
2015-10-04T00:00:00.000Z,1,45079.0,2,73517.45,3153.08,65337.0,73517.45
2015-10-04T00:00:00.000Z,1,45051.0,2,510.19,0.0,5061.0,510.19
2015-10-03T00:00:00.000Z,11,45035.0,4,6894.31,0.0,8894.0,6894.31
2015-10-04T00:00:00.000Z,1,45079.0,2,51471.54,0.0,52520.0,51471.54
2015-10-03T00:00:00.000Z,1,45019.0,0,,,1692.0,0.0
2015-10-04T00:00:00.000Z,1,45019.0,4,318.61,0.0,3318.0,318.61
2015-10-04T00:00:00.000Z,2,45019.0,4,20269.9,0.0,21520.0,20269.9
2015-10-04T00:00:00.000Z,11,45079.0,4,22774.75,494.85,21474.0,22774.75
2015-10-06T00:00:00.000Z,11,45019.0,2,3954.68,0.0,5569.0,3954.68
2015-09-30T00:00:00.000Z,6,45083.0,2,,,1461.0,0.0
2015-10-10T00:00:00.000Z,1,45051.0,2,15010.15,0.0,16010.0,15010.15
2015-10-12T00:00:00.000Z,1,45019.0,0,,,,0.0
2015-10-01T00:00:00.000Z,1,45019.0,4,13426.44,0.0,14061.0,13426.44
2015-08-31T00:00:00.000Z,1,45019.0,4,19965.91,0.0,21216.0,19965.91
2015-08-27T00:00:00.000Z,18,45051.0,4,48006.56,6291.12,50007.0,48006.56
2015-10-23T00:00:00.000Z,2,45019.0,1,3343.95,0.0,5343.0,3343.95
2015-10-03T00:00:00.000Z,1,45019.0,4,5394.04,768.34,6079.0,5394.04
2015-10-03T00:00:00.000Z,11,45047.0,4,139624.93,0.0,134664.0,139624.93
2015-10-05T00:00:00.000Z,11,45019.0,0,,,,0.0
2015-12-22T00:00:00.000Z,1,45045.0,2,20016.87,0.0,21267.0,20016.87
2015-10-04T00:00:00.000Z,1,45015.0,2,4968.6,0.0,6219.0,4968.6
2015-10-05T00:00:00.000Z,1,45051.0,4,14866.98,16794.95,14519.0,14866.98
2015-10-03T00:00:00.000Z,1,45035.0,4,21566.39,3561.27,22566.0,21566.39
2015-10-03T00:00:00.000Z,1,45019.0,0,,,,0.0
2015-10-04T00:00:00.000Z,1,45019.0,4,1826.93,0.0,2567.0,1826.93
2015-09-26T00:00:00.000Z,11,45051.0,1,,,,0.0
2015-10-04T00:00:00.000Z,1,45079.0,4,68856.5,19141.38,68462.0,68856.5
2015-10-04T00:00:00.000Z,11,45019.0,4,,,,0.0
2015-10-03T00:00:00.000Z,1,45051.0,2,1493.35,0.0,2743.0,1493.35
2015-10-04T00:00:00.000Z,6,45051.0,4,,,6370.0,0.0
2015-10-03T00:00:00.000Z,1,45019.0,0,26559.52,0.0,27809.0,26559.52
2015-10-08T00:00:00.000Z,1,45019.0,4,,,471.0,0.0
2015-10-04T00:00:00.000Z,1,45019.0,4,17538.23,0.0,16123.0,17538.23
2015-10-07T00:00:00.000Z,3,45019.0,0,,,,0.0
2015-10-06T00:00:00.000Z,1,45019.0,4,2528.34,0.0,3080.0,2528.34
2015-10-03T00:00:00.000Z,1,45019.0,1,6004.32,0.0,7564.0,6004.32
2015-10-10T00:00:00.000Z,11,45051.0,0,13566.12,0.0,14817.0,13566.12
2015-10-03T00:00:00.000Z,11,45019.0,A,,,2765.0,0.0
2015-10-04T00:00:00.000Z,1,45029.0,1,4934.92,0.0,9934.0,4934.92
2015-10-04T00:00:00.000Z,4,45085.0,4,,,,0.0
2015-10-04T00:00:00.000Z,1,45079.0,4,10044.15,0.0,6611.0,10044.15
2015-10-03T00:00:00.000Z,3,45019.0,4,,,130.0,0.0
2015-10-04T00:00:00.000Z,1,45085.0,4,14547.46,0.0,17535.0,14547.46
2015-10-02T00:00:00.000Z,1,45019.0,4,56946.51,11323.4,53833.0,56946.51
2015-10-03T00:00:00.000Z,1,45019.0,4,75979.95,0.0,70480.0,75979.95
2015-10-05T00:00:00.000Z,1,45019.0,4,1082.52,0.0,3082.0,1082.52
2015-10-03T00:00:00.000Z,6,45019.0,4,160838.7,0.0,162088.0,160838.7
2015-10-03T00:00:00.000Z,1,45043.0,2,3980.26,0.0,4943.0,3980.26
2015-10-04T00:00:00.000Z,11,45079.0,2,23072.51,0.0,23104.0,23072.51
2015-10-15T00:00:00.000Z,1,45019.0,2,7218.42,0.0,12011.0,7218.42
2015-10-04T00:00:00.000Z,1,45019.0,4,15822.36,0.0,16823.0,15822.36
2015-10-04T00:00:00.000Z,1,45043.0,4,9867.56,0.0,11868.0,9867.56
2015-10-06T00:00:00.000Z,1,45051.0,4,2051.0,0.0,3051.0,2051.0
2015-10-04T00:00:00.000Z,11,45051.0,0,,,882.0,0.0
2015-10-02T00:00:00.000Z,1,45019.0,2,,,952.0,0.0
2015-10-03T00:00:00.000Z,1,45035.0,2,16525.24,4808.28,17097.0,16525.24
2015-10-03T00:00:00.000Z,1,45019.0,1,1227.74,0.0,2478.0,1227.74
2015-10-04T00:00:00.000Z,4,45005.0,,,,,0.0
2015-10-03T00:00:00.000Z,1,45019.0,4,13434.78,0.0,17021.0,13434.78
2015-10-04T00:00:00.000Z,1,45019.0,2,19080.73,0.0,24081.0,19080.73
2015-10-03T00:00:00.000Z,11,45019.0,4,2816.58,0.0,7686.0,2816.58
2015-10-03T00:00:00.000Z,1,45027.0,2,,,1934.0,0.0
2015-10-04T00:00:00.000Z,1,45063.0,2,90000.0,0.0,92283.0,90000.0
2015-10-04T00:00:00.000Z,1,45079.0,2,,,,0.0
2015-10-03T00:00:00.000Z,1,45035.0,2,,,,0.0
2015-10-01T00:00:00.000Z,1,45019.0,2,7685.48,0.0,7907.0,7685.48
2015-10-04T00:00:00.000Z,13,45085.0,4,101631.4,0.0,106631.0,101631.4
2015-10-04T00:00:00.000Z,1,45019.0,4,,,1465.0,0.0
2015-10-03T00:00:00.000Z,11,45051.0,4,2557.28,0.0,3648.0,2557.28
2015-10-04T00:00:00.000Z,6,45019.0,,,,,0.0
2015-10-02T00:00:00.000Z,1,45019.0,2,81740.04,0.0,81972.0,81740.04
2015-10-03T00:00:00.000Z,1,45079.0,2,15220.6,0.0,15568.0,15220.6
2015-10-09T00:00:00.000Z,11,45035.0,0,967.84,0.0,2218.0,967.84
2015-10-03T00:00:00.000Z,11,45019.0,0,40011.72,11940.01,41012.0,40011.72
2015-11-13T00:00:00.000Z,1,45019.0,2,9948.28,0.0,11198.0,9948.28
2015-10-04T00:00:00.000Z,18,45079.0,4,14067.45,0.0,16067.0,14067.45
2015-10-04T00:00:00.000Z,1,45029.0,4,,,891.0,0.0
2015-10-05T00:00:00.000Z,1,45051.0,2,42733.71,13200.0,40461.0,42733.71
2015-10-04T00:00:00.000Z,1,45035.0,4,20260.43,177.19,18018.0,20260.43
2015-10-04T00:00:00.000Z,1,45079.0,2,10666.4,0.0,13679.0,10666.4
2015-10-04T00:00:00.000Z,1,45079.0,4,12851.98,0.0,17102.0,12851.98
2015-10-03T00:00:00.000Z,11,45019.0,4,5621.19,0.0,10554.0,5621.19
2015-10-03T00:00:00.000Z,3,45043.0,4,0.0,8000.0,,0.0
2015-10-04T00:00:00.000Z,1,45079.0,2,143887.86,0.0,124657.0,143887.86
2015-10-04T00:00:00.000Z,1,45041.0,2,35038.85,46447.44,31007.0,35038.85
2015-10-03T00:00:00.000Z,1,45019.0,4,1097.41,0.0,2347.0,1097.41
2015-12-17T00:00:00.000Z,1,45019.0,,,,,0.0
2015-10-04T00:00:00.000Z,4,45063.0,4,1166.11,0.0,2166.0,1166.11
2015-10-03T00:00:00.000Z,1,45019.0,4,16923.65,0.0,15151.0,16923.65
2015-10-05T00:00:00.000Z,1,45019.0,4,2898.35,370.25,4769.0,2898.35
2015-10-03T00:00:00.000Z,1,45079.0,4,96800.0,0.0,142091.0,96800.0
2015-10-04T00:00:00.000Z,1,45019.0,4,3061.27,0.0,4124.0,3061.27
2015-10-06T00:00:00.000Z,1,45063.0,4,46600.0,0.0,49120.0,46600.0
2015-10-03T00:00:00.000Z,1,45035.0,4,74254.54,20513.58,75504.0,74254.54
2015-08-31T00:00:00.000Z,1,45019.0,4,17886.68,0.0,19137.0,17886.68
2015-10-04T00:00:00.000Z,11,45079.0,2,,,,0.0
2015-10-04T00:00:00.000Z,6,45075.0,,,,,0.0
2015-10-04T00:00:00.000Z,1,45019.0,2,10146.1,0.0,11252.0,10146.1
2015-06-24T00:00:00.000Z,2,45035.0,4,9485.04,0.0,10486.0,9485.04
2015-10-03T00:00:00.000Z,1,45019.0,4,23191.62,0.0,25192.0,23191.62
2015-10-03T00:00:00.000Z,1,45085.0,4,15640.07,0.0,16890.0,15640.07
2015-10-03T00:00:00.000Z,1,45019.0,2,517.34,0.0,1767.0,517.34
2015-10-04T00:00:00.000Z,1,45051.0,4,,,,0.0
2015-10-03T00:00:00.000Z,11,45015.0,4,,,142.0,0.0
2015-10-03T00:00:00.000Z,1,45019.0,4,22002.71,0.0,16145.0,22002.71
2015-10-03T00:00:00.000Z,11,45043.0,4,18585.08,0.0,17361.0,18585.08
2015-10-05T00:00:00.000Z,2,45035.0,4,16888.13,0.0,17504.0,16888.13
2015-10-04T00:00:00.000Z,18,45085.0,4,1146.45,414.78,2146.0,1146.45
2015-10-04T00:00:00.000Z,1,45085.0,4,0.0,11219.87,,0.0
2015-10-02T00:00:00.000Z,11,45019.0,4,609.86,0.0,1860.0,609.86
2015-10-05T00:00:00.000Z,15,45079.0,2,,,,0.0
2015-02-10T00:00:00.000Z,11,45051.0,0,,,,0.0
2015-10-06T00:00:00.000Z,1,45035.0,2,,,1184.0,0.0
2015-10-04T00:00:00.000Z,1,45015.0,2,6730.14,0.0,6839.0,6730.14
2015-10-11T00:00:00.000Z,1,45079.0,2,4412.09,0.0,6412.0,4412.09
2015-12-29T00:00:00.000Z,1,45019.0,0,,,,0.0
2015-10-03T00:00:00.000Z,3,45019.0,4,,,130.0,0.0
2015-10-04T00:00:00.000Z,1,45043.0,0,17775.95,5828.9,19776.0,17775.95
2015-10-09T00:00:00.000Z,1,45029.0,2,27491.52,0.0,29492.0,27491.52
2015-10-03T00:00:00.000Z,12,45051.0,0,4216.32,0.0,6217.0,4216.32
2015-10-05T00:00:00.000Z,2,45035.0,0,,,,0.0
2015-10-04T00:00:00.000Z,11,45019.0,4,16855.26,0.0,21855.0,16855.26
2015-10-04T00:00:00.000Z,11,45015.0,4,1966.01,0.0,3094.0,1966.01
2015-10-04T00:00:00.000Z,1,45013.0,4,,,,0.0
2015-10-03T00:00:00.000Z,1,45085.0,2,23251.13,0.0,11454.0,23251.13
2015-10-05T00:00:00.000Z,1,45063.0,0,,,1829.0,0.0
2015-11-07T00:00:00.000Z,11,45051.0,0,,,,0.0
2015-10-03T00:00:00.000Z,1,45019.0,4,44245.76,0.0,41449.0,44245.76
2015-10-04T00:00:00.000Z,1,45043.0,2,6818.15,0.0,7125.0,6818.15
2015-10-13T00:00:00.000Z,1,45079.0,0,,,,0.0
2015-10-20T00:00:00.000Z,1,45019.0,2,,,,0.0
2015-10-01T00:00:00.000Z,1,45051.0,0,,,,0.0
2015-10-04T00:00:00.000Z,1,45079.0,4,7655.68,0.0,12655.0,7655.68
2015-10-07T00:00:00.000Z,1,45035.0,2,8990.2,2514.86,9135.0,8990.2
2015-10-04T00:00:00.000Z,3,45079.0,4,15223.07,0.0,16223.0,15223.07
2015-10-03T00:00:00.000Z,11,45019.0,4,5608.68,0.0,10609.0,5608.68
2015-10-04T00:00:00.000Z,1,45019.0,4,,,2562.0,0.0
2015-10-03T00:00:00.000Z,11,45019.0,4,1025.06,0.0,2275.0,1025.06
2015-10-02T00:00:00.000Z,1,45019.0,2,909.3,0.0,2159.0,909.3
2015-10-03T00:00:00.000Z,1,45019.0,4,838.95,0.0,2088.0,838.95
2015-10-06T00:00:00.000Z,11,45015.0,0,19679.44,0.0,23929.0,19679.44
2015-10-05T00:00:00.000Z,1,45041.0,4,19138.97,0.0,20638.0,19138.97
2015-10-04T00:00:00.000Z,4,45063.0,2,129543.43,0.0,130793.0,129543.43
2015-10-04T00:00:00.000Z,11,45019.0,4,12477.52,1761.22,13978.0,12477.52
2015-10-04T00:00:00.000Z,1,45019.0,4,73377.59,12600.0,67093.0,73377.59
2015-10-04T00:00:00.000Z,1,45063.0,2,31650.92,571.46,24105.0,31650.92
2015-10-10T00:00:00.000Z,1,45043.0,4,3453.54,0.0,8453.0,3453.54
2015-10-03T00:00:00.000Z,18,45089.0,2,81505.74,0.0,86505.0,81505.74
2015-10-04T00:00:00.000Z,11,45051.0,0,15055.28,0.0,16306.0,15055.28
2015-10-04T00:00:00.000Z,18,45013.0,,,,,0.0
2015-10-04T00:00:00.000Z,1,45051.0,4,1606.32,0.0,2551.0,1606.32
2015-10-03T00:00:00.000Z,4,45019.0,0,13860.16,1309.84,15861.0,13860.16
2015-10-03T00:00:00.000Z,1,45079.0,2,,,1135.0,0.0
2015-10-03T00:00:00.000Z,1,45019.0,4,15484.8,0.0,16187.0,15484.8
2015-10-05T00:00:00.000Z,18,45051.0,4,15787.97,0.0,17037.0,15787.97
2015-10-04T00:00:00.000Z,1,45015.0,4,8024.82,7919.57,9274.0,8024.82
2015-10-04T00:00:00.000Z,11,45019.0,4,1324.95,0.0,2325.0,1324.95
2015-10-07T00:00:00.000Z,1,45043.0,4,,,,0.0
2015-10-04T00:00:00.000Z,1,45079.0,0,45393.63,0.0,46644.0,45393.63
2015-10-03T00:00:00.000Z,15,45043.0,2,16726.44,0.0,16536.0,16726.44
2015-10-04T00:00:00.000Z,1,45079.0,2,158535.99,25000.0,130092.0,158535.99
2015-10-02T00:00:00.000Z,2,45051.0,0,42647.55,0.0,52648.0,42647.55
2015-10-04T00:00:00.000Z,11,45051.0,0,16870.36,39766.22,18871.0,16870.36
2015-10-04T00:00:00.000Z,11,45017.0,4,,,983.0,0.0
2015-10-04T00:00:00.000Z,11,45063.0,2,31666.18,0.0,33166.0,31666.18
2015-10-03T00:00:00.000Z,11,45019.0,2,,,,0.0
2015-10-02T00:00:00.000Z,1,45051.0,4,3659.43,0.0,4841.0,3659.43
2015-10-04T00:00:00.000Z,1,45019.0,4,41221.05,0.0,40599.0,41221.05
2015-10-05T00:00:00.000Z,1,45089.0,2,25182.98,0.0,30182.0,25182.98
2015-10-03T00:00:00.000Z,11,45019.0,2,,,544.0,0.0
2015-10-03T00:00:00.000Z,2,45019.0,1,5585.28,0.0,7585.0,5585.28
2015-10-03T00:00:00.000Z,1,45019.0,4,7147.87,0.0,7847.0,7147.87
2015-10-03T00:00:00.000Z,11,45035.0,4,8067.92,0.0,9284.0,8067.92
2015-10-01T00:00:00.000Z,11,45019.0,4,21174.68,0.0,15851.0,21174.68
2015-10-02T00:00:00.000Z,11,45051.0,4,42196.13,5863.07,36471.0,42196.13
2015-10-04T00:00:00.000Z,1,45079.0,4,30792.03,0.0,32792.0,30792.03
2015-10-04T00:00:00.000Z,2,45063.0,2,340.13,290.0,1590.0,340.13
2015-10-03T00:00:00.000Z,1,45051.0,4,3928.2,705.94,4398.0,3928.2
2015-10-05T00:00:00.000Z,1,45079.0,4,8830.9,0.0,10831.0,8830.9
2015-10-06T00:00:00.000Z,11,45075.0,2,10093.71,0.0,11343.0,10093.71
2015-10-03T00:00:00.000Z,1,45035.0,2,106863.35,50000.0,103503.0,106863.35
2015-10-06T00:00:00.000Z,1,45085.0,4,,,,0.0
2015-10-04T00:00:00.000Z,6,45043.0,4,14773.86,0.0,16773.0,14773.86
2015-10-04T00:00:00.000Z,11,45079.0,2,33762.21,0.0,29828.0,33762.21
2015-10-04T00:00:00.000Z,1,45051.0,2,3681.69,0.0,5681.0,3681.69
2015-10-03T00:00:00.000Z,11,45019.0,4,11354.71,0.0,11015.0,11354.71
2015-10-02T00:00:00.000Z,1,45015.0,0,,,,0.0
2015-10-02T00:00:00.000Z,1,45019.0,4,5212.63,436.7,7213.0,5212.63
2015-10-05T00:00:00.000Z,11,45079.0,2,18365.95,0.0,15319.0,18365.95
2015-10-02T00:00:00.000Z,1,45019.0,4,3646.07,0.0,4548.0,3646.07
2015-10-03T00:00:00.000Z,1,45019.0,4,5062.87,0.0,7063.0,5062.87
2015-10-06T00:00:00.000Z,11,45043.0,4,49705.98,0.0,43004.0,49705.98
2015-10-02T00:00:00.000Z,1,45043.0,4,29275.92,0.0,27835.0,29275.92
2015-10-03T00:00:00.000Z,1,45051.0,4,,,,0.0
2015-10-04T00:00:00.000Z,1,45063.0,4,4464.06,0.0,2105.0,4464.06
2015-10-05T00:00:00.000Z,11,45051.0,4,10790.65,0.0,11791.0,10790.65
2015-10-10T00:00:00.000Z,1,45089.0,4,11443.83,0.0,13443.0,11443.83
2015-10-04T00:00:00.000Z,1,45019.0,4,9995.89,0.0,19995.0,9995.89
2015-10-03T00:00:00.000Z,1,45035.0,4,5680.68,0.0,6823.0,5680.68
2015-10-04T00:00:00.000Z,1,45063.0,2,12532.88,0.0,16254.0,12532.88
2015-10-03T00:00:00.000Z,1,45019.0,4,2433.39,0.0,3683.0,2433.39
2015-10-03T00:00:00.000Z,1,45019.0,4,64091.59,4038.69,63876.0,64091.59
2015-10-02T00:00:00.000Z,1,45051.0,4,1970.99,0.0,2970.0,1970.99
2015-10-04T00:00:00.000Z,1,45079.0,0,147845.26,0.0,149096.0,147845.26
2015-10-04T00:00:00.000Z,1,45051.0,4,9824.6,0.0,14452.0,9824.6
2015-10-04T00:00:00.000Z,1,45035.0,2,11441.52,2033.35,12288.0,11441.52
2015-10-03T00:00:00.000Z,11,45019.0,4,14782.75,0.0,16783.0,14782.75
2015-11-02T00:00:00.000Z,1,45019.0,4,239.26,0.0,1490.0,239.26
2015-10-02T00:00:00.000Z,1,45019.0,4,3306.08,0.0,5197.0,3306.08
2015-10-03T00:00:00.000Z,11,45019.0,4,8088.31,0.0,9339.0,8088.31
2015-10-04T00:00:00.000Z,11,45039.0,2,96043.48,0.0,93983.0,96043.48
2015-10-06T00:00:00.000Z,1,45051.0,4,2031.34,0.0,3007.0,2031.34
2015-10-04T00:00:00.000Z,11,45079.0,2,13136.71,4925.24,13527.0,13136.71
2015-10-06T00:00:00.000Z,1,45015.0,4,,,,0.0
2015-10-04T00:00:00.000Z,1,45031.0,4,1217.05,0.0,2217.0,1217.05
2015-10-03T00:00:00.000Z,11,45019.0,4,1202.35,0.0,3202.0,1202.35
2015-10-06T00:00:00.000Z,11,45051.0,4,4186.47,0.0,8436.0,4186.47
2015-10-04T00:00:00.000Z,18,45063.0,2,70887.06,0.0,72137.0,70887.06
2015-04-01T00:00:00.000Z,3,45019.0,,,,,0.0
2015-10-04T00:00:00.000Z,6,45051.0,4,39174.99,0.0,40424.0,39174.99
2015-10-05T00:00:00.000Z,1,45019.0,4,1607.56,0.0,2857.0,1607.56
2015-10-03T00:00:00.000Z,2,45019.0,4,27226.29,0.0,29226.0,27226.29
2015-10-04T00:00:00.000Z,3,45019.0,4,17755.47,0.0,22755.0,17755.47
2015-10-04T00:00:00.000Z,11,45019.0,4,,,829.0,0.0
2015-10-03T00:00:00.000Z,1,45019.0,4,,,1122.0,0.0
2015-10-03T00:00:00.000Z,1,45051.0,0,,,,0.0
2015-10-02T00:00:00.000Z,2,45019.0,4,33701.17,0.0,34512.0,33701.17
2015-10-03T00:00:00.000Z,1,45019.0,4,,,966.0,0.0
2015-10-03T00:00:00.000Z,11,45019.0,0,14891.74,0.0,16142.0,14891.74
2015-10-03T00:00:00.000Z,1,45019.0,4,19877.66,0.0,21127.0,19877.66
2015-10-04T00:00:00.000Z,1,45019.0,2,,,112.0,0.0
2015-10-03T00:00:00.000Z,1,45085.0,4,68926.94,43223.36,70927.0,68926.94
2015-10-02T00:00:00.000Z,11,45019.0,0,,,,0.0
2015-10-03T00:00:00.000Z,2,45035.0,4,,,,0.0
2015-10-04T00:00:00.000Z,1,45051.0,4,2047.87,0.0,3047.0,2047.87
2015-10-03T00:00:00.000Z,11,45019.0,2,28284.47,0.0,24235.0,28284.47
2015-10-04T00:00:00.000Z,18,45027.0,4,3100.16,0.0,5100.0,3100.16
2015-10-05T00:00:00.000Z,15,45035.0,4,1941.31,0.0,3191.0,1941.31
2015-10-03T00:00:00.000Z,15,45051.0,1,114785.34,0.0,103255.0,114785.34
2015-06-04T00:00:00.000Z,3,45079.0,2,15167.46,0.0,16167.0,15167.46
2015-10-06T00:00:00.000Z,11,45051.0,1,37896.58,4755.4,39147.0,37896.58
2015-10-04T00:00:00.000Z,1,45063.0,0,43758.35,5000.0,45759.0,43758.35
2015-10-03T00:00:00.000Z,1,45019.0,0,41219.04,6507.92,42220.0,41219.04
2015-10-03T00:00:00.000Z,1,45019.0,4,5709.41,0.0,6061.0,5709.41
2015-10-04T00:00:00.000Z,11,45035.0,2,0.0,2460.32,474.0,0.0
2015-10-03T00:00:00.000Z,1,45019.0,4,5335.69,0.0,6335.0,5335.69
2015-10-04T00:00:00.000Z,11,45051.0,0,,,,0.0
2015-10-04T00:00:00.000Z,1,45063.0,2,20634.25,0.0,25634.0,20634.25
2015-10-02T00:00:00.000Z,11,45051.0,4,20000.0,2067.72,22915.0,20000.0
2015-10-05T00:00:00.000Z,11,45079.0,4,,,87.0,0.0
2015-10-04T00:00:00.000Z,1,45043.0,4,3865.08,0.0,8865.0,3865.08
2015-10-04T00:00:00.000Z,2,45051.0,4,25619.16,0.0,26869.0,25619.16
2015-10-04T00:00:00.000Z,11,45019.0,2,1383.27,0.0,2633.0,1383.27
2015-10-04T00:00:00.000Z,1,45079.0,2,67494.53,19078.58,69494.0,67494.53
2015-10-06T00:00:00.000Z,2,45019.0,4,,,3404.0,0.0
2015-10-03T00:00:00.000Z,11,45019.0,0,,,1022.0,0.0
2015-10-03T00:00:00.000Z,1,45019.0,4,40311.38,2860.82,39539.0,40311.38
2015-10-02T00:00:00.000Z,11,45035.0,2,13516.01,0.0,12947.0,13516.01
2015-10-07T00:00:00.000Z,1,45029.0,4,23234.56,659.75,24043.0,23234.56
2015-10-03T00:00:00.000Z,1,45019.0,4,16056.76,0.0,15689.0,16056.76
2015-10-07T00:00:00.000Z,1,45043.0,4,9150.43,0.0,10150.0,9150.43
2015-10-04T00:00:00.000Z,1,45019.0,2,18999.08,0.0,18999.0,18999.08
2015-10-04T00:00:00.000Z,1,45051.0,0,8536.18,435.28,9787.0,8536.18
2015-10-04T00:00:00.000Z,11,45075.0,0,97413.61,11502.5,98414.0,97413.61
2015-10-03T00:00:00.000Z,1,45035.0,4,45499.16,8406.73,44335.0,45499.16
2015-10-03T00:00:00.000Z,1,45019.0,4,2638.31,0.0,3888.0,2638.31
2015-10-04T00:00:00.000Z,1,45079.0,4,,,3999.0,0.0
2015-10-03T00:00:00.000Z,1,45019.0,4,1348.07,0.0,3348.0,1348.07
2015-10-02T00:00:00.000Z,1,45043.0,4,38261.37,21003.61,37074.0,38261.37
2015-10-04T00:00:00.000Z,11,45019.0,4,,,641.0,0.0
2015-10-03T00:00:00.000Z,1,45051.0,0,37301.66,7769.05,38552.0,37301.66
2015-10-04T00:00:00.000Z,1,45051.0,0,97089.92,27520.25,98340.0,97089.92
2015-10-04T00:00:00.000Z,1,45051.0,4,36736.05,5794.81,35576.0,36736.05
2015-10-04T00:00:00.000Z,3,45051.0,4,,,,0.0
2015-09-01T00:00:00.000Z,1,45051.0,0,11096.83,0.0,12097.0,11096.83
2015-10-04T00:00:00.000Z,18,45063.0,2,77454.79,15905.62,78704.0,77454.79
2015-10-04T00:00:00.000Z,1,45027.0,4,18464.17,0.0,16497.0,18464.17
2015-10-04T00:00:00.000Z,1,45035.0,4,,,,0.0
2015-10-05T00:00:00.000Z,1,45019.0,2,,,,0.0
2015-10-04T00:00:00.000Z,1,45051.0,4,15340.67,261.52,16120.0,15340.67
2015-10-03T00:00:00.000Z,11,45019.0,4,1965.57,0.0,3215.0,1965.57
2015-10-03T00:00:00.000Z,11,45035.0,4,9281.42,6688.11,9301.0,9281.42
2015-10-04T00:00:00.000Z,1,45079.0,4,4490.07,0.0,5490.0,4490.07
2015-10-03T00:00:00.000Z,1,45051.0,4,85692.84,85327.01,81727.0,85692.84
2015-10-04T00:00:00.000Z,1,45051.0,2,,,,0.0
2015-10-04T00:00:00.000Z,1,45043.0,4,8292.47,0.0,7735.0,8292.47
2015-10-04T00:00:00.000Z,18,45051.0,2,178372.51,0.0,179622.0,178372.51
2015-10-08T00:00:00.000Z,11,45043.0,2,,,453.0,0.0
2015-10-03T00:00:00.000Z,3,45079.0,4,66424.21,0.0,71424.0,66424.21
2015-11-08T00:00:00.000Z,1,45019.0,4,135.93,0.0,1385.0,135.93
2015-10-02T00:00:00.000Z,1,45019.0,2,30916.89,0.0,25734.0,30916.89
2015-10-04T00:00:00.000Z,1,45063.0,2,,,,0.0
2015-10-04T00:00:00.000Z,11,45015.0,4,57000.0,12500.0,52722.0,57000.0
2015-10-04T00:00:00.000Z,11,45043.0,4,,,646.0,0.0
2015-10-03T00:00:00.000Z,12,45043.0,4,8039.17,112.93,9289.0,8039.17
2015-10-04T00:00:00.000Z,11,45085.0,0,,,,0.0
2015-10-03T00:00:00.000Z,11,45015.0,2,22323.19,0.0,27323.0,22323.19
2015-10-05T00:00:00.000Z,3,45019.0,4,10582.18,0.0,11832.0,10582.18
2015-10-06T00:00:00.000Z,11,45009.0,2,35514.85,3175.93,34048.0,35514.85
2015-08-31T00:00:00.000Z,6,45019.0,0,381556.58,55100.0,382807.0,381556.58
2015-10-04T00:00:00.000Z,1,45035.0,4,1564.18,0.0,2814.0,1564.18
2015-10-04T00:00:00.000Z,11,45035.0,2,,,2680.0,0.0
2015-10-27T00:00:00.000Z,1,45051.0,1,,,732.0,0.0
2015-10-04T00:00:00.000Z,11,45019.0,4,10681.87,0.0,10554.0,10681.87
2015-10-04T00:00:00.000Z,11,45079.0,2,1942.76,0.0,2943.0,1942.76
2015-10-04T00:00:00.000Z,1,45079.0,2,119231.11,0.0,102750.0,119231.11
2015-10-30T00:00:00.000Z,1,45019.0,4,,,20.0,0.0
2015-08-31T00:00:00.000Z,1,45019.0,4,35505.14,0.0,44395.0,35505.14
2015-10-04T00:00:00.000Z,1,45079.0,4,,,669.0,0.0
2015-10-03T00:00:00.000Z,1,45079.0,2,15035.86,348.64,16285.0,15035.86
2015-10-05T00:00:00.000Z,1,45035.0,2,,,,0.0
2015-12-04T00:00:00.000Z,1,45047.0,4,,,,0.0
2015-10-02T00:00:00.000Z,11,45051.0,4,1808.56,0.0,3059.0,1808.56
2015-10-04T00:00:00.000Z,1,45063.0,2,67744.9,0.0,69744.0,67744.9
2015-10-04T00:00:00.000Z,11,45079.0,4,13223.13,124.65,13832.0,13223.13
2015-10-03T00:00:00.000Z,1,45013.0,0,6998.18,0.0,8249.0,6998.18
2015-10-03T00:00:00.000Z,2,45019.0,4,19140.87,3180.95,21140.0,19140.87
2015-10-04T00:00:00.000Z,6,45019.0,,,,,0.0
2015-10-03T00:00:00.000Z,1,45019.0,2,1891.09,0.0,3121.0,1891.09
2015-10-04T00:00:00.000Z,1,45051.0,4,9815.46,1385.87,14065.0,9815.46
2015-10-03T00:00:00.000Z,3,45079.0,4,99740.19,0.0,104740.0,99740.19
2015-10-03T00:00:00.000Z,1,45043.0,4,3871.54,0.0,5871.0,3871.54
2015-10-04T00:00:00.000Z,1,45019.0,4,9882.96,0.0,11883.0,9882.96
2015-10-05T00:00:00.000Z,1,45063.0,4,106601.47,0.0,108601.0,106601.47
2015-10-10T00:00:00.000Z,1,45081.0,4,,,2199.0,0.0
2015-10-03T00:00:00.000Z,1,45019.0,0,,,,0.0
2015-10-04T00:00:00.000Z,1,45043.0,,,,,0.0
2015-10-10T00:00:00.000Z,1,45019.0,4,9046.55,0.0,8976.0,9046.55
2015-10-04T00:00:00.000Z,1,45079.0,2,,,873.0,0.0
2015-10-03T00:00:00.000Z,12,45019.0,2,,,,0.0
2015-12-23T00:00:00.000Z,1,45019.0,,,,,0.0
2015-10-28T00:00:00.000Z,1,45051.0,1,,,475.0,0.0
2015-10-03T00:00:00.000Z,3,45079.0,4,24297.0,0.0,36600.0,24297.0
2015-10-03T00:00:00.000Z,1,45019.0,4,,,1860.0,0.0
2015-10-05T00:00:00.000Z,2,45035.0,4,30388.63,0.0,31179.0,30388.63
2015-10-04T00:00:00.000Z,6,45019.0,4,26899.06,0.0,28149.0,26899.06
2015-10-05T00:00:00.000Z,1,45051.0,0,,,,0.0
2015-10-02T00:00:00.000Z,1,45051.0,4,40011.83,8142.22,41261.0,40011.83
2015-10-01T00:00:00.000Z,1,45019.0,4,,,863.0,0.0
2015-10-03T00:00:00.000Z,1,45075.0,2,24217.67,51783.29,25467.0,24217.67
2015-10-03T00:00:00.000Z,1,45019.0,4,,,,0.0
2015-10-03T00:00:00.000Z,1,45019.0,4,18402.09,0.0,29902.0,18402.09
2015-10-03T00:00:00.000Z,1,45035.0,4,20802.1,0.0,20168.0,20802.1
2015-10-04T00:00:00.000Z,1,45079.0,2,250000.0,50000.0,255000.0,250000.0
2015-10-07T00:00:00.000Z,11,45019.0,2,8696.76,3234.88,9421.0,8696.76
2015-10-05T00:00:00.000Z,11,45019.0,4,,,,0.0
2015-10-03T00:00:00.000Z,1,45035.0,2,25345.9,10317.93,26346.0,25345.9
2015-10-06T00:00:00.000Z,1,45063.0,0,,,,0.0
2015-10-05T00:00:00.000Z,1,45019.0,4,40094.28,0.0,33714.0,40094.28
2015-10-03T00:00:00.000Z,4,45019.0,4,29337.49,0.0,31337.0,29337.49
2015-10-05T00:00:00.000Z,1,45079.0,0,,,,0.0
2015-10-04T00:00:00.000Z,1,45079.0,0,,,,0.0
2015-10-04T00:00:00.000Z,1,45079.0,0,,,,0.0
2015-10-03T00:00:00.000Z,11,45013.0,4,0.0,0.0,,0.0
2015-10-04T00:00:00.000Z,11,45035.0,0,52856.07,10500.0,54107.0,52856.07
2015-10-04T00:00:00.000Z,11,45019.0,2,6471.03,0.0,7580.0,6471.03
2015-10-04T00:00:00.000Z,1,45079.0,2,11134.62,0.0,12384.0,11134.62
2015-10-04T00:00:00.000Z,1,45055.0,2,3613.92,0.0,5113.0,3613.92
2015-10-03T00:00:00.000Z,1,45051.0,0,,,,0.0
2015-10-03T00:00:00.000Z,1,45019.0,2,10344.92,732.37,11029.0,10344.92
2015-10-03T00:00:00.000Z,1,45035.0,4,23100.59,0.0,14772.0,23100.59
2015-10-05T00:00:00.000Z,1,45019.0,2,,,,0.0
2015-10-03T00:00:00.000Z,11,45019.0,4,9402.54,0.0,3924.0,9402.54
2015-10-04T00:00:00.000Z,11,45019.0,2,10827.9,0.0,12078.0,10827.9
2015-10-05T00:00:00.000Z,1,45051.0,0,,,,0.0
2015-08-31T00:00:00.000Z,1,45019.0,4,5410.87,3107.47,7138.0,5410.87
2015-10-04T00:00:00.000Z,1,45041.0,2,101450.91,8568.36,103450.0,101450.91
2015-10-04T00:00:00.000Z,11,45063.0,2,25257.09,8109.3,17209.0,25257.09
2015-10-04T00:00:00.000Z,1,45015.0,2,,,1208.0,0.0
2015-10-03T00:00:00.000Z,1,45019.0,0,,,,0.0
2015-11-15T00:00:00.000Z,1,45079.0,,,,,0.0
2015-10-03T00:00:00.000Z,11,45051.0,0,,,,0.0
2015-10-03T00:00:00.000Z,11,45019.0,4,,,,0.0
2015-10-04T00:00:00.000Z,1,45041.0,0,6907.16,0.0,8158.0,6907.16
2015-10-03T00:00:00.000Z,1,45019.0,4,21026.64,0.0,22276.0,21026.64
2015-10-04T00:00:00.000Z,1,45019.0,4,20040.45,108.41,22040.0,20040.45
2015-10-04T00:00:00.000Z,1,45019.0,4,338.37,0.0,3338.0,338.37
2015-10-04T00:00:00.000Z,1,45079.0,2,31992.84,0.0,33493.0,31992.84
2015-10-04T00:00:00.000Z,1,45079.0,2,250000.0,100000.0,175299.0,250000.0
2015-10-04T00:00:00.000Z,1,45079.0,4,129599.86,0.0,120444.0,129599.86
2015-10-04T00:00:00.000Z,1,45063.0,4,61945.41,0.0,61040.0,61945.41
2015-10-04T00:00:00.000Z,1,45051.0,0,2400.48,0.0,3651.0,2400.48
2015-10-03T00:00:00.000Z,11,45019.0,4,10945.78,0.0,11119.0,10945.78
2015-10-03T00:00:00.000Z,1,45019.0,0,,,,0.0
2015-10-02T00:00:00.000Z,11,45051.0,4,13397.88,0.0,13203.0,13397.88
2015-10-04T00:00:00.000Z,1,45079.0,2,14188.72,0.0,15188.0,14188.72
2015-10-06T00:00:00.000Z,1,45051.0,2,4170.4,0.0,5210.0,4170.4
2015-10-04T00:00:00.000Z,1,45051.0,4,943.37,0.0,2193.0,943.37
2015-10-04T00:00:00.000Z,15,45051.0,1,2239.92,0.0,3306.0,2239.92
2015-11-04T00:00:00.000Z,1,45067.0,4,50496.35,9308.21,51496.0,50496.35
2015-10-03T00:00:00.000Z,11,45035.0,2,15158.19,0.0,14632.0,15158.19
2015-10-04T00:00:00.000Z,11,45063.0,2,7226.15,0.0,7810.0,7226.15
2015-10-04T00:00:00.000Z,11,45063.0,2,24494.1,0.0,20923.0,24494.1
2015-10-04T00:00:00.000Z,1,45063.0,4,3858.11,0.0,4858.0,3858.11
2015-10-04T00:00:00.000Z,1,45019.0,4,53453.19,0.0,48161.0,53453.19
2015-10-04T00:00:00.000Z,1,45051.0,4,6174.39,0.0,7219.0,6174.39
2015-08-31T00:00:00.000Z,1,45019.0,2,14653.11,0.0,14988.0,14653.11
2015-10-04T00:00:00.000Z,1,45019.0,4,675.24,0.0,3675.0,675.24
2015-10-12T00:00:00.000Z,1,45019.0,4,949.01,0.0,1987.0,949.01
2015-10-04T00:00:00.000Z,1,45079.0,2,138812.18,0.0,141533.0,138812.18
2015-10-03T00:00:00.000Z,11,45019.0,4,7089.87,0.0,8339.0,7089.87
2015-10-04T00:00:00.000Z,1,45079.0,4,50000.0,5939.73,83306.0,50000.0
2015-10-03T00:00:00.000Z,11,45019.0,4,14474.1,0.0,19186.0,14474.1
2015-10-03T00:00:00.000Z,1,45013.0,1,5177.83,0.0,5015.0,5177.83
2015-10-03T00:00:00.000Z,1,45085.0,4,74.47,0.0,1074.0,74.47
2015-10-04T00:00:00.000Z,1,45079.0,2,3665.29,0.0,5261.0,3665.29
2015-10-04T00:00:00.000Z,15,45043.0,,,,,0.0
2015-10-03T00:00:00.000Z,11,45019.0,4,27222.62,0.0,23921.0,27222.62
2015-10-04T00:00:00.000Z,11,45019.0,4,3798.32,0.0,5048.0,3798.32
2015-10-03T00:00:00.000Z,1,45063.0,2,1724.43,0.0,6724.0,1724.43
2015-10-04T00:00:00.000Z,1,45029.0,1,5397.77,0.0,7397.0,5397.77
2015-10-04T00:00:00.000Z,11,45085.0,2,52970.4,26475.82,49695.0,52970.4
2015-10-04T00:00:00.000Z,3,45079.0,0,165135.26,0.0,167136.0,165135.26
2015-10-11T00:00:00.000Z,1,45051.0,2,17963.94,0.0,19463.0,17963.94
2015-10-04T00:00:00.000Z,6,45019.0,,,,,0.0
2015-10-05T00:00:00.000Z,1,45035.0,4,28946.58,0.0,30197.0,28946.58
2015-10-05T00:00:00.000Z,2,45051.0,0,28878.99,11649.3,30879.0,28878.99
2015-10-04T00:00:00.000Z,1,45015.0,4,6590.93,0.0,7590.0,6590.93
2015-10-04T00:00:00.000Z,1,45019.0,4,1563.27,0.0,2485.0,1563.27
2015-10-02T00:00:00.000Z,1,45019.0,4,6182.19,0.0,7469.0,6182.19
2015-10-03T00:00:00.000Z,1,45019.0,2,6810.25,0.0,7308.0,6810.25
2015-10-03T00:00:00.000Z,1,45019.0,4,13085.04,0.0,14350.0,13085.04
2015-10-04T00:00:00.000Z,1,45051.0,4,2150.33,0.0,3329.0,2150.33
2015-11-09T00:00:00.000Z,1,45019.0,0,7306.76,0.0,8557.0,7306.76
2015-10-03T00:00:00.000Z,11,45019.0,2,1845.26,0.0,3280.0,1845.26
2015-10-02T00:00:00.000Z,2,45019.0,4,23379.05,6615.61,25379.0,23379.05
2015-10-03T00:00:00.000Z,1,45079.0,2,12808.09,7722.82,15389.0,12808.09
2015-10-04T00:00:00.000Z,11,45079.0,2,202523.03,0.0,183331.0,202523.03
2015-10-04T00:00:00.000Z,18,45079.0,2,118340.63,0.0,119590.0,118340.63
2015-10-04T00:00:00.000Z,1,45055.0,2,11039.14,0.0,16039.0,11039.14
2015-10-03T00:00:00.000Z,11,45019.0,4,29797.74,6413.2,28505.0,29797.74
2015-10-03T00:00:00.000Z,1,45019.0,4,,,,0.0
2015-10-02T00:00:00.000Z,11,45051.0,4,1507.11,906.12,2634.0,1507.11
2015-10-03T00:00:00.000Z,1,45013.0,1,,,6341.0,0.0
2015-10-04T00:00:00.000Z,18,45077.0,,,,,0.0
2015-10-03T00:00:00.000Z,1,45019.0,0,475.99,0.0,2476.0,475.99
2015-10-26T00:00:00.000Z,11,45035.0,2,20039.5,0.0,21290.0,20039.5
2015-11-13T00:00:00.000Z,1,45019.0,2,1181.53,0.0,2431.0,1181.53
2015-10-15T00:00:00.000Z,1,45051.0,1,16732.19,0.0,18732.0,16732.19
2015-10-03T00:00:00.000Z,11,45019.0,4,13619.78,0.0,14725.0,13619.78
2015-10-05T00:00:00.000Z,11,45043.0,1,2899.06,0.0,3899.0,2899.06
2015-10-04T00:00:00.000Z,1,45063.0,0,53118.44,467.3,50330.0,53118.44
2015-10-02T00:00:00.000Z,11,45019.0,4,5567.61,0.0,7068.0,5567.61
2015-10-02T00:00:00.000Z,1,45019.0,4,21131.34,0.0,20402.0,21131.34
2015-10-05T00:00:00.000Z,1,45043.0,,,,,0.0
2015-10-03T00:00:00.000Z,11,45019.0,2,29786.01,10827.17,30786.0,29786.01
2015-10-04T00:00:00.000Z,1,45019.0,4,,,1176.0,0.0
2015-10-03T00:00:00.000Z,1,45019.0,4,36821.56,0.0,38171.0,36821.56
2015-10-03T00:00:00.000Z,1,45019.0,4,77708.26,33359.18,72318.0,77708.26
2015-10-03T00:00:00.000Z,1,45051.0,2,99327.29,65653.7,94761.0,99327.29
2015-10-04T00:00:00.000Z,1,45019.0,4,32107.31,4451.36,33357.0,32107.31
2015-10-03T00:00:00.000Z,1,45051.0,0,31531.87,0.0,32782.0,31531.87
2015-10-04T00:00:00.000Z,1,45063.0,2,52724.39,0.0,49963.0,52724.39
2015-10-04T00:00:00.000Z,1,45019.0,4,8283.99,0.0,9598.0,8283.99
2015-10-06T00:00:00.000Z,1,45051.0,4,10265.93,0.0,12265.0,10265.93
2015-10-03T00:00:00.000Z,11,45035.0,1,1937.5,0.0,3188.0,1937.5
2015-10-03T00:00:00.000Z,11,45019.0,2,9532.06,0.0,9693.0,9532.06
2015-10-04T00:00:00.000Z,11,45063.0,4,33199.91,1411.85,29919.0,33199.91
2015-10-10T00:00:00.000Z,1,45079.0,0,,,,0.0
2015-10-05T00:00:00.000Z,1,45035.0,4,,,,0.0
2015-10-04T00:00:00.000Z,2,45079.0,2,24997.21,0.0,26997.0,24997.21
2015-12-01T00:00:00.000Z,1,45063.0,4,,,1986.0,0.0
2015-10-04T00:00:00.000Z,13,45079.0,4,86672.34,2000.94,87922.0,86672.34
2015-10-03T00:00:00.000Z,3,45079.0,4,105247.43,0.0,110247.0,105247.43
2015-10-03T00:00:00.000Z,1,45019.0,4,21901.45,10500.0,19849.0,21901.45
2015-10-03T00:00:00.000Z,11,45019.0,4,9891.66,0.0,7086.0,9891.66
2015-10-02T00:00:00.000Z,11,45019.0,4,4207.98,0.0,5670.0,4207.98
2015-10-03T00:00:00.000Z,11,45019.0,4,,,899.0,0.0
2015-11-29T00:00:00.000Z,1,45015.0,0,,,,0.0
2015-10-04T00:00:00.000Z,11,45079.0,4,32123.02,35835.96,34123.0,32123.02
2015-10-03T00:00:00.000Z,18,45075.0,4,,,,0.0
2015-10-03T00:00:00.000Z,11,45019.0,4,566.99,0.0,2565.0,566.99
2015-10-03T00:00:00.000Z,11,45027.0,4,6799.83,0.0,7784.0,6799.83
2015-10-05T00:00:00.000Z,11,45043.0,4,2340.6,0.0,6324.0,2340.6
2015-10-04T00:00:00.000Z,1,45041.0,2,,,909.0,0.0
2015-10-05T00:00:00.000Z,1,45079.0,0,,,282.0,0.0
2015-10-02T00:00:00.000Z,11,45051.0,2,,,1163.0,0.0
2015-06-03T00:00:00.000Z,11,45063.0,2,9491.66,0.0,9450.0,9491.66
2015-10-04T00:00:00.000Z,11,45079.0,4,140674.48,9600.0,121011.0,140674.48
2015-10-04T00:00:00.000Z,1,45079.0,4,73182.0,0.0,68469.0,73182.0
2015-10-04T00:00:00.000Z,1,45019.0,0,,,1151.0,0.0
2015-10-02T00:00:00.000Z,1,45051.0,4,48566.84,11392.88,48325.0,48566.84
2015-10-04T00:00:00.000Z,11,45051.0,0,757.44,0.0,2008.0,757.44
2015-10-02T00:00:00.000Z,1,45051.0,1,,,122.0,0.0
2015-10-04T00:00:00.000Z,1,45079.0,4,114404.95,0.0,87338.0,88768.67
2015-10-04T00:00:00.000Z,1,45031.0,2,7173.95,919.87,8099.0,7173.95
2015-10-03T00:00:00.000Z,1,45079.0,2,6899.06,0.0,5652.0,6899.06
2015-10-03T00:00:00.000Z,1,45019.0,4,140.11,0.0,1140.0,140.11
2015-10-04T00:00:00.000Z,4,45079.0,4,84462.24,13223.49,86462.0,84462.24
2015-10-04T00:00:00.000Z,1,45079.0,0,104046.38,0.0,106047.0,104046.38
2015-10-04T00:00:00.000Z,1,45019.0,4,95.37,0.0,3095.0,95.37
2015-10-03T00:00:00.000Z,1,45019.0,4,84366.39,35545.58,89367.0,84366.39
2015-10-03T00:00:00.000Z,1,45019.0,4,,,1906.0,0.0
2015-10-08T00:00:00.000Z,11,45089.0,0,102823.37,0.0,104074.0,102823.37
2015-10-04T00:00:00.000Z,1,45051.0,0,36166.26,0.0,37417.0,36166.26
2015-10-04T00:00:00.000Z,1,45089.0,4,30116.33,4111.27,29634.0,30116.33
2015-10-11T00:00:00.000Z,4,45051.0,2,219363.02,53680.7,220613.0,219363.02
2015-10-04T00:00:00.000Z,1,45085.0,0,965.0,0.0,2215.0,965.0
2015-10-04T00:00:00.000Z,6,45013.0,,,,,0.0
2015-10-04T00:00:00.000Z,1,45063.0,2,128331.73,0.0,121855.0,128331.73
2015-08-31T00:00:00.000Z,1,45019.0,2,16221.41,0.0,16710.0,16221.41
2015-10-05T00:00:00.000Z,1,45079.0,4,24146.61,0.0,19293.0,24146.61
2015-10-04T00:00:00.000Z,1,45079.0,4,30208.61,0.0,33986.0,30208.61
2015-10-02T00:00:00.000Z,11,45019.0,4,7555.35,0.0,8263.0,7555.35
2015-10-10T00:00:00.000Z,1,45043.0,4,20154.89,0.0,21405.0,20154.89
2015-10-04T00:00:00.000Z,11,45063.0,2,73411.66,3744.12,67463.0,73411.66
2015-10-03T00:00:00.000Z,1,45079.0,4,12058.44,1353.5,11767.0,12058.44
2015-10-05T00:00:00.000Z,4,45079.0,2,332800.0,57900.0,344533.0,332800.0
2015-10-03T00:00:00.000Z,1,45019.0,4,12324.85,0.0,14324.0,12324.85
2015-05-10T00:00:00.000Z,18,45051.0,4,15284.2,0.0,16534.0,15284.2
2015-10-05T00:00:00.000Z,11,45079.0,4,3764.35,0.0,4764.0,3764.35
2015-10-14T00:00:00.000Z,1,45043.0,2,8147.43,0.0,9397.0,8147.43
2015-10-02T00:00:00.000Z,1,45019.0,2,8279.96,0.0,6477.0,8279.96
2015-10-04T00:00:00.000Z,1,45063.0,4,65012.26,13338.7,64422.0,65012.26
2015-10-04T00:00:00.000Z,11,45019.0,4,11804.89,0.0,11156.0,11804.89
2015-10-30T00:00:00.000Z,1,45043.0,4,,,,0.0
2015-08-27T00:00:00.000Z,1,45051.0,0,32210.25,8582.28,34211.0,32210.25
2015-10-04T00:00:00.000Z,2,45019.0,4,,,,0.0
2015-10-04T00:00:00.000Z,1,45079.0,2,25518.68,0.0,21992.0,25518.68
2015-10-04T00:00:00.000Z,1,45079.0,4,31989.07,0.0,30005.0,31989.07
2015-10-05T00:00:00.000Z,2,45035.0,0,,,,0.0
2015-10-28T00:00:00.000Z,18,45051.0,1,824.44,0.0,2824.0,824.44
2015-10-03T00:00:00.000Z,11,45019.0,2,,,541.0,0.0
2015-10-04T00:00:00.000Z,11,45035.0,0,60835.41,24354.7,62086.0,60835.41
2015-10-03T00:00:00.000Z,11,45035.0,4,500.84,1142.89,5361.0,500.84
2015-09-29T00:00:00.000Z,11,45019.0,4,6512.52,0.0,7717.0,6512.52
2015-10-04T00:00:00.000Z,1,45029.0,4,,,,0.0
2015-10-02T00:00:00.000Z,1,45051.0,0,,,,0.0
2015-10-03T00:00:00.000Z,11,45015.0,0,5472.15,0.0,6723.0,5472.15
2015-10-04T00:00:00.000Z,11,45019.0,4,17987.0,0.0,16547.0,17987.0
2015-10-03T00:00:00.000Z,4,45019.0,4,3435.84,0.0,5435.0,3435.84
2015-10-04T00:00:00.000Z,1,45079.0,4,8524.72,0.0,10524.0,8524.72
2015-10-04T00:00:00.000Z,1,45019.0,0,,,,0.0
2015-10-03T00:00:00.000Z,1,45063.0,0,,,,0.0
2015-10-18T00:00:00.000Z,1,45019.0,4,,,,0.0
2015-10-04T00:00:00.000Z,4,45043.0,2,44710.9,0.0,46710.0,44710.9
2015-10-04T00:00:00.000Z,11,45079.0,2,76571.8,2063.9,70919.0,76571.8
2015-10-03T00:00:00.000Z,1,45079.0,2,21970.24,0.0,23970.0,21970.24
2015-10-04T00:00:00.000Z,11,45051.0,4,29101.17,0.0,27287.0,29101.17
2015-10-01T00:00:00.000Z,11,45063.0,2,,,1556.0,0.0
2015-10-03T00:00:00.000Z,1,45079.0,0,,,,0.0
2015-10-03T00:00:00.000Z,1,45051.0,4,8569.1,0.0,9819.0,8569.1
2015-10-02T00:00:00.000Z,11,45015.0,4,27171.45,8463.2,27249.0,27171.45
2015-10-04T00:00:00.000Z,1,45085.0,4,28960.09,0.0,30960.0,28960.09
2015-10-03T00:00:00.000Z,11,45019.0,0,,,1158.0,0.0
2015-11-09T00:00:00.000Z,1,45063.0,2,1741.12,0.0,2991.0,1741.12
2015-10-04T00:00:00.000Z,4,45085.0,4,,,3884.0,0.0
2015-10-04T00:00:00.000Z,1,45043.0,1,26022.43,0.0,20650.0,26022.43
2015-10-04T00:00:00.000Z,1,45079.0,4,512.75,0.0,2012.0,512.75
2015-10-05T00:00:00.000Z,11,45015.0,4,13014.29,0.0,15014.0,13014.29
2015-10-06T00:00:00.000Z,1,45063.0,2,67133.42,0.0,68726.0,67133.42
2015-10-03T00:00:00.000Z,1,45063.0,2,19392.13,280.09,14031.0,19392.13
2015-10-03T00:00:00.000Z,11,45019.0,4,738.67,0.0,1989.0,738.67
2015-10-04T00:00:00.000Z,1,45079.0,2,29342.22,6690.75,30592.0,29342.22
2015-10-02T00:00:00.000Z,1,45051.0,4,3009.55,0.0,4232.0,3009.55
2015-10-28T00:00:00.000Z,1,45051.0,1,,,171.0,0.0
2015-10-03T00:00:00.000Z,1,45019.0,4,,,559.0,0.0
2015-10-04T00:00:00.000Z,1,45019.0,4,13950.13,0.0,14816.0,13950.13
2015-10-04T00:00:00.000Z,11,45079.0,2,24278.05,27991.92,25278.0,24278.05
2015-10-04T00:00:00.000Z,2,45043.0,2,11722.1,0.0,13722.0,11722.1
2015-10-04T00:00:00.000Z,1,45089.0,4,123400.0,0.0,140781.0,123400.0
2015-10-06T00:00:00.000Z,1,45051.0,2,2396.64,0.0,3646.0,2396.64
2015-10-03T00:00:00.000Z,11,45035.0,4,39373.25,23299.99,38963.0,39373.25
2015-10-03T00:00:00.000Z,1,45063.0,4,34769.9,0.0,39770.0,34769.9
2015-10-03T00:00:00.000Z,1,45019.0,4,383.29,0.0,1633.0,383.29
2015-10-04T00:00:00.000Z,11,45085.0,2,17446.78,0.0,22447.0,17446.78
2015-10-02T00:00:00.000Z,1,45051.0,4,613.13,0.0,1863.0,613.13
2015-10-05T00:00:00.000Z,11,45019.0,4,,,,0.0
2015-10-21T00:00:00.000Z,1,45019.0,4,8651.18,0.0,9901.0,8651.18
2015-10-04T00:00:00.000Z,11,45019.0,2,3469.3,0.0,4719.0,3469.3
2015-10-04T00:00:00.000Z,1,45085.0,0,1213.96,0.0,2464.0,1213.96
2015-10-16T00:00:00.000Z,1,45019.0,4,,,3087.0,0.0
2015-10-02T00:00:00.000Z,1,45041.0,0,18323.64,0.0,19324.0,18323.64
2015-10-04T00:00:00.000Z,1,45079.0,4,250000.0,0.0,344128.0,250000.0
2015-10-04T00:00:00.000Z,1,45035.0,4,22072.14,0.0,19356.0,22072.14
2015-08-31T00:00:00.000Z,6,45019.0,4,500000.0,0.0,553897.0,500000.0
2015-10-03T00:00:00.000Z,11,45019.0,1,19012.02,7981.45,23262.0,19012.02
2015-10-04T00:00:00.000Z,1,45063.0,2,36232.44,0.0,38232.0,36232.44
2015-10-03T00:00:00.000Z,1,45079.0,4,,,,0.0
2015-10-03T00:00:00.000Z,1,45019.0,4,3263.4,0.0,4513.0,3263.4
2015-10-03T00:00:00.000Z,11,45019.0,4,17040.47,0.0,18290.0,17040.47
2015-10-03T00:00:00.000Z,1,45013.0,4,,,,0.0
2015-10-04T00:00:00.000Z,4,45089.0,2,170939.83,0.0,175939.0,170939.83
2015-10-03T00:00:00.000Z,1,45041.0,4,6769.43,0.0,7490.0,6769.43
2015-10-03T00:00:00.000Z,1,45015.0,4,,,831.0,0.0
2015-10-12T00:00:00.000Z,1,45019.0,2,3012.94,0.0,4599.0,3012.94
2015-10-08T00:00:00.000Z,1,45043.0,2,55685.59,27721.19,57685.0,55685.59
2015-10-05T00:00:00.000Z,1,45079.0,4,1589.55,0.0,2590.0,1589.55
2015-09-01T00:00:00.000Z,1,45019.0,4,2017.48,0.0,4017.0,2017.48
2015-10-07T00:00:00.000Z,1,45079.0,4,,,,0.0
2015-10-12T00:00:00.000Z,11,45019.0,4,,,,0.0
2015-10-05T00:00:00.000Z,1,45079.0,4,214480.25,25000.0,200032.0,214480.25
2015-05-10T00:00:00.000Z,1,45051.0,0,,,893.0,0.0
2015-08-31T00:00:00.000Z,1,45015.0,4,4449.39,0.0,5237.0,4449.39
2015-10-02T00:00:00.000Z,6,45051.0,4,119614.14,35154.29,120614.0,119614.14
2015-10-06T00:00:00.000Z,1,45075.0,0,10513.54,2755.15,11764.0,10513.54
2015-10-04T00:00:00.000Z,11,45063.0,2,107760.67,0.0,85742.0,107760.67
2015-10-03T00:00:00.000Z,11,45019.0,4,2347.51,0.0,3605.0,2347.51
2015-10-04T00:00:00.000Z,1,45063.0,2,74574.02,0.0,64137.0,74574.02
2015-10-04T00:00:00.000Z,1,45019.0,4,,,,0.0
2015-10-04T00:00:00.000Z,1,45019.0,4,38869.41,6719.09,37212.0,38869.41
2015-10-04T00:00:00.000Z,15,45043.0,,,,,0.0
2015-10-04T00:00:00.000Z,6,45019.0,2,76330.03,0.0,81330.0,76330.03
2015-10-03T00:00:00.000Z,1,45015.0,4,8544.59,0.0,10544.0,8544.59
2015-10-04T00:00:00.000Z,11,45079.0,2,250000.0,100000.0,242134.0,250000.0
2015-10-04T00:00:00.000Z,1,45079.0,2,105269.22,0.0,107269.0,105269.22
2015-10-04T00:00:00.000Z,14,45051.0,4,2395.16,0.0,6116.0,2395.16
2015-10-04T00:00:00.000Z,1,45089.0,2,207800.0,0.0,196089.0,207800.0
2015-10-04T00:00:00.000Z,1,45051.0,0,15546.06,0.0,17547.0,15546.06
2015-10-09T00:00:00.000Z,1,45051.0,2,9529.66,0.0,11030.0,9529.66
2015-10-04T00:00:00.000Z,1,45019.0,4,,,2257.0,0.0
2015-10-03T00:00:00.000Z,11,45035.0,2,51902.54,0.0,51061.0,51902.54
2015-10-03T00:00:00.000Z,1,45051.0,4,7736.3,0.0,8305.0,7736.3
2015-10-03T00:00:00.000Z,11,45019.0,2,,,,0.0
2015-10-02T00:00:00.000Z,1,45043.0,4,17054.27,0.0,16954.0,17054.27
2015-10-03T00:00:00.000Z,1,45019.0,2,8164.64,2299.96,8704.0,8164.64
2015-10-03T00:00:00.000Z,1,45063.0,2,13281.98,0.0,18282.0,13281.98
2015-10-04T00:00:00.000Z,1,45041.0,4,11035.27,0.0,11347.0,11035.27
2015-10-04T00:00:00.000Z,11,45027.0,4,12008.47,0.0,12587.0,12008.47
2015-10-04T00:00:00.000Z,11,45043.0,2,,,1103.0,0.0
2015-10-05T00:00:00.000Z,1,45019.0,4,13484.38,0.0,13008.0,13484.38
2015-10-07T00:00:00.000Z,11,45079.0,4,5678.7,0.0,5896.0,5678.7
2015-10-01T00:00:00.000Z,11,45051.0,0,10069.6,0.0,15070.0,10069.6
2015-10-04T00:00:00.000Z,11,45079.0,4,116993.92,12445.0,105539.0,116993.92
2015-10-03T00:00:00.000Z,11,45019.0,1,,,479.0,0.0
2015-10-05T00:00:00.000Z,11,45041.0,4,4655.32,5436.33,4869.0,4655.32
2015-10-02T00:00:00.000Z,1,45051.0,4,8396.31,1798.69,8849.0,8396.31
2015-10-04T00:00:00.000Z,1,45063.0,2,13305.9,0.0,15306.0,13305.9
2015-10-08T00:00:00.000Z,6,45019.0,2,37643.4,0.0,39643.0,37643.4
2015-10-03T00:00:00.000Z,1,45019.0,4,2304.33,0.0,3554.0,2304.33
2015-10-09T00:00:00.000Z,11,45051.0,4,4889.99,0.0,6140.0,4889.99
2015-10-04T00:00:00.000Z,1,45075.0,4,,,169.0,0.0
2015-10-03T00:00:00.000Z,11,45035.0,4,19243.97,1879.27,18731.0,19243.97
2015-10-04T00:00:00.000Z,1,45079.0,2,29121.73,0.0,32122.0,29121.73
2015-10-04T00:00:00.000Z,11,45079.0,2,2690.22,0.0,3271.0,2690.22
2015-10-04T00:00:00.000Z,2,45019.0,4,,,,0.0
2015-10-05T00:00:00.000Z,1,45079.0,4,14847.13,0.0,16847.0,14847.13
2015-10-03T00:00:00.000Z,6,45019.0,4,0.0,124631.17,,0.0
2015-12-31T00:00:00.000Z,11,45003.0,2,16791.03,0.0,14230.0,16791.03
2015-10-04T00:00:00.000Z,6,45019.0,,,,,0.0
2015-10-04T00:00:00.000Z,1,45019.0,4,,,,0.0
2015-10-02T00:00:00.000Z,11,45019.0,4,6229.11,1328.22,7479.0,6229.11
2015-10-05T00:00:00.000Z,1,45051.0,4,10611.45,0.0,12611.0,10611.45
2015-10-03T00:00:00.000Z,1,45015.0,2,11369.26,4207.71,12106.0,11369.26
2015-10-04T00:00:00.000Z,1,45063.0,2,38246.02,0.0,38840.0,38246.02
2015-10-04T00:00:00.000Z,1,45043.0,2,19373.97,3240.91,20373.0,19373.97
2015-10-03T00:00:00.000Z,1,45019.0,4,15632.73,3895.4,15696.0,15632.73
2015-10-04T00:00:00.000Z,1,45079.0,2,50804.62,0.0,40939.0,50804.62
2015-10-03T00:00:00.000Z,3,45019.0,4,,,130.0,0.0
2015-09-28T00:00:00.000Z,1,45051.0,4,10655.14,0.0,12655.0,10655.14
2015-10-03T00:00:00.000Z,11,45035.0,2,289.73,0.0,1540.0,289.73
2015-10-04T00:00:00.000Z,1,45079.0,4,163272.77,0.0,136182.0,163272.77
2015-10-03T00:00:00.000Z,1,45079.0,4,56669.59,0.0,61670.0,56669.59
2015-08-31T00:00:00.000Z,1,45019.0,2,43650.26,11600.0,44650.0,43650.26
2015-10-04T00:00:00.000Z,1,45019.0,0,,,,0.0
2015-10-03T00:00:00.000Z,1,45019.0,2,,,584.0,0.0
2015-10-03T00:00:00.000Z,11,45019.0,4,19025.71,6172.58,19315.0,19025.71
2015-10-04T00:00:00.000Z,1,45055.0,4,,,,0.0
2015-10-04T00:00:00.000Z,1,45055.0,4,43846.63,2631.07,41807.0,43846.63
2015-10-03T00:00:00.000Z,1,45019.0,,,,,0.0
2015-10-04T00:00:00.000Z,1,45079.0,4,14752.69,0.0,15896.0,14752.69
2015-10-04T00:00:00.000Z,1,45079.0,2,162807.9,0.0,150382.0,162807.9
2015-10-04T00:00:00.000Z,1,45079.0,4,33718.9,0.0,25998.0,33718.9
2015-10-04T00:00:00.000Z,1,45019.0,2,,,1452.0,0.0
2015-10-02T00:00:00.000Z,11,45051.0,4,6969.7,0.0,8918.0,6969.7
2015-10-04T00:00:00.000Z,1,45063.0,2,267.47,0.0,1517.0,267.47
2015-10-02T00:00:00.000Z,11,45051.0,4,3918.74,0.0,4806.0,3918.74
2015-10-03T00:00:00.000Z,1,45019.0,1,35889.64,9280.94,40889.0,35889.64
2015-10-05T00:00:00.000Z,1,45051.0,2,13468.09,0.0,14468.0,13468.09
2015-10-04T00:00:00.000Z,1,45019.0,2,,,4025.0,0.0
2015-10-08T00:00:00.000Z,11,45043.0,2,61919.47,0.0,66919.0,61919.47
2015-10-03T00:00:00.000Z,1,45035.0,4,48587.87,70434.71,49837.0,48587.87
2015-10-05T00:00:00.000Z,1,45051.0,4,,,,0.0
2015-10-02T00:00:00.000Z,11,45019.0,0,19466.26,8927.87,21467.0,19466.26
2015-10-05T00:00:00.000Z,1,45051.0,2,,,,0.0
2015-10-03T00:00:00.000Z,1,45051.0,4,4839.92,0.0,6840.0,4839.92
2015-10-04T00:00:00.000Z,1,45079.0,2,74859.51,0.0,72183.0,74859.51
2015-10-05T00:00:00.000Z,1,45019.0,4,,,,0.0
2015-10-06T00:00:00.000Z,11,45043.0,2,250000.0,0.0,257054.0,250000.0
2015-10-04T00:00:00.000Z,1,45079.0,4,85000.0,0.0,90811.0,85000.0
2015-10-03T00:00:00.000Z,11,45051.0,0,18752.24,0.0,20003.0,18752.24
2015-10-03T00:00:00.000Z,11,45019.0,2,941.77,0.0,2191.0,941.77
2015-10-04T00:00:00.000Z,11,45019.0,4,228.22,0.0,1478.0,228.22
2015-10-05T00:00:00.000Z,1,45055.0,0,,,,0.0
2015-10-10T00:00:00.000Z,1,45029.0,2,,,410.0,0.0
2015-10-04T00:00:00.000Z,11,45043.0,0,,,,0.0
2015-10-09T00:00:00.000Z,1,45041.0,2,5440.53,0.0,6808.0,5440.53
2015-10-03T00:00:00.000Z,4,45019.0,4,,,4933.0,0.0
2015-10-04T00:00:00.000Z,1,45051.0,0,10122.54,0.0,11123.0,10122.54
2015-10-04T00:00:00.000Z,1,45079.0,2,14030.93,0.0,18031.0,14030.93
2015-10-07T00:00:00.000Z,1,45051.0,0,3225.38,0.0,4727.0,3225.38
2015-10-03T00:00:00.000Z,1,45019.0,4,24136.04,6515.96,20935.0,24136.04
2015-10-04T00:00:00.000Z,1,45035.0,2,7955.39,0.0,8165.0,7955.39
2015-10-03T00:00:00.000Z,11,45019.0,3,16192.81,0.0,15912.0,16192.81
2015-10-03T00:00:00.000Z,1,45019.0,4,,,,0.0
2015-10-04T00:00:00.000Z,1,45063.0,4,8619.53,0.0,10619.0,8619.53
2015-10-05T00:00:00.000Z,15,45043.0,,,,,0.0
2015-10-03T00:00:00.000Z,11,45019.0,4,13058.23,0.0,10959.0,13058.23
2015-10-04T00:00:00.000Z,11,45043.0,1,63375.01,0.0,58563.0,63375.01
2015-10-04T00:00:00.000Z,1,45079.0,2,3854.58,0.0,3369.0,3854.58
2015-10-03T00:00:00.000Z,1,45019.0,4,,,4399.0,0.0
2015-10-04T00:00:00.000Z,1,45051.0,0,1869.15,0.0,3870.0,1869.15
2015-10-02T00:00:00.000Z,14,45051.0,2,,,1315.0,0.0
2015-10-04T00:00:00.000Z,6,45079.0,4,,,31218.0,0.0
2015-10-03T00:00:00.000Z,11,45019.0,4,26710.13,0.0,25665.0,26710.13
2015-10-31T00:00:00.000Z,11,45019.0,4,5132.86,0.0,6015.0,5132.86
2015-10-03T00:00:00.000Z,1,45019.0,4,9831.37,0.0,13717.0,9831.37
2015-10-04T00:00:00.000Z,11,45019.0,1,1009.65,0.0,6009.0,1009.65
2015-10-04T00:00:00.000Z,1,45063.0,2,10789.73,6899.46,10293.0,10789.73
2015-10-03T00:00:00.000Z,1,45063.0,2,12777.39,12853.38,13672.0,12777.39
2015-08-31T00:00:00.000Z,1,45019.0,4,5592.03,0.0,9592.0,5592.03
2015-10-03T00:00:00.000Z,1,45035.0,4,37636.41,0.0,42636.0,37636.41
2015-10-09T00:00:00.000Z,1,45051.0,4,16297.42,0.0,17297.0,16297.42
2015-10-04T00:00:00.000Z,1,45079.0,2,250000.0,100000.0,237058.0,250000.0
2015-10-04T00:00:00.000Z,11,45019.0,4,1884.38,0.0,3134.0,1884.38
2015-10-03T00:00:00.000Z,1,45019.0,4,57423.78,10229.88,55711.0,57423.78
2015-10-03T00:00:00.000Z,3,45063.0,2,100178.29,0.0,105178.0,100178.29
2015-10-03T00:00:00.000Z,1,45019.0,4,7579.96,0.0,7408.0,7579.96
2015-10-27T00:00:00.000Z,2,45019.0,2,13327.02,0.0,15327.0,13327.02
2015-10-03T00:00:00.000Z,11,45019.0,4,7791.46,0.0,8592.0,7791.46
2015-10-03T00:00:00.000Z,1,45043.0,2,31438.69,74969.97,34439.0,31438.69
2015-10-04T00:00:00.000Z,1,45047.0,2,19245.58,3602.06,17781.0,19245.58
2015-10-03T00:00:00.000Z,2,45019.0,4,,,3861.0,0.0
2015-10-03T00:00:00.000Z,1,45019.0,4,34498.28,0.0,32783.0,34498.28
2015-10-04T00:00:00.000Z,1,45079.0,4,6057.65,0.0,7308.0,6057.65
2015-10-11T00:00:00.000Z,6,45079.0,4,43237.71,0.0,48237.0,43237.71
2015-10-04T00:00:00.000Z,11,45079.0,4,19458.43,1218.61,18504.0,19458.43
2015-10-06T00:00:00.000Z,1,45043.0,2,117987.14,0.0,109751.0,117987.14
2015-10-04T00:00:00.000Z,11,45063.0,4,7460.71,0.0,11776.0,7460.71
2015-10-03T00:00:00.000Z,11,45019.0,4,8436.78,0.0,5995.0,8436.78
2015-10-04T00:00:00.000Z,1,45019.0,4,669.49,0.0,1919.0,669.49
2015-10-04T00:00:00.000Z,1,45019.0,4,3722.41,0.0,5722.0,3722.41
2015-10-03T00:00:00.000Z,1,45019.0,4,17039.96,0.0,19039.0,17039.96
2015-10-04T00:00:00.000Z,1,45079.0,2,3498.91,0.0,3766.0,3498.91
2015-10-05T00:00:00.000Z,2,45035.0,0,,,,0.0
2015-10-04T00:00:00.000Z,11,45063.0,0,,,538.0,0.0
2015-10-03T00:00:00.000Z,4,45019.0,4,32783.53,6733.61,34783.0,32783.53
2015-10-04T00:00:00.000Z,1,45055.0,4,5467.14,0.0,5972.0,5467.14
2015-10-03T00:00:00.000Z,4,45019.0,4,15000.0,0.0,16012.0,15000.0
2015-10-02T00:00:00.000Z,1,45051.0,4,29952.09,0.0,27937.0,29952.09
2015-10-02T00:00:00.000Z,11,45041.0,4,795.37,0.0,1795.0,795.37
2015-10-04T00:00:00.000Z,3,45079.0,0,,,1909.0,0.0
2015-10-03T00:00:00.000Z,1,45019.0,0,,,,0.0
2015-10-02T00:00:00.000Z,1,45019.0,4,623.22,0.0,5526.0,623.22
2015-10-03T00:00:00.000Z,1,45019.0,4,26216.36,1513.89,21585.0,26216.36
2015-10-04T00:00:00.000Z,1,45079.0,2,122799.26,0.0,105533.0,122799.26
2015-10-04T00:00:00.000Z,1,45079.0,4,15700.0,3924.92,17751.0,15700.0
2015-10-04T00:00:00.000Z,11,45079.0,2,2953.72,772.77,3995.0,2953.72
2015-10-03T00:00:00.000Z,14,45051.0,2,,,588.0,0.0
2015-10-03T00:00:00.000Z,11,45019.0,2,892.25,0.0,2142.0,892.25
2015-10-03T00:00:00.000Z,1,45051.0,4,1831.85,0.0,3082.0,1831.85
2015-10-03T00:00:00.000Z,11,45019.0,4,895.95,0.0,1910.0,895.95
2015-12-22T00:00:00.000Z,1,45081.0,4,587.57,0.0,1516.0,587.57
2015-10-03T00:00:00.000Z,11,45019.0,3,11096.75,0.0,12435.0,11096.75
2015-10-03T00:00:00.000Z,11,45035.0,4,35312.92,0.0,33942.0,35312.92
2015-10-04T00:00:00.000Z,11,45015.0,2,2579.72,0.0,4580.0,2579.72
2015-10-05T00:00:00.000Z,11,45043.0,2,1093.98,0.0,2344.0,1093.98
2015-10-03T00:00:00.000Z,1,45015.0,4,2177.24,17733.23,2738.0,2177.24
2015-10-01T00:00:00.000Z,1,45051.0,4,,,714.0,0.0
2015-10-04T00:00:00.000Z,1,45019.0,4,102.52,0.0,3102.0,102.52
2015-12-29T00:00:00.000Z,11,45055.0,2,,,1720.0,0.0
2015-10-06T00:00:00.000Z,1,45051.0,1,,,669.0,0.0
2015-10-04T00:00:00.000Z,1,45063.0,2,63734.85,22100.0,57339.0,63734.85
2015-10-05T00:00:00.000Z,1,45019.0,4,6832.64,0.0,8082.0,6832.64
2015-10-03T00:00:00.000Z,11,45019.0,4,18603.56,0.0,18666.0,18603.56
2015-10-04T00:00:00.000Z,1,45079.0,2,250000.0,0.0,244246.0,250000.0
2015-11-09T00:00:00.000Z,1,45019.0,4,1082.25,0.0,2332.0,1082.25
2015-10-04T00:00:00.000Z,1,45063.0,2,16463.18,0.0,21463.0,16463.18
2015-10-03T00:00:00.000Z,1,45019.0,4,22292.87,10766.2,23293.0,22292.87
2015-10-10T00:00:00.000Z,1,45019.0,0,,,,0.0
2015-12-31T00:00:00.000Z,11,45021.0,4,1793.3,0.0,3043.0,1793.3
2015-10-09T00:00:00.000Z,15,45079.0,2,30940.62,0.0,35940.0,30940.62
2015-10-04T00:00:00.000Z,1,45079.0,2,218124.81,37608.24,184107.0,218124.81
2015-10-01T00:00:00.000Z,15,45051.0,,,,,0.0
2015-10-05T00:00:00.000Z,1,45051.0,4,9616.05,0.0,6148.0,9616.05
2015-10-04T00:00:00.000Z,11,45079.0,2,163525.44,30500.0,137034.0,163525.44
2015-10-04T00:00:00.000Z,11,45079.0,2,,,1116.0,0.0
2015-10-04T00:00:00.000Z,11,45019.0,4,,,187.0,0.0
2015-10-04T00:00:00.000Z,1,45079.0,2,20000.0,0.0,30079.0,20000.0
2015-10-04T00:00:00.000Z,1,45043.0,2,7646.03,0.0,8646.0,7646.03
2015-10-05T00:00:00.000Z,11,45019.0,2,1100.23,0.0,2350.0,1100.23
2015-10-03T00:00:00.000Z,11,45019.0,2,,,898.0,0.0
2015-10-04T00:00:00.000Z,11,45063.0,4,2928.16,0.0,3715.0,2928.16
2015-10-03T00:00:00.000Z,11,45019.0,0,,,1209.0,0.0
2015-10-04T00:00:00.000Z,1,45027.0,0,,,,0.0
2015-10-05T00:00:00.000Z,11,45035.0,4,14625.74,0.0,15150.0,14625.74
2015-10-04T00:00:00.000Z,6,45019.0,,,,,0.0
2015-10-05T00:00:00.000Z,11,45051.0,4,3091.26,0.0,8091.0,3091.26
2015-10-03T00:00:00.000Z,1,45015.0,0,,,,0.0
2015-10-09T00:00:00.000Z,15,45043.0,,,,,0.0
2015-10-04T00:00:00.000Z,11,45085.0,4,22505.69,0.0,24506.0,22505.69
2015-10-05T00:00:00.000Z,1,45051.0,2,14250.83,0.0,13987.0,14250.83
2015-10-03T00:00:00.000Z,1,45035.0,0,83080.07,37187.66,84331.0,83080.07
2015-10-05T00:00:00.000Z,3,45035.0,0,,,,0.0
2015-10-05T00:00:00.000Z,4,45051.0,4,1024.08,0.0,6024.0,1024.08
2015-10-03T00:00:00.000Z,1,45079.0,3,15091.8,0.0,16740.0,15091.8
2015-10-03T00:00:00.000Z,11,45051.0,0,31703.75,20655.74,32954.0,31703.75
2015-09-25T00:00:00.000Z,1,45051.0,1,4758.25,0.0,6758.0,4758.25
2015-10-04T00:00:00.000Z,11,45071.0,0,,,,0.0
2015-10-03T00:00:00.000Z,1,45013.0,4,15132.44,0.0,14796.0,15132.44
2015-10-04T00:00:00.000Z,1,45051.0,2,97666.27,15103.5,98916.0,97666.27
2015-10-05T00:00:00.000Z,14,45041.0,4,8622.97,0.0,9622.0,8622.97
2015-10-04T00:00:00.000Z,11,45043.0,2,47157.75,17545.32,38743.0,47157.75
2015-10-04T00:00:00.000Z,1,45079.0,4,61571.0,0.0,52434.0,61571.0
2015-10-03T00:00:00.000Z,4,45079.0,4,84100.0,0.0,102197.0,84100.0
2015-10-04T00:00:00.000Z,1,45085.0,4,11389.1,0.0,11321.0,11389.1
2015-10-04T00:00:00.000Z,1,45019.0,2,13130.34,0.0,12945.0,13130.34
2015-10-05T00:00:00.000Z,1,45089.0,0,,,,0.0
2015-10-03T00:00:00.000Z,1,45035.0,4,26982.7,0.0,28233.0,26982.7
2015-10-03T00:00:00.000Z,1,45019.0,4,19912.56,0.0,23174.0,19912.56
2015-10-04T00:00:00.000Z,1,45043.0,4,9365.58,0.0,10391.0,9365.58
2015-10-03T00:00:00.000Z,13,45085.0,0,,,,0.0
2015-10-04T00:00:00.000Z,18,45063.0,4,500000.0,0.0,654401.0,500000.0
2015-10-04T00:00:00.000Z,1,45029.0,4,5259.61,0.0,7259.0,5259.61
2015-10-04T00:00:00.000Z,1,45051.0,0,,,1072.0,0.0
2015-10-31T00:00:00.000Z,1,45019.0,0,,,,0.0
2015-10-04T00:00:00.000Z,1,45041.0,0,75541.81,0.0,76792.0,75541.81
2015-10-04T00:00:00.000Z,11,45019.0,4,12564.33,0.0,12464.0,12564.33
2015-08-31T00:00:00.000Z,1,45019.0,4,11428.94,0.0,15638.0,11428.94
2015-10-04T00:00:00.000Z,11,45019.0,4,27516.97,0.0,28766.0,27516.97
2015-10-05T00:00:00.000Z,1,45051.0,4,902.39,0.0,1902.0,902.39
2015-10-04T00:00:00.000Z,11,45079.0,4,48053.01,18642.99,43618.0,48053.01
2015-10-03T00:00:00.000Z,1,45015.0,4,33000.0,10500.0,35389.0,33000.0
2015-10-04T00:00:00.000Z,11,45079.0,2,24627.35,642.12,21672.0,24627.35
2015-10-04T00:00:00.000Z,1,45079.0,2,26833.93,0.0,28834.0,26833.93
2015-10-03T00:00:00.000Z,3,45019.0,4,,,150.0,0.0
2015-10-03T00:00:00.000Z,1,45051.0,4,13784.51,0.0,13954.0,13784.51
2015-10-22T00:00:00.000Z,1,45019.0,1,7380.09,0.0,7424.0,7380.09
2015-10-02T00:00:00.000Z,1,45051.0,0,1156.36,0.0,2407.0,1156.36
2015-10-02T00:00:00.000Z,1,45019.0,4,27562.89,0.0,27649.0,27562.89
2015-10-06T00:00:00.000Z,1,45035.0,0,7745.9,0.0,12265.0,7745.9
2015-10-04T00:00:00.000Z,11,45041.0,2,72337.19,27100.0,60653.0,72337.19
2015-10-04T00:00:00.000Z,11,45051.0,2,9430.72,0.0,9413.0,9430.72
2015-10-03T00:00:00.000Z,1,45079.0,4,,,2295.0,0.0
2015-10-03T00:00:00.000Z,1,45035.0,2,2366.91,0.0,3392.0,2366.91
2015-12-31T00:00:00.000Z,11,45003.0,0,,,,0.0
2015-09-28T00:00:00.000Z,1,45043.0,4,,,,0.0
2015-10-04T00:00:00.000Z,1,45063.0,4,79900.0,19352.34,85157.0,79900.0
2015-10-04T00:00:00.000Z,1,45019.0,1,7272.78,0.0,8524.0,7272.78
2015-10-02T00:00:00.000Z,1,45051.0,4,8451.1,0.0,9701.0,8451.1
2015-10-04T00:00:00.000Z,1,45019.0,4,37546.65,0.0,38547.0,37546.65
2015-10-05T00:00:00.000Z,1,45051.0,2,147590.96,42000.0,149591.0,147590.96
2015-10-01T00:00:00.000Z,1,45051.0,4,16890.0,0.0,16831.0,16890.0
2015-10-02T00:00:00.000Z,1,45019.0,4,17685.92,0.0,19685.0,17685.92
2015-10-04T00:00:00.000Z,1,45079.0,4,12020.44,1179.33,13020.0,12020.44
2015-11-06T00:00:00.000Z,11,45013.0,0,,,,0.0
2015-10-04T00:00:00.000Z,6,45019.0,,,,,0.0
2015-10-04T00:00:00.000Z,1,45019.0,4,,,,0.0
2015-10-04T00:00:00.000Z,16,45051.0,4,5404.62,5078.16,6404.0,5404.62
2015-10-04T00:00:00.000Z,11,45051.0,4,6419.79,7957.04,6590.0,6419.79
2015-10-04T00:00:00.000Z,12,45079.0,2,72949.7,0.0,77949.0,72949.7
2015-10-04T00:00:00.000Z,1,45063.0,2,38922.24,1000.0,40172.0,38922.24
2015-10-04T00:00:00.000Z,1,45019.0,0,5251.51,0.0,7252.0,5251.51
2015-10-03T00:00:00.000Z,11,45019.0,4,7339.26,0.0,8050.0,7339.26
2015-10-04T00:00:00.000Z,3,45079.0,2,28570.67,0.0,29506.0,28570.67
2015-10-04T00:00:00.000Z,11,45035.0,2,33977.32,0.0,35227.0,33977.32
2015-10-04T00:00:00.000Z,11,45051.0,0,,,470.0,0.0
2015-10-02T00:00:00.000Z,1,45067.0,4,9189.59,0.0,10189.0,9189.59
2015-08-31T00:00:00.000Z,1,45019.0,2,8100.65,0.0,8317.0,8100.65
2015-10-03T00:00:00.000Z,1,45019.0,4,23157.5,0.0,25158.0,23157.5
2015-10-02T00:00:00.000Z,1,45051.0,0,,,,0.0
2015-10-04T00:00:00.000Z,1,45063.0,4,11760.52,0.0,13760.0,11760.52
2015-10-03T00:00:00.000Z,11,45019.0,4,38259.21,1943.0,32998.0,38259.21
2015-10-04T00:00:00.000Z,1,45051.0,4,4011.35,0.0,4707.0,4011.35
2015-10-03T00:00:00.000Z,11,45043.0,0,35576.15,1929.78,36827.0,35576.15
2015-10-03T00:00:00.000Z,11,45035.0,4,49463.12,5824.19,45586.0,49463.12
2015-10-04T00:00:00.000Z,11,45035.0,0,,,,0.0
2015-10-04T00:00:00.000Z,1,45079.0,4,8316.42,0.0,9089.0,8316.42
2015-10-04T00:00:00.000Z,11,45079.0,4,14801.27,0.0,13792.0,14801.27
2015-10-03T00:00:00.000Z,1,45015.0,4,,,354.0,0.0
2015-10-03T00:00:00.000Z,1,45019.0,4,10027.12,0.0,12027.0,10027.12
2015-10-07T00:00:00.000Z,1,45063.0,0,,,,0.0
2015-10-03T00:00:00.000Z,11,45089.0,0,55000.0,0.0,56000.0,55000.0
2015-10-04T00:00:00.000Z,1,45019.0,0,,,,0.0
2015-10-03T00:00:00.000Z,1,45079.0,2,9478.05,0.0,9561.0,9478.05
2015-10-04T00:00:00.000Z,11,45019.0,4,,,1677.0,0.0
2015-10-09T00:00:00.000Z,11,45029.0,2,5821.46,0.0,7071.0,5821.46
2015-10-05T00:00:00.000Z,1,45051.0,2,66.68,0.0,1067.0,66.68
2015-10-04T00:00:00.000Z,1,45079.0,4,222161.78,0.0,204239.0,222161.78
2015-10-04T00:00:00.000Z,11,45079.0,2,14636.39,0.0,16636.0,14636.39
2015-10-04T00:00:00.000Z,1,45019.0,4,660.67,0.0,3660.0,660.67
2015-12-29T00:00:00.000Z,12,45051.0,4,1949.01,0.0,3949.0,1949.01
2015-10-03T00:00:00.000Z,2,45051.0,0,2712.78,0.0,4713.0,2712.78
2015-10-04T00:00:00.000Z,1,45079.0,2,198109.87,71898.78,160073.0,198109.87
2015-10-03T00:00:00.000Z,11,45019.0,4,13677.69,0.0,12688.0,13677.69
2015-10-04T00:00:00.000Z,1,45051.0,,,,,0.0
2015-10-01T00:00:00.000Z,1,45019.0,2,23923.31,1656.24,23238.0,23923.31
2015-10-05T00:00:00.000Z,1,45081.0,4,1555.35,0.0,6332.0,1555.35
2015-10-03T00:00:00.000Z,6,45063.0,2,,,5363.0,0.0
2015-10-04T00:00:00.000Z,1,45015.0,4,,,582.0,0.0
2015-10-10T00:00:00.000Z,1,45029.0,2,7896.17,0.0,9741.0,7896.17
2015-10-03T00:00:00.000Z,1,45019.0,2,3983.79,0.0,5983.0,3983.79
2015-10-04T00:00:00.000Z,11,45079.0,2,22921.85,7224.6,22277.0,22921.85
2015-10-03T00:00:00.000Z,1,45019.0,2,21318.34,0.0,22251.0,21318.34
2015-10-03T00:00:00.000Z,11,45063.0,4,105763.02,0.0,99652.0,105763.02
2015-10-04T00:00:00.000Z,1,45063.0,2,9451.48,0.0,14451.0,9451.48
2015-10-03T00:00:00.000Z,1,45029.0,1,10256.42,2442.47,12256.0,10256.42
2015-08-31T00:00:00.000Z,1,45019.0,4,24023.94,8230.24,22352.0,24023.94
2015-10-03T00:00:00.000Z,11,45051.0,4,9758.22,0.0,9788.0,9758.22
2015-10-04T00:00:00.000Z,11,45085.0,4,14968.24,0.0,14621.0,14968.24
2015-10-01T00:00:00.000Z,1,45013.0,4,,,1467.0,0.0
2015-10-04T00:00:00.000Z,3,45019.0,2,27767.06,0.0,26854.0,27767.06
2015-09-29T00:00:00.000Z,11,45015.0,2,12772.06,18655.3,13197.0,12772.06
2015-10-03T00:00:00.000Z,1,45079.0,0,,,,0.0
2015-10-03T00:00:00.000Z,11,45035.0,4,3549.58,452.08,4800.0,3549.58
2015-10-04T00:00:00.000Z,11,45019.0,4,9406.71,2540.04,10298.0,9406.71
2015-10-04T00:00:00.000Z,11,45035.0,4,5293.97,0.0,5381.0,5293.97
2015-10-04T00:00:00.000Z,1,45063.0,2,24118.12,0.0,26257.0,24118.12
2015-10-03T00:00:00.000Z,1,45043.0,4,,,785.0,0.0
2015-10-03T00:00:00.000Z,11,45019.0,4,3578.01,1218.2,4882.0,3578.01
2015-10-04T00:00:00.000Z,2,45019.0,2,2313.28,0.0,7313.0,2313.28
2015-10-04T00:00:00.000Z,15,45043.0,,,,,0.0
2015-10-03T00:00:00.000Z,1,45063.0,0,36764.71,9944.61,37765.0,36764.71
2015-10-05T00:00:00.000Z,6,45063.0,2,0.0,69572.57,826.0,0.0
2015-12-31T00:00:00.000Z,1,45063.0,2,21022.77,0.0,23022.0,21022.77
2015-10-03T00:00:00.000Z,1,45051.0,2,756.36,0.0,1934.0,756.36
2015-10-05T00:00:00.000Z,11,45019.0,4,5607.67,0.0,4401.0,5607.67
2015-10-04T00:00:00.000Z,1,45019.0,4,38759.18,0.0,40009.0,38759.18
2015-10-03T00:00:00.000Z,11,45019.0,2,1090.27,0.0,2340.0,1090.27
2015-10-03T00:00:00.000Z,1,45019.0,4,9625.1,88.88,11296.0,9625.1
2015-10-03T00:00:00.000Z,1,45015.0,4,41329.7,8443.21,39034.0,41329.7
2015-10-03T00:00:00.000Z,1,45079.0,2,,,682.0,0.0
2015-10-03T00:00:00.000Z,11,45035.0,0,52478.08,10500.0,53729.0,52478.08
2015-10-03T00:00:00.000Z,1,45019.0,4,4936.18,0.0,6186.0,4936.18
2015-10-05T00:00:00.000Z,1,45043.0,4,45827.83,0.0,43302.0,45827.83
2015-10-03T00:00:00.000Z,1,45019.0,2,6592.96,0.0,11252.0,6592.96
2015-10-04T00:00:00.000Z,6,45079.0,2,156489.11,0.0,157739.0,156489.11
2015-10-04T00:00:00.000Z,2,45019.0,4,165.66,0.0,2165.0,165.66
2015-10-03T00:00:00.000Z,11,45019.0,0,,,732.0,0.0
2015-11-09T00:00:00.000Z,11,45019.0,4,995.66,0.0,2925.0,995.66
2015-10-03T00:00:00.000Z,6,45079.0,4,166733.35,0.0,171733.0,166733.35
2015-10-02T00:00:00.000Z,1,45051.0,0,40194.54,7275.29,41195.0,40194.54
2015-10-03T00:00:00.000Z,11,45019.0,4,9956.88,0.0,10162.0,9956.88
2015-10-04T00:00:00.000Z,1,45019.0,0,41558.13,0.0,46558.0,41558.13
2015-10-09T00:00:00.000Z,11,45043.0,4,78995.22,0.0,72191.0,78995.22
2015-08-31T00:00:00.000Z,1,45019.0,4,21159.32,3800.38,23356.0,21159.32
2015-10-07T00:00:00.000Z,1,45051.0,1,18262.17,10783.32,19512.0,18262.17
2015-10-04T00:00:00.000Z,15,45019.0,4,,,152.0,0.0
2015-10-04T00:00:00.000Z,18,45013.0,,,,,0.0
2015-10-04T00:00:00.000Z,6,45079.0,2,0.0,500000.0,,0.0
2015-10-02T00:00:00.000Z,15,45051.0,2,46543.05,0.0,44914.0,46543.05
2015-10-04T00:00:00.000Z,1,45019.0,4,11.85,3748.39,1262.0,11.85
2015-10-03T00:00:00.000Z,1,45019.0,4,16205.65,0.0,18385.0,16205.65
2015-10-03T00:00:00.000Z,3,45019.0,4,15975.41,0.0,19034.0,15975.41
2015-10-04T00:00:00.000Z,6,45063.0,4,500000.0,0.0,515499.0,500000.0
2015-10-04T00:00:00.000Z,1,45079.0,0,,,,0.0
2015-10-05T00:00:00.000Z,1,45051.0,0,11512.22,0.0,13513.0,11512.22
2015-10-03T00:00:00.000Z,3,45079.0,4,,,,0.0
2015-01-23T00:00:00.000Z,1,45019.0,4,14413.89,0.0,14844.0,14413.89
2015-10-04T00:00:00.000Z,1,45051.0,4,15207.54,0.0,15031.0,15207.54
2015-10-06T00:00:00.000Z,1,45051.0,2,500.0,0.0,1750.0,500.0
2015-10-03T00:00:00.000Z,1,45079.0,4,,,,0.0
2015-10-03T00:00:00.000Z,1,45019.0,4,17704.18,0.0,17198.0,17704.18
2015-10-04T00:00:00.000Z,1,45063.0,4,5851.0,0.0,10851.0,5851.0
2015-08-31T00:00:00.000Z,1,45019.0,4,23195.56,5151.07,23285.0,23195.56
2015-10-01T00:00:00.000Z,1,45051.0,4,7282.32,0.0,8282.0,7282.32
2015-10-04T00:00:00.000Z,16,45085.0,4,36699.76,0.0,37848.0,36699.76
2015-10-13T00:00:00.000Z,1,45009.0,0,,,,0.0
2015-11-09T00:00:00.000Z,1,45079.0,4,2938.41,0.0,4181.0,2938.41
2015-10-05T00:00:00.000Z,11,45051.0,4,,,,0.0
2015-10-04T00:00:00.000Z,6,45019.0,,,,,0.0
2015-10-08T00:00:00.000Z,11,45019.0,4,20321.84,0.0,21571.0,20321.84
2015-10-03T00:00:00.000Z,11,45051.0,4,14587.23,0.0,15348.0,14587.23
2015-10-03T00:00:00.000Z,11,45043.0,4,,,1071.0,0.0
2015-10-04T00:00:00.000Z,1,45063.0,2,,,,0.0
2015-10-04T00:00:00.000Z,11,45063.0,0,0.0,0.0,0.0,0.0
2015-10-02T00:00:00.000Z,1,45019.0,4,1224.56,0.0,3054.0,1224.56
2015-10-03T00:00:00.000Z,13,45085.0,4,,,381.0,0.0
2015-10-04T00:00:00.000Z,1,45051.0,4,,,878.0,0.0
2015-10-02T00:00:00.000Z,11,45019.0,4,8777.48,0.0,10777.0,8777.48
2015-10-03T00:00:00.000Z,1,45019.0,4,12446.56,0.0,14447.0,12446.56
2015-10-03T00:00:00.000Z,1,45019.0,4,19243.71,0.0,24243.0,19243.71
2015-10-03T00:00:00.000Z,18,45079.0,2,25088.87,0.0,27088.0,25088.87
2015-10-03T00:00:00.000Z,11,45019.0,4,1825.51,0.0,2797.0,1825.51
2015-10-03T00:00:00.000Z,1,45019.0,4,24860.31,0.0,26110.0,24860.31
2015-10-04T00:00:00.000Z,1,45085.0,2,43479.07,14445.04,44479.0,43479.07
2015-10-03T00:00:00.000Z,1,45019.0,0,4133.84,0.0,5384.0,4133.84
2015-10-03T00:00:00.000Z,1,45019.0,2,5276.34,0.0,6526.0,5276.34
2015-10-04T00:00:00.000Z,6,45043.0,2,29676.52,0.0,31176.0,29676.52
2015-10-04T00:00:00.000Z,1,45051.0,2,3906.42,0.0,4981.0,3906.42
2015-10-04T00:00:00.000Z,18,45019.0,,,,,0.0
2015-10-04T00:00:00.000Z,11,45051.0,4,,,307.0,0.0
2015-10-05T00:00:00.000Z,1,45051.0,2,,,501.0,0.0
2015-10-03T00:00:00.000Z,1,45019.0,0,,,,0.0
2015-10-04T00:00:00.000Z,1,45019.0,4,7608.22,0.0,9608.0,7608.22
2015-10-03T00:00:00.000Z,11,45019.0,2,392.87,0.0,2255.0,392.87
2015-10-04T00:00:00.000Z,6,45013.0,,,,,0.0
2015-10-03T00:00:00.000Z,11,45035.0,2,31195.57,0.0,28631.0,31195.57
2015-10-04T00:00:00.000Z,1,45079.0,2,31364.98,12036.83,27547.0,31364.98
2015-10-05T00:00:00.000Z,1,45015.0,4,,,,0.0
2015-10-04T00:00:00.000Z,1,45063.0,0,,,,0.0
2015-10-04T00:00:00.000Z,1,45019.0,4,22126.66,0.0,20746.0,22126.66
2015-10-03T00:00:00.000Z,1,45019.0,4,611.73,0.0,1862.0,611.73
2015-10-03T00:00:00.000Z,1,45075.0,4,18082.54,0.0,18303.0,18082.54
2015-10-04T00:00:00.000Z,1,45063.0,0,131670.76,0.0,136671.0,131670.76
2015-10-03T00:00:00.000Z,3,45019.0,0,,,,0.0
2015-10-04T00:00:00.000Z,1,45019.0,2,,,1131.0,0.0
2015-10-02T00:00:00.000Z,1,45019.0,4,15121.02,0.0,16161.0,15121.02
2015-10-04T00:00:00.000Z,1,45019.0,4,439.29,0.0,3439.0,439.29
2015-10-05T00:00:00.000Z,1,45079.0,0,1926.87,0.0,6926.0,1926.87
2015-10-03T00:00:00.000Z,11,45015.0,4,1863.76,0.0,3063.0,1863.76
2015-10-03T00:00:00.000Z,11,45079.0,4,4867.72,0.0,4414.0,4867.72
2015-10-02T00:00:00.000Z,1,45019.0,1,16366.08,9360.34,16754.0,16366.08
2015-10-04T00:00:00.000Z,11,45019.0,4,6851.86,0.0,8851.0,6851.86
2015-10-03T00:00:00.000Z,2,45019.0,4,29980.12,0.0,34980.0,29980.12
2015-10-04T00:00:00.000Z,1,45019.0,2,5502.17,0.0,6502.0,5502.17
2015-10-04T00:00:00.000Z,1,45079.0,2,91982.71,10834.53,82715.0,91982.71
2015-10-09T00:00:00.000Z,1,45019.0,4,284.05,0.0,2211.0,284.05
2015-10-03T00:00:00.000Z,1,45019.0,4,1051.98,0.0,1411.0,1051.98
2015-10-03T00:00:00.000Z,1,45019.0,4,3869.97,0.0,5869.0,3869.97
2015-10-03T00:00:00.000Z,1,45019.0,4,11335.62,0.0,10341.0,11335.62
2015-10-03T00:00:00.000Z,11,45043.0,4,19427.73,0.0,20678.0,19427.73
2015-10-03T00:00:00.000Z,1,45019.0,4,,,4538.0,0.0
2015-10-02T00:00:00.000Z,11,45019.0,4,2121.02,0.0,3371.0,2121.02
2015-10-04T00:00:00.000Z,11,45041.0,2,9010.21,0.0,8207.0,9010.21
2015-10-04T00:00:00.000Z,3,45019.0,4,43699.68,0.0,37097.0,43699.68
2015-10-07T00:00:00.000Z,11,45035.0,2,,,,0.0
2015-10-04T00:00:00.000Z,2,45035.0,0,6458.45,0.0,7709.0,6458.45
2015-11-02T00:00:00.000Z,1,45019.0,4,6254.52,0.0,8254.0,6254.52
2015-10-04T00:00:00.000Z,11,45079.0,2,36149.04,12086.9,31715.0,36149.04
2015-10-04T00:00:00.000Z,3,45079.0,0,103869.61,0.0,105870.0,103869.61
2015-10-05T00:00:00.000Z,12,45019.0,2,8328.47,0.0,9328.0,8328.47
2015-10-04T00:00:00.000Z,1,45019.0,4,,,2257.0,0.0
2015-10-02T00:00:00.000Z,1,45019.0,2,6703.81,0.0,8304.0,6703.81
2015-10-03T00:00:00.000Z,1,45079.0,2,,,,0.0
2015-10-03T00:00:00.000Z,1,45019.0,4,5202.41,0.0,9090.0,5202.41
2015-12-22T00:00:00.000Z,1,45037.0,2,,,3571.0,0.0
2015-11-02T00:00:00.000Z,1,45045.0,4,,,,0.0
2015-10-06T00:00:00.000Z,1,45051.0,4,10674.45,0.0,10639.0,10674.45
2015-10-04T00:00:00.000Z,11,45063.0,2,6757.48,0.0,15256.0,6757.48
2015-10-03T00:00:00.000Z,1,45051.0,4,1914.42,0.0,2914.0,1914.42
2015-10-03T00:00:00.000Z,1,45019.0,4,10131.53,0.0,14308.0,10131.53
2015-10-04T00:00:00.000Z,1,45055.0,4,202.52,0.0,,202.52
2015-10-03T00:00:00.000Z,1,45035.0,2,34148.96,10807.45,36217.0,34148.96
2015-10-04T00:00:00.000Z,11,45019.0,,,,,0.0
2015-10-04T00:00:00.000Z,1,45019.0,2,6509.3,0.0,7759.0,6509.3
2015-10-04T00:00:00.000Z,1,45019.0,0,,,2471.0,0.0
2015-10-03T00:00:00.000Z,1,45019.0,4,,,992.0,0.0
2015-10-13T00:00:00.000Z,11,45035.0,,,,,0.0
2015-10-02T00:00:00.000Z,1,45051.0,1,42454.12,0.0,39558.0,42454.12
2015-10-03T00:00:00.000Z,1,45079.0,4,6310.47,0.0,6648.0,6310.47
2015-10-10T00:00:00.000Z,1,45019.0,2,,,1069.0,0.0
2015-09-27T00:00:00.000Z,6,45051.0,1,110675.39,0.0,112675.0,110675.39
2015-10-04T00:00:00.000Z,1,45051.0,4,28229.55,0.0,29479.0,28229.55
2015-10-03T00:00:00.000Z,1,45019.0,2,34965.13,0.0,33279.0,34965.13
2015-10-04T00:00:00.000Z,11,45079.0,4,29904.17,0.0,30709.0,29904.17
2015-10-04T00:00:00.000Z,1,45043.0,4,9334.82,0.0,10335.0,9334.82
2015-10-03T00:00:00.000Z,1,45035.0,1,,,2978.0,0.0
2015-10-04T00:00:00.000Z,1,45019.0,4,34778.97,0.0,36029.0,34778.97
2015-10-04T00:00:00.000Z,1,45051.0,4,2621.99,0.0,3621.0,2621.99
2015-10-03T00:00:00.000Z,6,45051.0,2,149085.68,0.0,151085.0,149085.68
2015-10-02T00:00:00.000Z,1,45039.0,4,,,684.0,0.0
2015-10-23T00:00:00.000Z,1,45041.0,0,,,,0.0
2015-10-04T00:00:00.000Z,1,45019.0,4,11283.11,0.0,14283.0,11283.11
2015-10-04T00:00:00.000Z,11,45019.0,4,10515.46,0.0,11168.0,10515.46
2015-10-03T00:00:00.000Z,1,45019.0,2,1473.54,0.0,2723.0,1473.54
2015-10-04T00:00:00.000Z,1,45079.0,4,100000.0,17645.13,116462.0,100000.0
2015-10-04T00:00:00.000Z,11,45051.0,4,150.91,0.0,1199.0,150.91
2015-10-04T00:00:00.000Z,1,45019.0,4,14842.25,0.0,13230.0,14842.25
2015-10-03T00:00:00.000Z,11,45019.0,4,5196.5,0.0,6447.0,5196.5
2015-10-04T00:00:00.000Z,1,45019.0,2,4767.86,0.0,5758.0,4767.86
2015-10-02T00:00:00.000Z,11,45043.0,4,19067.69,0.0,18350.0,19067.69
2015-10-04T00:00:00.000Z,1,45063.0,4,35550.15,0.0,38084.0,35550.15
2015-10-04T00:00:00.000Z,1,45079.0,2,250000.0,74500.79,273241.0,250000.0
2015-10-04T00:00:00.000Z,1,45019.0,2,,,1424.0,0.0
2015-10-02T00:00:00.000Z,1,45019.0,0,,,,0.0
2015-10-04T00:00:00.000Z,11,45079.0,4,141893.3,0.0,135399.0,141893.3
2015-10-01T00:00:00.000Z,1,45051.0,4,,,938.0,0.0
2015-10-03T00:00:00.000Z,1,45063.0,2,6989.39,0.0,8989.0,6989.39
2015-10-03T00:00:00.000Z,1,45043.0,2,49520.54,0.0,54520.0,49520.54
2015-10-03T00:00:00.000Z,1,45013.0,4,15856.4,0.0,20106.0,15856.4
2015-10-03T00:00:00.000Z,15,45019.0,2,1324.91,0.0,5331.0,1324.91
2015-10-04T00:00:00.000Z,1,45019.0,0,13475.33,0.0,18476.0,13475.33
2015-10-03T00:00:00.000Z,1,45019.0,2,18463.09,0.0,19373.0,18463.09
2015-10-11T00:00:00.000Z,11,45051.0,4,7920.6,0.0,9170.0,7920.6
2015-10-03T00:00:00.000Z,1,45051.0,2,4504.0,869.42,4742.0,4504.0
2015-10-03T00:00:00.000Z,1,45019.0,0,167.93,0.0,1418.0,167.93
2015-10-04T00:00:00.000Z,11,45035.0,4,1061.15,0.0,2311.0,1061.15
2015-10-01T00:00:00.000Z,4,45019.0,4,,,,0.0
2015-10-03T00:00:00.000Z,11,45019.0,,,,,0.0
2015-10-03T00:00:00.000Z,1,45051.0,0,,,868.0,0.0
2015-10-04T00:00:00.000Z,1,45079.0,2,84484.17,0.0,85734.0,84484.17
2015-10-04T00:00:00.000Z,12,45079.0,2,25397.2,0.0,30397.0,25397.2
2015-10-06T00:00:00.000Z,11,45029.0,2,4499.44,0.0,14499.0,4499.44
2015-10-04T00:00:00.000Z,1,45043.0,4,30000.0,12000.0,40172.0,30000.0
2015-10-03T00:00:00.000Z,6,45079.0,0,257085.91,0.0,258336.0,257085.91
2015-10-04T00:00:00.000Z,11,45019.0,2,26011.46,2352.48,18211.0,26011.46
2015-10-05T00:00:00.000Z,1,45035.0,2,,,,0.0
2015-10-04T00:00:00.000Z,11,45043.0,2,72993.53,26136.58,61184.0,72993.53
2015-10-05T00:00:00.000Z,2,45019.0,4,,,1436.0,0.0
2015-10-03T00:00:00.000Z,1,45063.0,2,40726.5,20311.61,36828.0,40726.5
2015-10-03T00:00:00.000Z,11,45019.0,2,3683.39,0.0,4933.0,3683.39
2015-10-01T00:00:00.000Z,11,45063.0,0,,,,0.0
2015-10-04T00:00:00.000Z,11,45019.0,1,21865.01,0.0,23115.0,21865.01
2015-09-26T00:00:00.000Z,1,45013.0,4,,,,0.0
2015-10-03T00:00:00.000Z,11,45019.0,4,9049.9,0.0,7361.0,9049.9
2015-10-03T00:00:00.000Z,6,45079.0,4,300000.0,0.0,314892.0,300000.0
2015-10-03T00:00:00.000Z,2,45019.0,4,,,,0.0
2015-10-04T00:00:00.000Z,4,45043.0,0,,,,0.0
2015-10-04T00:00:00.000Z,11,45051.0,4,10172.91,0.0,7816.0,10172.91
2015-10-03T00:00:00.000Z,2,45019.0,4,1765.37,0.0,2863.0,1765.37
2015-10-03T00:00:00.000Z,2,45035.0,2,,,,0.0
2015-10-02T00:00:00.000Z,1,45043.0,2,5877.61,0.0,5557.0,5877.61
2015-10-03T00:00:00.000Z,11,45019.0,4,11825.74,6818.61,16825.0,11825.74
2015-10-05T00:00:00.000Z,2,45035.0,0,,,,0.0
2015-10-04T00:00:00.000Z,1,45085.0,4,77089.18,62316.96,59210.0,77089.18
2015-10-04T00:00:00.000Z,3,45079.0,4,154088.26,0.0,155338.0,154088.26
2015-10-03T00:00:00.000Z,1,45019.0,2,,,981.0,0.0
2015-10-03T00:00:00.000Z,18,45019.0,4,20027.73,0.0,22028.0,20027.73
2015-10-27T00:00:00.000Z,11,45043.0,2,117.46,0.0,1367.0,117.46
2015-10-04T00:00:00.000Z,11,45079.0,4,3843.71,0.0,8179.0,3843.71
2015-10-03T00:00:00.000Z,1,45019.0,2,72778.32,1970.19,70411.0,72778.32
2015-10-04T00:00:00.000Z,11,45079.0,2,35960.85,21216.5,32822.0,35960.85
2015-10-04T00:00:00.000Z,11,45085.0,4,7359.28,0.0,7729.0,7359.28
2015-05-10T00:00:00.000Z,1,45051.0,1,,,1246.0,0.0
2015-10-02T00:00:00.000Z,1,45019.0,0,1854.33,0.0,3105.0,1854.33
2015-10-04T00:00:00.000Z,1,45043.0,4,15341.35,0.0,15410.0,15341.35
2015-10-04T00:00:00.000Z,11,45019.0,4,109632.89,0.0,114432.0,109632.89
2015-10-04T00:00:00.000Z,1,45019.0,4,9221.21,0.0,13516.0,9221.21
2015-10-03T00:00:00.000Z,1,45019.0,4,10588.66,0.0,10229.0,10588.66
2015-10-04T00:00:00.000Z,1,45019.0,0,,,,0.0
2015-10-03T00:00:00.000Z,1,45019.0,2,,,2043.0,0.0
2015-10-03T00:00:00.000Z,1,45051.0,4,11565.13,0.0,12815.0,11565.13
2015-10-04T00:00:00.000Z,1,45079.0,2,34880.18,8406.05,32256.0,34880.18
2015-10-04T00:00:00.000Z,1,45019.0,2,,,,0.0
2015-10-03T00:00:00.000Z,1,45075.0,2,11630.74,2582.43,11880.0,11630.74
2015-10-04T00:00:00.000Z,1,45079.0,2,24202.4,0.0,23210.0,24202.4
2015-10-27T00:00:00.000Z,11,45019.0,1,3660.95,1125.53,5660.0,3660.95
2015-10-04T00:00:00.000Z,1,45051.0,2,17426.34,0.0,18926.0,17426.34
2015-10-04T00:00:00.000Z,1,45043.0,4,4960.86,0.0,6960.0,4960.86
2015-10-03T00:00:00.000Z,11,45043.0,2,12180.86,0.0,10863.0,12180.86
2015-10-04T00:00:00.000Z,1,45043.0,4,5836.02,0.0,6908.0,5836.02
2015-10-04T00:00:00.000Z,1,45043.0,4,7847.74,0.0,9097.0,7847.74
2015-10-03T00:00:00.000Z,15,45043.0,2,39808.48,0.0,37827.0,39808.48
2015-10-04T00:00:00.000Z,11,45051.0,4,1581.7,0.0,2582.0,1581.7
2015-10-05T00:00:00.000Z,11,45019.0,4,4938.49,0.0,6552.0,4938.49
2015-10-03T00:00:00.000Z,1,45019.0,2,16780.79,3152.5,17283.0,16780.79
2015-10-03T00:00:00.000Z,1,45019.0,4,,,,0.0
2015-10-04T00:00:00.000Z,1,45063.0,4,12351.01,0.0,14351.0,12351.01
2015-10-05T00:00:00.000Z,1,45051.0,4,7440.1,0.0,8690.0,7440.1
2015-10-03T00:00:00.000Z,11,45085.0,4,4296.08,0.0,5546.0,4296.08
2015-10-04T00:00:00.000Z,15,45019.0,2,30554.11,0.0,34651.0,30554.11
2015-10-04T00:00:00.000Z,1,45041.0,4,16160.02,0.0,12098.0,16160.02
2015-10-04T00:00:00.000Z,11,45019.0,4,,,129.0,0.0
2015-12-23T00:00:00.000Z,1,45041.0,2,2417.46,0.0,3665.0,2417.46
2015-10-08T00:00:00.000Z,11,45055.0,4,3472.08,0.0,4577.0,3472.08
2015-10-03T00:00:00.000Z,11,45019.0,0,52014.88,31692.42,53265.0,52014.88
2015-10-04T00:00:00.000Z,11,45079.0,4,37175.69,2449.68,36115.0,37175.69
2015-10-03T00:00:00.000Z,1,45035.0,4,22940.49,1642.86,19548.0,22940.49
2015-10-05T00:00:00.000Z,1,45051.0,0,34621.67,56820.19,35872.0,34621.67
2015-10-04T00:00:00.000Z,11,45079.0,4,24741.96,0.0,21879.0,24741.96
2015-10-04T00:00:00.000Z,1,45063.0,4,53016.88,0.0,48015.0,53016.88
2015-11-09T00:00:00.000Z,1,45063.0,0,,,,0.0
2015-10-04T00:00:00.000Z,15,45043.0,,,,,0.0
2015-10-03T00:00:00.000Z,11,45019.0,4,20209.84,7947.3,20302.0,20209.84
2015-10-01T00:00:00.000Z,11,45041.0,2,14774.66,6277.89,15314.0,14774.66
2015-10-04T00:00:00.000Z,6,45079.0,2,,,2591.0,0.0
2015-10-04T00:00:00.000Z,1,45079.0,2,237446.07,39300.0,220501.0,237446.07
2015-10-04T00:00:00.000Z,1,45079.0,2,33669.51,0.0,36485.0,33669.51
2015-10-02T00:00:00.000Z,1,45051.0,2,,,,0.0
2015-10-03T00:00:00.000Z,1,45019.0,4,8588.46,1369.0,9502.0,8588.46
2015-10-03T00:00:00.000Z,1,45063.0,4,1216.42,0.0,2466.0,1216.42
2015-10-04T00:00:00.000Z,1,45035.0,2,37137.39,0.0,34400.0,37137.39
2015-10-05T00:00:00.000Z,11,45079.0,2,15889.27,0.0,16748.0,15889.27
2015-10-05T00:00:00.000Z,15,45035.0,4,2048.37,0.0,3298.0,2048.37
2015-10-02T00:00:00.000Z,11,45019.0,4,22619.15,0.0,21312.0,22619.15
2015-10-02T00:00:00.000Z,1,45015.0,4,3197.43,0.0,3907.0,3197.43
2015-12-31T00:00:00.000Z,1,45039.0,2,483.62,675.89,1734.0,483.62
2015-10-03T00:00:00.000Z,11,45063.0,2,18184.28,0.0,18512.0,18184.28
2015-10-04T00:00:00.000Z,2,45043.0,2,11800.0,0.0,12851.0,11800.0
2015-10-04T00:00:00.000Z,11,45043.0,1,0.0,1200.0,,0.0
2015-10-03T00:00:00.000Z,1,45019.0,2,29107.4,0.0,34107.0,29107.4
2015-10-04T00:00:00.000Z,11,45051.0,4,10056.31,0.0,11038.0,10056.31
2015-10-02T00:00:00.000Z,12,45019.0,1,72905.86,1631.8,74156.0,72905.86
2015-10-05T00:00:00.000Z,1,45035.0,4,9960.52,0.0,11210.0,9960.52
2015-10-03T00:00:00.000Z,2,45019.0,4,,,3622.0,0.0
2015-10-03T00:00:00.000Z,1,45019.0,2,16055.73,0.0,18056.0,16055.73
2015-10-04T00:00:00.000Z,1,45041.0,4,0.0,2983.41,157.0,0.0
2015-10-03T00:00:00.000Z,1,45019.0,4,,,1134.0,0.0
2015-10-03T00:00:00.000Z,11,45019.0,4,10147.13,0.0,11180.0,10147.13
2015-10-04T00:00:00.000Z,1,45019.0,4,,,2565.0,0.0
2015-10-03T00:00:00.000Z,1,45015.0,2,176882.25,69852.76,165135.0,176882.25
2015-10-03T00:00:00.000Z,3,45051.0,4,1894.38,0.0,3144.0,1894.38
2015-10-04T00:00:00.000Z,11,45043.0,0,33751.63,7770.83,35752.0,33751.63
2015-10-04T00:00:00.000Z,18,45077.0,,,,,0.0
2015-10-03T00:00:00.000Z,11,45019.0,2,,,,0.0
2015-10-04T00:00:00.000Z,11,45015.0,2,47070.7,12121.5,45802.0,47070.7
2015-10-04T00:00:00.000Z,11,45043.0,4,3915.45,0.0,5029.0,3915.45
2015-11-10T00:00:00.000Z,1,45029.0,0,,,,0.0
2015-10-02T00:00:00.000Z,11,45019.0,4,289.24,0.0,1539.0,289.24
2015-10-02T00:00:00.000Z,6,45019.0,,,,,0.0
2015-10-03T00:00:00.000Z,1,45019.0,4,13799.33,0.0,18799.0,13799.33
2015-10-08T00:00:00.000Z,11,45043.0,0,,,,0.0
2015-10-05T00:00:00.000Z,1,45015.0,4,11818.75,744.62,11264.0,11818.75
2015-10-03T00:00:00.000Z,11,45019.0,4,10962.66,0.0,11554.0,10962.66
2015-10-05T00:00:00.000Z,1,45051.0,0,,,339.0,0.0
2015-10-03T00:00:00.000Z,11,45019.0,4,17386.79,0.0,17216.0,17386.79
2015-10-14T00:00:00.000Z,11,45019.0,0,,,,0.0
2015-10-04T00:00:00.000Z,1,45063.0,4,,,,0.0
2015-10-04T00:00:00.000Z,11,45051.0,4,13241.78,0.0,14491.0,13241.78
2015-10-03T00:00:00.000Z,12,45051.0,1,852.48,0.0,2852.0,852.48
2015-10-04T00:00:00.000Z,1,45019.0,4,,,2106.0,0.0
2015-10-03T00:00:00.000Z,1,45019.0,4,17483.75,11134.19,18104.0,17483.75
2015-11-09T00:00:00.000Z,1,45019.0,4,1284.23,0.0,2284.0,1284.23
2015-10-04T00:00:00.000Z,1,45019.0,4,5000.61,245.53,6730.0,5000.61
2015-10-04T00:00:00.000Z,11,45051.0,4,20740.97,16290.62,21990.0,20740.97
2015-10-03T00:00:00.000Z,1,45019.0,4,27195.91,8519.32,24869.0,27195.91
2015-10-03T00:00:00.000Z,1,45019.0,4,7999.26,0.0,9999.0,7999.26
2015-10-03T00:00:00.000Z,1,45019.0,4,9860.4,1915.01,10309.0,9860.4
2015-10-04T00:00:00.000Z,1,45051.0,4,2209.0,0.0,3146.0,2209.0
2015-10-04T00:00:00.000Z,1,45079.0,4,137072.31,0.0,129762.0,137072.31
2015-10-04T00:00:00.000Z,3,45043.0,1,1649.61,0.0,3524.0,1649.61
2015-10-04T00:00:00.000Z,11,45019.0,2,4913.03,0.0,8411.0,4913.03
2015-10-03T00:00:00.000Z,1,45019.0,4,4399.82,0.0,5821.0,4399.82
2015-10-03T00:00:00.000Z,1,45019.0,4,47762.74,0.0,42319.0,47762.74
2015-10-03T00:00:00.000Z,11,45019.0,4,36893.57,0.0,41893.0,36893.57
2015-10-03T00:00:00.000Z,1,45019.0,0,,,745.0,0.0
2015-08-30T00:00:00.000Z,2,45019.0,4,24642.37,0.0,25892.0,24642.37
2015-10-04T00:00:00.000Z,11,45019.0,0,2077.11,0.0,3327.0,2077.11
2015-10-03T00:00:00.000Z,1,45019.0,4,,,1743.0,0.0
2015-10-03T00:00:00.000Z,1,45019.0,0,,,935.0,0.0
2015-10-03T00:00:00.000Z,1,45019.0,0,14410.45,0.0,16411.0,14410.45
2015-10-03T00:00:00.000Z,1,45019.0,4,10537.48,1815.08,11109.0,10537.48
2015-10-04T00:00:00.000Z,1,45079.0,0,,,,0.0
2015-10-04T00:00:00.000Z,1,45043.0,4,32644.65,0.0,35934.0,32644.65
2015-02-26T00:00:00.000Z,1,45019.0,0,,,,0.0
2015-10-04T00:00:00.000Z,6,45051.0,0,31128.99,0.0,33129.0,31128.99
2015-10-04T00:00:00.000Z,1,45063.0,4,,,,0.0
2015-10-03T00:00:00.000Z,1,45019.0,4,,,1121.0,0.0
2015-10-03T00:00:00.000Z,1,45085.0,2,,,1135.0,0.0
2015-10-05T00:00:00.000Z,11,45035.0,4,4958.89,0.0,6034.0,4958.89
2015-11-07T00:00:00.000Z,11,45019.0,4,1777.2,0.0,2989.0,1777.2
2015-10-04T00:00:00.000Z,11,45063.0,4,14087.04,2668.4,15087.0,14087.04
2015-08-31T00:00:00.000Z,1,45019.0,2,31534.86,2317.23,32084.0,31534.86
2015-10-04T00:00:00.000Z,12,45047.0,4,15234.53,0.0,17235.0,15234.53
2015-10-02T00:00:00.000Z,11,45013.0,4,,,1924.0,0.0
2015-10-27T00:00:00.000Z,1,45013.0,2,7015.53,0.0,9015.0,7015.53
2015-10-04T00:00:00.000Z,1,45019.0,4,3776.29,0.0,4276.0,3776.29
2015-10-04T00:00:00.000Z,11,45085.0,4,,,1189.0,0.0
2015-10-04T00:00:00.000Z,15,45051.0,1,22234.45,0.0,23121.0,22234.45
2015-10-03T00:00:00.000Z,1,45079.0,2,5670.67,0.0,5267.0,5670.67
2015-10-04T00:00:00.000Z,11,45019.0,4,39037.32,21237.76,36733.0,39037.32
2015-10-03T00:00:00.000Z,1,45019.0,4,22260.92,0.0,23511.0,22260.92
2015-10-04T00:00:00.000Z,1,45051.0,2,,,382.0,0.0
2015-10-04T00:00:00.000Z,1,45043.0,2,100000.0,0.0,87696.0,100000.0
2015-10-02T00:00:00.000Z,6,45079.0,4,500000.0,0.0,544866.0,500000.0
2015-10-04T00:00:00.000Z,6,45019.0,1,1854.01,0.0,6854.0,1854.01
2015-10-03T00:00:00.000Z,1,45035.0,4,23020.47,0.0,27270.0,23020.47
2015-01-09T00:00:00.000Z,1,45079.0,4,2798.7,0.0,3799.0,2798.7
2015-10-01T00:00:00.000Z,1,45051.0,4,3634.62,0.0,4876.0,3634.62
2015-10-03T00:00:00.000Z,11,45019.0,4,20036.43,0.0,24716.0,20036.43
2015-10-03T00:00:00.000Z,1,45019.0,4,15771.26,1794.05,14654.0,15771.26
2015-10-04T00:00:00.000Z,1,45035.0,2,22522.01,0.0,23522.0,22522.01
2015-10-27T00:00:00.000Z,1,45013.0,2,26389.55,0.0,24508.0,26389.55
2015-10-04T00:00:00.000Z,11,45079.0,4,9927.86,1623.88,10928.0,9927.86
2015-10-04T00:00:00.000Z,1,45085.0,4,92031.03,0.0,86066.0,92031.03
2015-10-04T00:00:00.000Z,1,45019.0,0,17261.48,0.0,12896.0,17261.48
2015-10-04T00:00:00.000Z,6,45019.0,2,19036.35,4857.84,21036.0,19036.35
2015-10-01T00:00:00.000Z,1,45019.0,4,13995.46,0.0,8991.0,13995.46
2015-10-04T00:00:00.000Z,3,45079.0,0,113401.14,0.0,115402.0,113401.14
2015-10-03T00:00:00.000Z,3,45019.0,0,34982.86,0.0,39982.0,34982.86
2015-11-04T00:00:00.000Z,1,45019.0,4,,,3723.0,0.0
2015-10-03T00:00:00.000Z,15,45043.0,2,6536.91,0.0,7247.0,6536.91
2015-10-04T00:00:00.000Z,1,45019.0,4,198.02,0.0,3198.0,198.02
2015-10-05T00:00:00.000Z,2,45035.0,4,89534.47,0.0,90784.0,89534.47
2015-10-02T00:00:00.000Z,11,45015.0,4,15072.98,0.0,13219.0,15072.98
2015-10-04T00:00:00.000Z,11,45079.0,2,158273.51,55141.26,161274.0,158273.51
2015-11-09T00:00:00.000Z,1,45063.0,4,,,2547.0,0.0
2015-10-04T00:00:00.000Z,1,45019.0,4,9641.87,0.0,10604.0,9641.87
2015-10-04T00:00:00.000Z,11,45047.0,2,19871.0,5814.01,21871.0,19871.0
2015-10-04T00:00:00.000Z,11,45079.0,2,32509.34,0.0,34509.0,32509.34
2015-10-03T00:00:00.000Z,11,45035.0,0,61817.27,30000.0,66818.0,61817.27
2015-10-02T00:00:00.000Z,1,45019.0,0,,,436.0,0.0
2015-08-31T00:00:00.000Z,1,45019.0,0,28808.54,12375.63,30059.0,28808.54
2015-10-04T00:00:00.000Z,2,45047.0,4,19015.02,0.0,24015.0,19015.02
2015-10-06T00:00:00.000Z,1,45019.0,0,,,,0.0
2015-10-03T00:00:00.000Z,1,45019.0,4,14884.83,0.0,15377.0,14884.83
2015-10-07T00:00:00.000Z,3,45019.0,4,109707.81,0.0,114707.0,109707.81
2015-10-03T00:00:00.000Z,1,45019.0,4,2944.56,0.0,7224.0,2944.56
2015-10-03T00:00:00.000Z,1,45019.0,4,7885.0,0.0,9885.0,7885.0
2015-10-03T00:00:00.000Z,1,45015.0,0,7513.38,0.0,9014.0,7513.38
2015-10-11T00:00:00.000Z,1,45051.0,1,5478.77,0.0,6729.0,5478.77
2015-10-03T00:00:00.000Z,1,45015.0,4,4226.51,0.0,5477.0,4226.51
2015-10-27T00:00:00.000Z,1,45019.0,1,13819.17,0.0,13013.0,13819.17
2015-10-01T00:00:00.000Z,1,45075.0,2,3665.3,0.0,4059.0,3665.3
2015-10-04T00:00:00.000Z,1,45085.0,4,31926.5,7653.59,29527.0,31926.5
2015-10-03T00:00:00.000Z,1,45019.0,0,,,,0.0
2015-10-05T00:00:00.000Z,6,45085.0,2,36330.29,1183.75,37830.0,36330.29
2015-10-05T00:00:00.000Z,2,45035.0,0,,,,0.0
2015-10-04T00:00:00.000Z,11,45015.0,2,71505.29,8947.51,64661.0,71505.29
2015-10-02T00:00:00.000Z,1,45063.0,2,44158.29,0.0,42806.0,44158.29
2015-10-03T00:00:00.000Z,1,45019.0,4,15287.63,0.0,10391.0,15287.63
2015-10-05T00:00:00.000Z,11,45015.0,0,53772.83,19167.12,44422.0,53772.83
2015-10-07T00:00:00.000Z,1,45015.0,4,,,247.0,0.0
2015-10-05T00:00:00.000Z,1,45051.0,2,3003.21,0.0,4130.0,3003.21
2015-12-31T00:00:00.000Z,1,45055.0,4,29072.09,0.0,34072.0,29072.09
2015-10-04T00:00:00.000Z,6,45071.0,2,991.67,0.0,2491.0,991.67
2015-10-04T00:00:00.000Z,11,45051.0,4,24096.45,1254.96,21552.0,24096.45
2015-10-01T00:00:00.000Z,1,45019.0,4,7221.38,0.0,7971.0,7221.38
2015-10-02T00:00:00.000Z,1,45043.0,4,13669.94,6190.14,13818.0,13669.94
2015-10-05T00:00:00.000Z,1,45063.0,0,,,,0.0
2015-10-03T00:00:00.000Z,1,45051.0,0,15903.77,0.0,16904.0,15903.77
2015-10-04T00:00:00.000Z,15,45079.0,2,299200.0,0.0,339289.0,299200.0
2015-10-02T00:00:00.000Z,11,45043.0,1,4245.24,374.78,5495.0,4245.24
2015-10-04T00:00:00.000Z,1,45019.0,2,10076.61,0.0,13160.0,10076.61
2015-10-03T00:00:00.000Z,11,45085.0,4,2518.14,0.0,3090.0,2518.14
2015-10-03T00:00:00.000Z,11,45075.0,4,4175.12,0.0,5092.0,4175.12
2015-10-02T00:00:00.000Z,2,45019.0,0,18735.84,0.0,20736.0,18735.84
2015-10-03T00:00:00.000Z,1,45035.0,4,42154.74,5386.27,41564.0,42154.74
2015-10-04T00:00:00.000Z,11,45051.0,4,7448.75,0.0,8699.0,7448.75
2015-10-03T00:00:00.000Z,11,45019.0,4,34477.36,0.0,34106.0,34477.36
2015-10-12T00:00:00.000Z,1,45019.0,2,11803.38,0.0,12737.0,11803.38
2015-10-04T00:00:00.000Z,15,45019.0,1,8170.37,0.0,18525.0,8170.37
2015-10-04T00:00:00.000Z,1,45079.0,4,1442.06,0.0,2531.0,1442.06
2015-10-07T00:00:00.000Z,11,45089.0,4,58555.59,0.0,59824.0,58555.59
2015-10-02T00:00:00.000Z,1,45051.0,4,31301.22,0.0,29891.0,31301.22
2015-10-04T00:00:00.000Z,1,45035.0,2,22443.63,0.0,23694.0,22443.63
2015-10-02T00:00:00.000Z,1,45043.0,4,27308.28,0.0,26704.0,27308.28
2015-10-03T00:00:00.000Z,1,45019.0,4,5702.42,6508.91,6559.0,5702.42
2015-10-04T00:00:00.000Z,6,45019.0,,,,,0.0
2015-10-05T00:00:00.000Z,6,45079.0,4,500000.0,0.0,558645.0,500000.0
2015-10-03T00:00:00.000Z,11,45019.0,4,4733.3,0.0,5983.0,4733.3
2015-10-04T00:00:00.000Z,1,45019.0,4,45288.41,5000.0,43095.0,45288.41
2015-10-08T00:00:00.000Z,3,45019.0,4,,,1497.0,0.0
2015-10-05T00:00:00.000Z,3,45051.0,,,,,0.0
2015-10-04T00:00:00.000Z,1,45085.0,4,,,1221.0,0.0
2015-10-02T00:00:00.000Z,1,45019.0,4,,,,0.0
2015-10-03T00:00:00.000Z,11,45015.0,0,3288.85,0.0,6289.0,3288.85
2015-10-04T00:00:00.000Z,11,45051.0,4,12872.48,0.0,9891.0,12872.48
2015-10-05T00:00:00.000Z,1,45043.0,2,40000.0,0.0,47292.0,40000.0
2015-10-03T00:00:00.000Z,1,45019.0,4,57550.75,10000.0,53523.0,57550.75
2015-10-04T00:00:00.000Z,11,45019.0,4,,,4810.0,0.0
2015-10-04T00:00:00.000Z,1,45051.0,0,2298.77,0.0,4299.0,2298.77
2015-10-05T00:00:00.000Z,11,45043.0,4,905.78,0.0,2709.0,905.78
2015-10-05T00:00:00.000Z,18,45079.0,,,,,0.0
2015-10-03T00:00:00.000Z,11,45009.0,4,10027.43,0.0,11027.0,10027.43
2015-10-03T00:00:00.000Z,1,45013.0,1,12075.25,0.0,13325.0,12075.25
2015-10-03T00:00:00.000Z,16,45019.0,0,,,,0.0
2015-10-03T00:00:00.000Z,1,45079.0,4,11846.51,0.0,7787.0,11846.51
2015-10-04T00:00:00.000Z,11,45063.0,4,2343.06,0.0,3924.0,2343.06
2015-03-25T00:00:00.000Z,1,45019.0,4,,,,0.0
2015-10-03T00:00:00.000Z,3,45019.0,4,,,150.0,0.0
2015-10-03T00:00:00.000Z,11,45019.0,2,15019.91,0.0,17314.0,15019.91
2015-10-02T00:00:00.000Z,1,45085.0,0,,,5420.0,0.0
2015-10-01T00:00:00.000Z,1,45019.0,4,,,674.0,0.0
2015-10-03T00:00:00.000Z,1,45019.0,4,4732.58,0.0,5545.0,4732.58
2015-10-04T00:00:00.000Z,11,45051.0,2,11897.61,0.0,12042.0,11897.61
2015-10-03T00:00:00.000Z,1,45019.0,4,18944.99,0.0,22085.0,18944.99
2015-10-04T00:00:00.000Z,11,45085.0,4,100687.06,77817.13,96577.0,100687.06
2015-10-03T00:00:00.000Z,1,45019.0,4,5724.99,0.0,5617.0,5724.99
2015-10-04T00:00:00.000Z,2,45019.0,4,56895.71,0.0,58895.0,56895.71
2015-10-01T00:00:00.000Z,2,45051.0,0,,,,0.0
2015-10-04T00:00:00.000Z,11,45063.0,2,1305.14,0.0,3305.0,1305.14
2015-06-25T00:00:00.000Z,1,45019.0,2,6493.86,0.0,7493.0,6493.86
2015-10-03T00:00:00.000Z,1,45019.0,0,2929.15,0.0,3930.0,2929.15
2015-11-02T00:00:00.000Z,1,45019.0,4,,,469.0,0.0
2015-10-03T00:00:00.000Z,1,45079.0,4,3089.14,0.0,4089.0,3089.14
2015-10-04T00:00:00.000Z,2,45079.0,2,59147.17,0.0,63147.0,59147.17
2015-10-05T00:00:00.000Z,11,45051.0,4,3783.21,0.0,4800.0,3783.21
2015-10-04T00:00:00.000Z,1,45019.0,0,,,1428.0,0.0
2015-10-03T00:00:00.000Z,3,45051.0,0,32371.79,0.0,37372.0,32371.79
2015-05-03T00:00:00.000Z,1,45051.0,1,378.0,0.0,1628.0,378.0
2015-11-11T00:00:00.000Z,11,45063.0,0,,,1056.0,0.0
2015-10-03T00:00:00.000Z,1,45019.0,1,21501.17,0.0,22457.0,21501.17
2015-10-03T00:00:00.000Z,1,45019.0,4,9049.35,0.0,9512.0,9049.35
2015-10-02T00:00:00.000Z,1,45019.0,4,1796.0,0.0,3796.0,1796.0
2015-10-03T00:00:00.000Z,1,45063.0,4,50000.0,25000.0,55778.0,50000.0
2015-10-03T00:00:00.000Z,11,45079.0,4,12340.25,0.0,17340.0,12340.25
2015-10-03T00:00:00.000Z,15,45043.0,2,19745.89,0.0,19461.0,19745.89
2015-10-04T00:00:00.000Z,1,45051.0,4,9770.55,0.0,8953.0,9770.55
2015-10-03T00:00:00.000Z,1,45035.0,4,26001.37,0.0,27251.0,26001.37
2015-10-04T00:00:00.000Z,11,45019.0,0,913.59,0.0,2164.0,913.59
2015-10-03T00:00:00.000Z,1,45085.0,2,101582.29,0.0,102832.0,101582.29
2015-10-04T00:00:00.000Z,1,45063.0,2,,,1026.0,0.0
2015-10-03T00:00:00.000Z,1,45019.0,4,23293.71,2901.1,19527.0,23293.71
2015-10-04T00:00:00.000Z,11,45085.0,4,5171.38,0.0,5215.0,5171.38
2015-10-04T00:00:00.000Z,1,45063.0,1,23423.15,6753.78,22667.0,23423.15
2015-10-03T00:00:00.000Z,11,45019.0,4,70149.95,1647.46,64013.0,70149.95
2015-10-02T00:00:00.000Z,1,45051.0,0,36464.34,13726.45,37714.0,36464.34
2015-10-01T00:00:00.000Z,1,45019.0,4,52039.19,0.0,52612.0,52039.19
2015-10-05T00:00:00.000Z,1,45035.0,4,,,,0.0
2015-10-03T00:00:00.000Z,2,45019.0,4,2663.79,0.0,5663.0,2663.79
2015-12-23T00:00:00.000Z,1,45041.0,2,20224.16,0.0,25224.0,20224.16
2015-10-03T00:00:00.000Z,1,45019.0,2,2777.41,0.0,6122.0,2777.41
2015-10-02T00:00:00.000Z,11,45019.0,4,4961.7,0.0,6961.0,4961.7
2015-10-05T00:00:00.000Z,1,45019.0,4,6084.71,0.0,7335.0,6084.71
2015-10-02T00:00:00.000Z,1,45019.0,0,,,,0.0
2015-10-02T00:00:00.000Z,11,45015.0,4,,,,0.0
2015-10-04T00:00:00.000Z,1,45079.0,2,2970.4,209.58,3795.0,2970.4
2015-10-04T00:00:00.000Z,1,45019.0,1,3492.19,0.0,5241.0,3492.19
2015-10-03T00:00:00.000Z,1,45019.0,4,1851.16,0.0,3101.0,1851.16
2015-10-05T00:00:00.000Z,2,45019.0,4,34660.07,824.9,36660.0,34660.07
2015-10-04T00:00:00.000Z,1,45079.0,4,,,,0.0
2015-10-04T00:00:00.000Z,18,45019.0,,,,,0.0
2015-11-10T00:00:00.000Z,11,45019.0,4,,,706.0,0.0
2015-10-02T00:00:00.000Z,11,45043.0,0,,,,0.0
2015-10-04T00:00:00.000Z,1,45079.0,0,,,,0.0
