Facility Name,State,County/Parish,ed_wait_minutes,Sample,Footnote
SOUTHEAST HEALTH MEDICAL CENTER,AL,HOUSTON,Not Available,Not Available,1
MARSHALL MEDICAL CENTERS,AL,MARSHALL,242,30,
NORTH ALABAMA MEDICAL CENTER,AL,LAUDERDALE,218,13,
MIZELL MEMORIAL HOSPITAL,AL,COVINGTON,242,57,
ST. VINCENT'S EAST,AL,JEFFERSON,Not Available,Not Available,1
DEKALB REGIONAL MEDICAL CENTER,AL,DE KALB,346,15,
SHELBY BAPTIST MEDICAL CENTER,AL,SHELBY,96,11,
HELEN KELLER HOSPITAL,AL,COLBERT,Not Available,Not Available,1
DALE MEDICAL CENTER,AL,DALE,279,11,
FLOYD CHEROKEE MEDICAL CENTER,AL,CHEROKEE,Not Available,Not Available,1
BAPTIST MEDICAL CENTER SOUTH,AL,MONTGOMERY,280,16,
JACKSON HOSPITAL & CLINIC INC,AL,MONTGOMERY,136,52,
THE EAST ALABAMA HEALTHCARE AUTHORITY,AL,LEE,303,29,
UNIVERSITY OF ALABAMA HOSPITAL,AL,JEFFERSON,399,125,
COMMUNITY HOSPITAL INC,AL,ELMORE,111,12,
CULLMAN REGIONAL MEDICAL CENTER,AL,CULLMAN,346,16,
ANDALUSIA HEALTH,AL,COVINGTON,324,13,
HUNTSVILLE HOSPITAL,AL,MADISON,300,20,
GADSDEN REGIONAL MEDICAL CENTER,AL,ETOWAH,302,22,
MARION REGIONAL MEDICAL CENTER,AL,MARION,Not Available,Not Available,1
FAYETTE MEDICAL CENTER,AL,FAYETTE,Not Available,Not Available,1
RIVERVIEW REGIONAL MEDICAL CENTER,AL,ETOWAH,Not Available,Not Available,1
MEDICAL CENTER ENTERPRISE,AL,COFFEE,237,11,
GREENE COUNTY HOSPITAL,AL,GREENE,143,25,
LAKE MARTIN COMMUNITY HOSPITAL,AL,TALLAPOOSA,Not Available,Not Available,1
FLOWERS HOSPITAL,AL,HOUSTON,Not Available,Not Available,1
ST VINCENT'S BIRMINGHAM,AL,JEFFERSON,441,11,
BIBB MEDICAL CENTER,AL,BIBB,Not Available,Not Available,1
HIGHLANDS MEDICAL CENTER,AL,JACKSON,318,30,
WIREGRASS MEDICAL CENTER,AL,GENEVA,Not Available,Not Available,"1, 3"
RUSSELL MEDICAL CENTER,AL,TALLAPOOSA,243,21,
CLAY COUNTY HOSPITAL,AL,CLAY,Not Available,Not Available,1
NORTHEAST ALABAMA REGIONAL MEDICAL CENTER,AL,CALHOUN,263,21,
ATHENS LIMESTONE HOSPITAL,AL,LIMESTONE,356,18,
BALDWIN HEALTH,AL,BALDWIN,Not Available,Not Available,1
DECATUR MORGAN HOSPITAL - DECATUR CAMPUS,AL,MORGAN,314,21,
NORTH MISSISSIPPI HEALTH SERVICES - SOUTH MARION,AL,FAYETTE,193,20,
USA HEALTH UNIVERSITY HOSPITAL,AL,MOBILE,Not Available,Not Available,1
WALKER BAPTIST MEDICAL CENTER,AL,WALKER,151,13,
"USA HEALTH HCA PROVIDENCE HOSPITAL, LLC",AL,MOBILE,Not Available,Not Available,1
GROVE HILL MEMORIAL HOSPITAL,AL,CLARKE,179,15,
DCH REGIONAL MEDICAL CENTER,AL,TUSCALOOSA,521,11,
HALE COUNTY HOSPITAL,AL,HALE,Not Available,Not Available,1
ELMORE COMMUNITY HOSPITAL,AL,ELMORE,Not Available,Not Available,1
D W MCMILLAN MEMORIAL HOSPITAL,AL,ESCAMBIA,226,12,
THOMAS HOSPITAL,AL,BALDWIN,206,20,
CITIZENS BAPTIST MEDICAL CENTER,AL,TALLADEGA,113,15,
PRINCETON BAPTIST MEDICAL CENTER,AL,JEFFERSON,217,15,
GRANDVIEW MEDICAL CENTER,AL,JEFFERSON,82,12,
PRATTVILLE BAPTIST HOSPITAL,AL,AUTAUGA,Not Available,Not Available,1
BULLOCK COUNTY HOSPITAL,AL,BULLOCK,Not Available,Not Available,5
WHITFIELD REGIONAL HOSPITAL,AL,MARENGO,162,18,
MOBILE INFIRMARY MEDICAL CENTER,AL,MOBILE,Not Available,Not Available,1
"MEDICAL WEST, AN AFFILIATE OF UAB HEALTH SYSTEM",AL,JEFFERSON,153,11,
VAUGHAN REGIONAL MEDICAL CENTER PARKWAY CAMPUS,AL,DALLAS,764,16,
LAKELAND COMMUNITY HOSPITAL,AL,WINSTON,Not Available,Not Available,1
TROY REGIONAL MEDICAL CENTER,AL,PIKE,Not Available,Not Available,1
JACKSON MEDICAL CENTER,AL,CLARKE,Not Available,Not Available,1
NORTH BALDWIN INFIRMARY,AL,BALDWIN,Not Available,Not Available,1
ST VINCENT'S ST CLAIR,AL,ST. CLAIR,Not Available,Not Available,1
CRESTWOOD MEDICAL CENTER,AL,MADISON,Not Available,Not Available,1
HILL HOSPITAL OF SUMTER COUNTY,AL,SUMTER,Not Available,Not Available,1
BAPTIST HEALTH BROOKWOOD HOSPITAL,AL,JEFFERSON,212,13,
SPRINGHILL MEDICAL CENTER,AL,MOBILE,Not Available,Not Available,1
EVERGREEN MEDICAL CENTER,AL,CONECUH,Not Available,Not Available,1
BAPTIST MEDICAL CENTER EAST,AL,MONTGOMERY,382,14,
THE HEALTH CARE AUTHORITY OF THE CITY OF GREENVILLE- LV STABLER HOSPITAL,AL,BUTLER,154,12,
NORTH ALABAMA SHOALS HOSPITAL,AL,COLBERT,160,24,
RUSSELLVILLE HOSPITAL,AL,FRANKLIN,Not Available,Not Available,1
COOSA VALLEY MEDICAL CENTER,AL,TALLADEGA,Not Available,Not Available,1
JACK HUGHSTON MEMORIAL HOSPITAL,AL,RUSSELL,Not Available,Not Available,1
ATMORE COMMUNITY HOSPITAL,AL,ESCAMBIA,Not Available,Not Available,1
ST VINCENT'S CHILTON,AL,CHILTON,Not Available,Not Available,1
BULLOCK COUNTY HOSPITAL,AL,BULLOCK,Not Available,Not Available,19
EAMC - LANIER,AL,CHAMBERS,Not Available,Not Available,19
J PAUL JONES HOSPITAL,AL,WILCOX,Not Available,Not Available,19
WASHINGTON COUNTY HOSPITAL,AL,WASHINGTON,Not Available,Not Available,5
RED BAY HOSPITAL,AL,FRANKLIN,Not Available,Not Available,1
OCHSNER CHOCTAW GENERAL,AL,CHOCTAW,Not Available,Not Available,1
ST VINCENTS BLOUNT,AL,BLOUNT,144,17,
TANNER MEDICAL CENTER-EAST ALABAMA,AL,RANDOLPH,Not Available,Not Available,1
MEDICAL CENTER BARBOUR,AL,BARBOUR,184,360,
CRENSHAW COMMUNITY HOSPITAL,AL,CRENSHAW,Not Available,Not Available,"1, 3"
WIREGRASS MEDICAL CENTER,AL,GENEVA,Not Available,Not Available,"1, 3"
LAKELAND COMMUNITY HOSPITAL,AL,WINSTON,Not Available,Not Available,5
THE CHILDREN'S HOSPITAL OF ALABAMA,AL,JEFFERSON,Not Available,Not Available,19
USA HEALTH CHILDREN'S & WOMEN'S HOSPITAL,AL,MOBILE,Not Available,Not Available,19
PROVIDENCE ALASKA MEDICAL CENTER,AK,ANCHORAGE,276,32,
MAT-SU REGIONAL MEDICAL CENTER,AK,MATANUSKA-SUSITNA,196,18,
BARTLETT REGIONAL HOSPITAL,AK,JUNEAU,172,58,
FAIRBANKS MEMORIAL HOSPITAL,AK,FAIRBANKS NORTH STAR,245,45,
ALASKA REGIONAL HOSPITAL,AK,ANCHORAGE,184,31,
YUKON KUSKOKWIM DELTA REG HOSPITAL,AK,BETHEL,Not Available,Not Available,5
CENTRAL PENINSULA GENERAL HOSPITAL,AK,KENAI PENINSULA,203,23,
ALASKA NATIVE MEDICAL CENTER,AK,ANCHORAGE,225,43,
673rd Medical Group (Joint Base Elmendorf-Richardson),AK,ANCHORAGE,Not Available,Not Available,5
Bassett ACH (FT Wainwright),AK,FAIRBANKS NORTH STAR,Not Available,Not Available,5
PROVIDENCE VALDEZ MEDICAL CENTER,AK,VALDEZ-CORDOVA,Not Available,Not Available,1
PROVIDENCE SEWARD HOSPITAL,AK,KENAI PENINSULA,198,13,
PETERSBURG MEDICAL CENTER,AK,PETERSBURG BOROUGH,94,14,3
SEARHC WRANGELL MEDICAL CENTER & LTC,AK,WRANGELL CITY AND BOROUGH,Not Available,Not Available,5
PROVIDENCE KODIAK ISLAND MEDICAL CTR,AK,KODIAK ISLAND BOROUGH,180,27,
CORDOVA COMMUNITY MEDICAL CENTER,AK,VALDEZ-CORDOVA,149,37,
NORTON SOUND REGIONAL HOSPITAL,AK,NOME,Not Available,Not Available,5
BRISTOL BAY DBA KANAKANAK HOSPITAL,AK,DILLINGHAM,294,30,3
MANIILAQ HEALTH CENTER,AK,NORTHWEST ARTIC BOROUGH,Not Available,Not Available,5
PEACEHEALTH KETCHIKAN MEDICAL CENTER,AK,KETCHIKAN GATEWAY,130,26,
SAMUEL SIMMONDS MEMORIAL HOSPITAL,AK,NORTH SLOPE BOROUH,Not Available,Not Available,5
SOUTH PENINSULA HOSPITAL,AK,KENAI PENINSULA,177,16,
SOUTHEAST ALASKA REGIONAL HEALTH CONSORTIUM,AK,SITKA BOROUGH,Not Available,Not Available,5
BANNER - UNIVERSITY MEDICAL CENTER PHOENIX,AZ,MARICOPA,390,30,
TUCSON MEDICAL CENTER,AZ,PIMA,Not Available,Not Available,1
VERDE VALLEY MEDICAL CENTER,AZ,YAVAPAI,187,17,
ST. MARY'S HOSPITAL,AZ,PIMA,400,12,
ST JOSEPH'S HOSPITAL,AZ,PIMA,268,27,
YAVAPAI REGIONAL MEDICAL CENTER,AZ,YAVAPAI,361,18,
YUMA REGIONAL MEDICAL CENTER,AZ,YUMA,409,14,
HONOR HEALTH JOHN C. LINCOLN MEDICAL CENTER,AZ,MARICOPA,Not Available,Not Available,1
BANNER CASA GRANDE MEDICAL CENTER,AZ,PINAL,270,20,
VALLEYWISE HEALTH MEDICAL CENTER,AZ,MARICOPA,455,15,
FLAGSTAFF MEDICAL CENTER,AZ,COCONINO,264,26,
ST JOSEPHS HOSPITAL AND MEDICAL CENTER,AZ,MARICOPA,Not Available,Not Available,1
ABRAZO CENTRAL CAMPUS,AZ,MARICOPA,205,23,
CHANDLER REGIONAL MEDICAL CENTER,AZ,MARICOPA,Not Available,Not Available,1
HONORHEALTH TEMPE MEDICAL CENTER,AZ,MARICOPA,152,46,
HONORHEALTH SCOTTSDALE OSBORN MEDICAL CENTER,AZ,MARICOPA,261,25,
CANYON VISTA MEDICAL CENTER,AZ,COCHISE,186,30,
KINGMAN REGIONAL MEDICAL CENTER,AZ,MOHAVE,291,17,
BANNER BOSWELL MEDICAL CENTER,AZ,MARICOPA,285,14,
SUMMIT HEALTHCARE REGIONAL MEDICAL CENTER,AZ,NAVAJO,433,28,
BANNER - UNIVERSITY MEDICAL CENTER TUCSON CAMPUS,AZ,PIMA,584,20,
BANNER DESERT MEDICAL CENTER,AZ,MARICOPA,547,23,
HAVASU REGIONAL MEDICAL CENTER,AZ,MOHAVE,306,19,
FORT DEFIANCE INDIAN HOSPITAL,AZ,APACHE,Not Available,Not Available,5
TUBA CITY REGIONAL HEALTH CARE CORPORATION,AZ,COCONINO,342,23,
SELLS HOSPITAL,AZ,PIMA,Not Available,Not Available,5
PHOENIX INDIAN MEDICAL CENTER,AZ,MARICOPA,Not Available,Not Available,5
ABRAZO SCOTTSDALE CAMPUS,AZ,MARICOPA,274,20,
CHINLE COMPREHENSIVE HEALTH CARE FACILITY,AZ,APACHE,Not Available,Not Available,5
NORTHWEST MEDICAL CENTER,AZ,PIMA,579,19,
HONORHEALTH SCOTTSDALE SHEA MEDICAL CENTER,AZ,MARICOPA,343,11,
BANNER BAYWOOD MEDICAL CENTER,AZ,MARICOPA,305,14,
BANNER THUNDERBIRD MEDICAL CENTER,AZ,MARICOPA,361,19,
HONORHEALTH DEER VALLEY MEDICAL CENTER,AZ,MARICOPA,254,20,
BANNER DEL E. WEBB MEDICAL CENTER,AZ,MARICOPA,289,22,
ABRAZO ARROWHEAD HOSPITAL,AZ,MARICOPA,180,28,
WESTERN ARIZONA REGIONAL MEDICAL CENTER,AZ,MOHAVE,248,24,
MAYO CLINIC HOSPITAL,AZ,MARICOPA,Not Available,Not Available,1
BANNER HEART HOSPITAL,AZ,MARICOPA,Not Available,Not Available,5
ARIZONA SPINE AND JOINT HOSPITAL,AZ,MARICOPA,Not Available,Not Available,5
THE CORE INSTITUTE SPECIALTY HOSP,AZ,MARICOPA,Not Available,Not Available,5
ABRAZO WEST CAMPUS,AZ,MARICOPA,Not Available,Not Available,1
BANNER-UNIVERSITY MEDICAL CENTER SOUTH CAMPUS,AZ,PIMA,350,30,
ARIZONA ORTHOPEDIC AND SURGICAL SPECIALTY HOSPITAL,AZ,MARICOPA,Not Available,Not Available,5
WHITERIVER PHS INDIAN HOSPITAL,AZ,NAVAJO,Not Available,Not Available,5
ORO VALLEY HOSPITAL,AZ,PIMA,Not Available,Not Available,1
BANNER ESTRELLA MEDICAL CENTER,AZ,MARICOPA,334,14,
VALLEY VIEW MEDICAL CENTER,AZ,MOHAVE,214,15,
MERCY GILBERT MEDICAL CENTER,AZ,MARICOPA,318,16,
HONORHEALTH FOUR PEAKS MEDICAL CENTER,AZ,MARICOPA,194,36,
BANNER GATEWAY MEDICAL CENTER,AZ,MARICOPA,Not Available,Not Available,1
HONORHEALTH SCOTTSDALE THOMPSON PEAK MED CTR,AZ,MARICOPA,Not Available,Not Available,1
BANNER IRONWOOD MEDICAL CENTER,AZ,PINAL,356,20,
BANNER GOLDFIELD MEDICAL CENTER,AZ,PINAL,297,20,
DIGNITY HEALTH - ARIZONA GENERAL HOSPITAL,AZ,MARICOPA,Not Available,Not Available,1
CITY OF HOPE CANCER CENTER PHOENIX,AZ,MARICOPA,Not Available,Not Available,5
DIGNITY HEALTH ARIZONA GENERAL HOSPITAL,AZ,MARICOPA,Not Available,Not Available,1
HONORHEALTH SONORAN CROSSING MEDICAL CENTER,AZ,MARICOPA,Not Available,Not Available,1
BANNER OCOTILLO MEDICAL CENTER,AZ,MARICOPA,404,14,
NORTHWEST MEDICAL CENTER SAHUARITA,AZ,PIMA,250,14,
EXCEPTIONAL COMMUNITY HOSPITAL - MARICOPA,AZ,PINAL,Not Available,Not Available,5
EAST VALLEY ER & HOSPITAL,AZ,MARICOPA,Not Available,Not Available,5
EXCEPTIONAL COMMUNITY HOSPITAL YUMA,AZ,YUMA,Not Available,Not Available,5
EXCEPTIONAL COMMUNITY HOSPITAL BULLHEAD CITY,AZ,MOHAVE,Not Available,Not Available,5
KAYENTA ALTERNATIVE RURAL HOSPITAL,AZ,NAVAJO,Not Available,Not Available,19
EXCEPTIONAL COMMUNITY HOSPITAL PRESCOTT,AZ,YAVAPAI,Not Available,Not Available,19
WICKENBURG COMMUNITY HOSPITAL,AZ,MARICOPA,Not Available,Not Available,"1, 3"
BENSON HOSPITAL,AZ,COCHISE,Not Available,Not Available,"1, 3"
"NORTHERN COCHISE COMMUNITY HOSPITAL, INC.",AZ,COCHISE,Not Available,Not Available,5
PAGE HOSPITAL,AZ,COCONINO,92,32,
HOPI HEALTH CARE CENTER,AZ,NAVAJO,Not Available,Not Available,5
PARKER INDIAN HEALTH CENTER,AZ,LAPAZ,Not Available,Not Available,5
HUHU KAM MEMORIAL HOSPITAL,AZ,PINAL,230,12,
SAGE MEMORIAL HOSPITAL,AZ,APACHE,Not Available,Not Available,5
LITTLE COLORADO MEDICAL CENTER,AZ,NAVAJO,320,41,
COPPER QUEEN COMMUNITY HOSPITAL,AZ,COCHISE,95,15,
HOLY CROSS HOSPITAL,AZ,SANTA CRUZ,161,31,
COBRE VALLEY REGIONAL MEDICAL CENTER,AZ,GILA,164,16,
WHITE MOUNTAIN REGIONAL MEDICAL CENTER,AZ,APACHE,Not Available,Not Available,1
LA PAZ REGIONAL HOSPITAL,AZ,LAPAZ,Not Available,Not Available,5
BANNER PAYSON MEDICAL CENTER,AZ,GILA,170,17,
MT. GRAHAM REGIONAL MEDICAL CENTER,AZ,GRAHAM,159,13,
SAN CARLOS APACHE HEALTHCARE CORPORATION,AZ,GILA,Not Available,Not Available,5
PHOENIX CHILDREN'S HOSPITAL,AZ,MARICOPA,Not Available,Not Available,19
SILOAM SPRINGS REGIONAL HOSPITAL,AR,BENTON,185,19,
JOHNSON REGIONAL MEDICAL CENTER,AR,JOHNSON,201,13,
WASHINGTON REGIONAL MEDICAL CENTER,AR,WASHINGTON,281,17,
CHI-ST VINCENT INFIRMARY,AR,PULASKI,254,12,
MERCY HOSPITAL NORTHWEST ARKANSAS,AR,BENTON,209,11,
CHAMBERS MEMORIAL HOSPITAL,AR,YELL,Not Available,Not Available,1
WHITE COUNTY MEDICAL CENTER,AR,WHITE,270,28,
University of Arkansas Medical Sciences,AR,PULASKI,282,416,
NORTH ARKANSAS REGIONAL MEDICAL CENTER,AR,BOONE,276,14,
BAPTIST HEALTH - VAN BUREN,AR,CRAWFORD,Not Available,Not Available,1
FORREST CITY MEDICAL CENTER,AR,ST. FRANCIS,213,15,
ST BERNARDS MEDICAL CENTER,AR,CRAIGHEAD,237,16,
NORTHWEST MEDICAL CENTER-SPRINGDALE,AR,WASHINGTON,Not Available,Not Available,1
CHI ST. VINCENT HOSPITAL HOT SPRINGS,AR,GARLAND,311,21,
BAXTER HEALTH,AR,BAXTER,Not Available,Not Available,1
"CONWAY REGIONAL MEDICAL CENTER, INC",AR,FAULKNER,180,15,
BAPTIST HEALTH MEDICAL CENTER NORTH LITTLE ROCK,AR,PULASKI,248,12,
ARKANSAS METHODIST MEDICAL CENTER,AR,GREENE,236,29,
ST MARYS REGIONAL MEDICAL CENTER,AR,POPE,152,13,
OUACHITA COUNTY MEDICAL CENTER,AR,OUACHITA,168,11,
BAPTIST HEALTH MEDICAL CENTER-DREW COUNTY,AR,DREW,156,11,
BAPTIST HEALTH - FORT SMITH,AR,SEBASTIAN,166,16,
MERCY HOSPITAL FORT SMITH,AR,SEBASTIAN,284,18,
GREAT RIVER MEDICAL CENTER,AR,MISSISSIPPI,126,14,
JEFFERSON REGIONAL MEDICAL CENTER,AR,JEFFERSON,280,22,
BAPTIST HEALTH MEDICAL CENTER-STUTTGART,AR,ARKANSAS,184,16,
BAPTIST HEALTH MEDICAL CENTER-HOT SPRINGS COUNTY,AR,HOT SPRING,176,12,
NATIONAL PARK MEDICAL CENTER,AR,GARLAND,215,33,
SALINE MEMORIAL HOSPITAL,AR,SALINE,192,26,
SOUTH ARKANSAS REGIONAL HOSPITAL LLC,AR,UNION,Not Available,Not Available,1
BAPTIST HEALTH MEDICAL CENTER-LITTLE ROCK,AR,PULASKI,228,14,
"BAPTIST MEMORIAL HOSPITAL JONESBORO, INC.",AR,CRAIGHEAD,173,15,
WHITE RIVER MEDICAL CENTER,AR,INDEPENDENCE,Not Available,Not Available,1
LEVI HOSPITAL,AR,GARLAND,Not Available,Not Available,5
"ARKANSAS HEART HOSPITAL, LLC",AR,PULASKI,Not Available,Not Available,1
ST VINCENT MEDICAL CENTER/NORTH,AR,PULASKI,Not Available,Not Available,1
ARKANSAS SURGICAL HOSPITAL,AR,PULASKI,Not Available,Not Available,1
SOUTHWEST REGIONAL MEDICAL CENTER LLC,AR,HEMPSTEAD,Not Available,Not Available,"1, 3"
BAPTIST HEALTH MEDICAL CENTER- CONWAY,AR,FAULKNER,318,12,
"BAPTIST MEMORIAL HOSPITAL-CRITTENDEN, INC",AR,CRITTENDEN,308,20,
ARKANSAS HEART HOSPITAL-ENCORE,AR,SALINE,Not Available,Not Available,1
UNITY HEALTH - JACKSONVILLE,AR,PULASKI,266,17,
ST BERNARDS FIVE RIVERS MEDICAL CENTER,AR,RANDOLPH,Not Available,Not Available,19
EUREKA SPRINGS HOSPITAL COMMISSION,AR,CARROLL,Not Available,Not Available,19
HELENA REGIONAL MEDICAL CENTER,AR,PHILLIPS,Not Available,Not Available,19
SOUTH MISSISSIPPI COUNTY REGIONAL MEDICAL CENTER,AR,MISSISSIPPI,Not Available,Not Available,19
"DEWITT HOSPITAL & NURSING HOME, INC",AR,ARKANSAS,Not Available,Not Available,19
MERCY HOSPITAL PARIS,AR,LOGAN,Not Available,Not Available,1
DARDANELLE REGIONAL MEDICAL CENTER,AR,YELL,123,12,
MERCY HOSPITAL OZARK,AR,FRANKLIN,Not Available,Not Available,1
MERCY HOSPITAL WALDRON,AR,SCOTT,Not Available,Not Available,1
IZARD REGIONAL HOSPITAL LLC,AR,BAXTER,Not Available,Not Available,1
CROSSRIDGE COMMUNITY HOSPITAL,AR,CROSS,Not Available,Not Available,1
MCGEHEE HOSPITAL,AR,DESHA,Not Available,Not Available,"1, 3"
LAWRENCE MEMORIAL HOSPITAL,AR,LAWRENCE,181,13,
STONE COUNTY MEDICAL CENTER,AR,STONE,175,17,
HOWARD MEMORIAL HOSPITAL,AR,HOWARD,162,14,
BAPTIST HEALTH MEDICAL CENTER HEBER SPRINGS,AR,CLEBURNE,232,14,
OZARK HEALTH,AR,VAN BUREN,Not Available,Not Available,1
DALLAS COUNTY MEDICAL CENTER,AR,DALLAS,132,11,3
MERCY HOSPITAL BOONEVILLE,AR,LOGAN,Not Available,Not Available,1
LITTLE RIVER MEMORIAL HOSPITAL,AR,LITTLE RIVER,Not Available,Not Available,1
BAPTIST HEALTH MEDICAL CENTER-ARKADELPHIA,AR,CLARK,154,22,
BAXTER HEALTH FULTON COUNTY HOSPITAL,AR,FULTON,Not Available,Not Available,5
ASHLEY COUNTY MEDICAL CENTER,AR,ASHLEY,145,16,
CHI ST VINCENT MORRILTON,AR,CONWAY,109,13,
DELTA MEMORIAL HOSPITAL,AR,DESHA,Not Available,Not Available,1
BRADLEY COUNTY MEDICAL CENTER,AR,BRADLEY,225,16,
CHICOT MEMORIAL MEDICAL CENTER,AR,CHICOT,Not Available,Not Available,"1, 3"
MERCY HOSPITAL BERRYVILLE,AR,CARROLL,200,13,
PIGGOTT COMMUNITY HOSPITAL,AR,CLAY,168,12,
OZARKS COMMUNITY HOSPITAL OF GRAVETTE,AR,BENTON,Not Available,Not Available,5
UNITY HEALTH - NEWPORT,AR,JACKSON,265,11,
SEVIER COUNTY MEDICAL CENTER,AR,SEVIER,Not Available,Not Available,19
MENA REGIONAL HEALTH SYSTEM,AR,POLK,225,17,3
SOUTHWEST REGIONAL MEDICAL CENTER LLC,AR,HEMPSTEAD,Not Available,Not Available,19
ARKANSAS CHILDREN'S HOSPITAL,AR,PULASKI,Not Available,Not Available,19
"ARKANSAS CHILDREN'S NORTHWEST, INC",AR,WASHINGTON,Not Available,Not Available,19
ST ROSE HOSPITAL,CA,ALAMEDA,154,30,
PROVIDENCE ST JOSEPH HOSPITAL,CA,HUMBOLDT,357,21,
PENINSULA MEDICAL CENTER,CA,SAN MATEO,272,23,
CALIFORNIA PACIFIC MEDICAL CTR-DAVIES CAMPUS HOSP,CA,SAN FRANCISCO,192,41,
PROVIDENCE QUEEN OF THE VALLEY MEDICAL CENTER,CA,NAPA,215,21,
ADVENTIST HEALTH ST HELENA,CA,NAPA,364,14,
SUTTER AMADOR HOSPITAL,CA,AMADOR,260,16,
MERCY GENERAL HOSPITAL,CA,SACRAMENTO,246,12,
RIVERSIDE COMMUNITY HOSPITAL,CA,RIVERSIDE,Not Available,Not Available,1
PARADISE VALLEY HOSPITAL,CA,SAN DIEGO,234,44,
UC SAN DIEGO HEALTH HILLCREST - HILLCREST MED CTR,CA,SAN DIEGO,334,21,
GROSSMONT HOSPITAL,CA,SAN DIEGO,166,28,
MAD RIVER COMMUNITY HOSPITAL,CA,HUMBOLDT,338,15,
OROVILLE HOSPITAL,CA,BUTTE,466,12,
BAKERSFIELD MEMORIAL HOSPITAL,CA,KERN,Not Available,Not Available,1
SANTA CLARA VALLEY MEDICAL CENTER,CA,SANTA CLARA,235,44,
ENLOE HEALTH,CA,BUTTE,132,15,
LAC/OLIVE VIEW-UCLA MEDICAL CENTER,CA,LOS ANGELES,434,12,
ST ELIZABETH COMMUNITY HOSPITAL,CA,TEHAMA,133,14,
ALTA BATES SUMMIT MEDICAL CENTER,CA,ALAMEDA,323,32,
EL CENTRO REGIONAL MEDICAL CENTER,CA,IMPERIAL,265,17,
CALIFORNIA PACIFIC MEDICAL CENTER- VAN NESS CAMPUS,CA,SAN FRANCISCO,319,21,
SAN GORGONIO MEMORIAL HOSPITAL,CA,RIVERSIDE,314,16,
CALIFORNIA PACIFIC MEDICAL CENTER - MISSION BERNAL,CA,SAN FRANCISCO,342,48,
ANTELOPE VALLEY HOSPITAL,CA,LOS ANGELES,316,17,
KAWEAH HEALTH MEDICAL CENTER,CA,TULARE,619,47,
GLENDALE MEM HOSPITAL & HLTH CENTER,CA,LOS ANGELES,Not Available,Not Available,1
COMMUNITY REGIONAL MEDICAL CENTER,CA,FRESNO,357,84,
HOLLYWOOD PRESBYTERIAN MEDICAL CENTER,CA,LOS ANGELES,568,19,
OAK VALLEY HOSPITAL DISTRICT,CA,STANISLAUS,Not Available,Not Available,1
PROVIDENCE ST. JOSEPH HOSPITAL,CA,ORANGE,274,31,
KAISER FOUNDATION HOSPITAL - SOUTH SAN FRANCISCO,CA,SAN MATEO,Not Available,Not Available,5
KAISER FOUNDATION HOSPITAL-SANTA CLARA,CA,SANTA CLARA,Not Available,Not Available,5
KAISER FOUNDATION HOSPITAL - WALNUT CREEK,CA,CONTRA COSTA,Not Available,Not Available,5
KAISER FOUNDATION HOSPITAL AND REHAB CENTER,CA,SOLANO,Not Available,Not Available,5
KAISER FOUNDATION HOSPITAL - OAKLAND/RICHMOND,CA,ALAMEDA,Not Available,Not Available,5
KAISER FOUNDATION HOSPITAL - SAN FRANCISCO,CA,SAN FRANCISCO,Not Available,Not Available,5
SCRIPPS MERCY HOSPITAL,CA,SAN DIEGO,208,42,
PROVIDENCE LITTLE CO OF MARY MED CTR SAN PEDRO,CA,LOS ANGELES,202,20,
ST JOHNS REGIONAL MEDICAL CENTER,CA,VENTURA,221,39,
ST JOSEPH'S MEDICAL CENTER OF STOCKTON,CA,SAN JOAQUIN,302,19,
COMMUNITY HOSPITAL OF SAN BERNARDINO,CA,SAN BERNARDINO,Not Available,Not Available,1
SONOMA VALLEY HOSPITAL,CA,SONOMA,252,18,
COMMUNITY HOSPITAL OF HUNTINGTON PARK,CA,LOS ANGELES,546,12,
SAINT AGNES MEDICAL CENTER,CA,FRESNO,477,34,
SAN ANTONIO REGIONAL HOSPITAL,CA,SAN BERNARDINO,209,14,
SHARP MEMORIAL HOSPITAL,CA,SAN DIEGO,216,22,
SUTTER SOLANO MEDICAL CENTER,CA,SOLANO,270,16,
PARKVIEW COMMUNITY HOSPITAL MEDICAL CENTER,CA,RIVERSIDE,200,13,
ADVENTIST HEALTH WHITE MEMORIAL,CA,LOS ANGELES,182,12,
SAINT FRANCIS MEDICAL CENTER,CA,LOS ANGELES,344,23,
MARIAN REGIONAL MEDICAL CENTER,CA,SANTA BARBARA,310,35,
"SUTTER MEDICAL CENTER, SACRAMENTO",CA,SACRAMENTO,203,11,
LOMPOC VALLEY MEDICAL CENTER,CA,SANTA BARBARA,378,19,
SANTA MONICA - UCLA MED CTR & ORTHOPAEDIC HOSPITAL,CA,LOS ANGELES,442,12,
SAN MATEO MEDICAL CENTER,CA,SAN MATEO,248,19,
PALOMAR HEALTH DOWNTOWN CAMPUS,CA,SAN DIEGO,294,20,
NORTHRIDGE HOSPITAL MEDICAL CENTER,CA,LOS ANGELES,359,18,
DOCTORS HOSPITAL OF MANTECA,CA,SAN JOAQUIN,134,15,
ADVENTIST HEALTH HANFORD,CA,KINGS,224,12,
DAMERON HOSPITAL,CA,SAN JOAQUIN,169,21,
USC VERDUGO HILLS HOSPITAL,CA,LOS ANGELES,486,14,
VALLEY PRESBYTERIAN HOSPITAL,CA,LOS ANGELES,233,12,
WOODLAND MEMORIAL HOSPITAL,CA,YOLO,165,17,
TRI-CITY MEDICAL CENTER,CA,SAN DIEGO,324,25,
ST BERNARDINE MEDICAL CENTER,CA,SAN BERNARDINO,164,21,
NOVATO COMMUNITY HOSPITAL,CA,MARIN,129,23,
SAN GABRIEL VALLEY MEDICAL CENTER,CA,LOS ANGELES,452,12,
ADVENTIST HEALTH AND RIDEOUT,CA,YUBA,475,28,
SOUTHERN CALIFORNIA HOSPITAL AT HOLLYWOOD,CA,LOS ANGELES,305,39,
PETALUMA VALLEY HOSPITAL,CA,SONOMA,274,22,
KAISER FOUNDATION HOSPITAL - PANORAMA CITY,CA,LOS ANGELES,Not Available,Not Available,5
KAISER FOUNDATION HOSPITAL - LOS ANGELES,CA,LOS ANGELES,Not Available,Not Available,5
KAISER FOUNDATION HOSPITAL - DOWNEY,CA,LOS ANGELES,Not Available,Not Available,5
KAISER FOUNDATION HOSPITAL FONTANA/ONTARIO,CA,SAN BERNARDINO,Not Available,Not Available,5
COMMUNITY HOSPITAL OF THE MONTEREY PENINSULA,CA,MONTEREY,270,24,
CALIFORNIA HOSPITAL MEDICAL CENTER LA,CA,LOS ANGELES,Not Available,Not Available,1
SIERRA NEVADA MEMORIAL HOSPITAL,CA,NEVADA,148,23,
UCSF HEALTH SAINT FRANCIS HOSPITAL,CA,SAN FRANCISCO,173,77,
ENCINO HOSPITAL MEDICAL CENTER,CA,LOS ANGELES,226,29,
VENTURA COUNTY MEDICAL CENTER,CA,VENTURA,218,22,
60th Medical Group (Travis AFB),CA,SOLANO,Not Available,Not Available,5
SAN JOAQUIN GENERAL HOSPITAL,CA,SAN JOAQUIN,297,44,
PROVIDENCE ST. JUDE MEDICAL CENTER,CA,ORANGE,217,13,
PIH HEALTH HOSPITAL-WHITTIER,CA,LOS ANGELES,Not Available,Not Available,"1, 3"
PROVIDENCE SANTA ROSA MEMORIAL HOSPITAL,CA,SONOMA,227,27,
EMANUEL MEDICAL CENTER,CA,STANISLAUS,297,20,
JOHN MUIR MEDICAL CENTER - WALNUT CREEK CAMPUS,CA,CONTRA COSTA,Not Available,Not Available,1
ST MARY MEDICAL CENTER,CA,LOS ANGELES,179,11,
ADVENTIST HEALTH REEDLEY,CA,FRESNO,Not Available,Not Available,1
WATSONVILLE COMMUNITY HOSPITAL,CA,SANTA CRUZ,208,21,
WASHINGTON HOSPITAL,CA,ALAMEDA,214,22,
SEQUOIA HOSPITAL,CA,SAN MATEO,Not Available,Not Available,1
PALMDALE REGIONAL MEDICAL CENTER,CA,LOS ANGELES,299,14,
NH Camp Pendleton,CA,SAN DIEGO,Not Available,Not Available,5
ALAMEDA HOSPITAL,CA,ALAMEDA,345,14,
SHARP CHULA VISTA MEDICAL CENTER,CA,SAN DIEGO,Not Available,Not Available,1
HOAG MEMORIAL HOSPITAL PRESBYTERIAN,CA,ORANGE,258,22,
AHMC ANAHEIM REGIONAL MEDICAL CENTER,CA,ORANGE,198,21,
ZUCKERBERG SAN FRANCISCO GENERAL HOSP & TRAUMA CTR,CA,SAN FRANCISCO,64,54,
NMC San Diego,CA,SAN DIEGO,Not Available,Not Available,5
GARDEN GROVE HOSPITAL & MEDICAL CENTER,CA,ORANGE,140,41,
POMONA VALLEY HOSPITAL MEDICAL CENTER,CA,LOS ANGELES,675,15,
FRENCH HOSPITAL MEDICAL CENTER,CA,SAN LUIS OBISPO,384,17,
SHARP CORONADO HOSPITAL AND HLTHCR CTR,CA,SAN DIEGO,184,12,
PROVIDENCE SAINT JOSEPH MEDICAL CTR,CA,LOS ANGELES,Not Available,Not Available,1
ADVENTIST HEALTH SIMI VALLEY,CA,VENTURA,241,15,
USC ARCADIA HOSPITAL,CA,LOS ANGELES,399,17,
GLENDALE ADVENTIST MEDICAL CENTER,CA,LOS ANGELES,390,22,
DOMINICAN HOSPITAL,CA,SANTA CRUZ,180,25,
DESERT REGIONAL MEDICAL CENTER,CA,RIVERSIDE,234,23,
ARROWHEAD REGIONAL MEDICAL CENTER,CA,SAN BERNARDINO,154,45,
NATIVIDAD MEDICAL CENTER,CA,MONTEREY,350,54,
MARSHALL MEDICAL CENTER,CA,EL DORADO,286,27,
"GOOD SAMARITAN HOSPITAL, LP",CA,KERN,Not Available,Not Available,5
SIERRA VIEW MEDICAL CENTER,CA,TULARE,299,20,
RONALD REAGAN UCLA MEDICAL CENTER,CA,LOS ANGELES,541,44,
REDLANDS COMMUNITY HOSPITAL,CA,SAN BERNARDINO,288,14,
CONTRA COSTA REGIONAL MEDICAL CENTER,CA,CONTRA COSTA,416,33,
PROVIDENCE HOLY CROSS MEDICAL CENTER,CA,LOS ANGELES,Not Available,Not Available,1
HI-DESERT MEDICAL CENTER,CA,SAN BERNARDINO,153,21,
MERCY MEDICAL CENTER REDDING,CA,SHASTA,251,16,
ALHAMBRA HOSPITAL MEDICAL CENTER,CA,LOS ANGELES,215,17,
STANFORD HEALTH CARE TRI-VALLEY,CA,ALAMEDA,400,16,
AHMC SETON MEDICAL CENTER,CA,SAN MATEO,242,27,
SAINT JOHN'S HEALTH CENTER,CA,LOS ANGELES,380,24,
SUTTER SANTA ROSA REGIONAL HOSPITAL,CA,SONOMA,302,20,
RIVERSIDE UNIVERSITY HEALTH SYSTEM-MEDICAL CENTER,CA,RIVERSIDE,654,37,
MERCY HOSPITAL,CA,KERN,216,12,
BARSTOW COMMUNITY HOSPITAL,CA,SAN BERNARDINO,306,15,
PROVIDENCE ST MARY MEDICAL CENTER,CA,SAN BERNARDINO,212,12,
ADVENTIST HEALTH UKIAH VALLEY,CA,MENDOCINO,108,23,
ALTA BATES SUMMIT MEDICAL CENTER - ALTA BATES CAMP,CA,ALAMEDA,279,30,
EL CAMINO HEALTH,CA,SANTA CLARA,262,45,
SUTTER ROSEVILLE MEDICAL CENTER,CA,PLACER,317,17,
SUTTER TRACY COMMUNITY HOSPITAL,CA,SAN JOAQUIN,Not Available,Not Available,1
KERN MEDICAL CENTER,CA,KERN,533,43,
HIGHLAND HOSPITAL,CA,ALAMEDA,290,70,
SCRIPPS MEMORIAL HOSPITAL LA JOLLA,CA,SAN DIEGO,238,12,
LOMA LINDA UNIVERSITY MEDICAL CENTER,CA,SAN BERNARDINO,402,18,
CORONA REGIONAL MEDICAL CENTER,CA,RIVERSIDE,407,15,
SALINAS VALLEY HEALTH MEDICAL CENTER,CA,MONTEREY,Not Available,Not Available,1
ADVENTIST HEALTH SONORA,CA,TUOLUMNE,302,18,
ADVENTIST HEALTH LODI MEMORIAL,CA,SAN JOAQUIN,296,22,
PIONEERS MEMORIAL HEALTHCARE DISTRICT,CA,IMPERIAL,Not Available,Not Available,1
UCI HEALTH-ORANGE,CA,ORANGE,928,17,
ADVENTIST HEALTH WHITE MEMORIAL MONTEBELLO,CA,LOS ANGELES,Not Available,Not Available,5
TORRANCE MEMORIAL MEDICAL CENTER,CA,LOS ANGELES,Not Available,Not Available,1
BARTON MEMORIAL HOSPITAL,CA,EL DORADO,295,15,
PROVIDENCE LITTLE COMPANY OF MARY MED CTR TORRANCE,CA,LOS ANGELES,357,26,
GOLETA VALLEY COTTAGE HOSPITAL,CA,SANTA BARBARA,172,26,
MARINHEALTH MEDICAL CENTER,CA,MARIN,232,22,
NORTHBAY MEDICAL CENTER,CA,SOLANO,322,32,
LOS ANGELES GENERAL MEDICAL CENTER,CA,LOS ANGELES,421,14,
LAC/HARBOR-UCLA MED CENTER,CA,LOS ANGELES,654,15,
PACIFICA HOSPITAL OF THE VALLEY,CA,LOS ANGELES,353,29,
GOOD SAMARITAN HOSPITAL,CA,SANTA CLARA,284,22,
EMANATE HEALTH INTER-COMMUNITY HOSPITAL,CA,LOS ANGELES,304,13,
HEMET GLOBAL MEDICAL CENTER,CA,RIVERSIDE,305,25,
PIH HEALTH DOWNEY HOSPITAL,CA,LOS ANGELES,Not Available,Not Available,"1, 3"
COMMUNITY MEMORIAL HOSPITAL - VENTURA,CA,VENTURA,Not Available,Not Available,1
SANTA BARBARA COTTAGE HOSPITAL,CA,SANTA BARBARA,222,28,
NH Twentynine Palms,CA,SAN BERNARDINO,Not Available,Not Available,5
CHINESE HOSPITAL,CA,SAN FRANCISCO,192,22,
KAISER FOUNDATION HOSPITAL - SOUTH BAY,CA,LOS ANGELES,Not Available,Not Available,5
MERCY HOSPITAL OF FOLSOM,CA,SACRAMENTO,299,15,
SUTTER COAST HOSPITAL,CA,DEL NORTE,382,16,
Weed ACH (FT Irwin),CA,SAN BERNARDINO,Not Available,Not Available,5
SCRIPPS GREEN HOSPITAL,CA,SAN DIEGO,Not Available,Not Available,5
KAISER FOUNDATION HOSPITAL - SACRAMENTO,CA,SACRAMENTO,Not Available,Not Available,5
WEST ANAHEIM MEDICAL CENTER,CA,ORANGE,314,50,
HUNTINGTON HOSPITAL,CA,LOS ANGELES,460,14,
STANFORD HEALTH CARE,CA,SANTA CLARA,430,12,
MERCY MEDICAL CENTER,CA,MERCED,596,21,
UCSF MEDICAL CENTER,CA,SAN FRANCISCO,428,14,
ADVENTIST HEALTH BAKERSFIELD,CA,KERN,298,14,
UCSF HEALTH ST. MARY'S HOSPITAL,CA,SAN FRANCISCO,206,38,
DOCTORS MEDICAL CENTER,CA,STANISLAUS,164,36,
MEMORIAL HOSPITAL OF GARDENA,CA,LOS ANGELES,292,29,
PIH HEALTH GOOD SAMARITAN HOSPITAL,CA,LOS ANGELES,316,14,3
UCLA WEST VALLEY MEDICAL CENTER,CA,LOS ANGELES,306,11,
MEMORIALCARE LONG BEACH MEDICAL CENTER,CA,LOS ANGELES,Not Available,Not Available,1
EDEN MEDICAL CENTER,CA,ALAMEDA,434,14,
CLOVIS COMMUNITY MEDICAL CENTER,CA,FRESNO,488,64,
JOHN MUIR MEDICAL CENTER - CONCORD CAMPUS,CA,CONTRA COSTA,285,23,
SUTTER AUBURN FAITH HOSPITAL,CA,PLACER,235,17,
SCRIPPS MEMORIAL HOSPITAL - ENCINITAS,CA,SAN DIEGO,212,13,
ADVENTIST HEALTH SIERRA VISTA,CA,SAN LUIS OBISPO,248,24,
KAISER FOUNDATION HOSPITAL,CA,MARIN,Not Available,Not Available,5
KAISER FOUNDATION HOSPITAL - FREMONT,CA,ALAMEDA,Not Available,Not Available,5
KAISER FOUNDATION HOSPITAL - SAN DIEGO,CA,SAN DIEGO,Not Available,Not Available,5
MERCY SAN JUAN MEDICAL CENTER,CA,SACRAMENTO,330,22,
VICTOR VALLEY GLOBAL MEDICAL CENTER,CA,SAN BERNARDINO,285,24,
SUTTER DELTA MEDICAL CENTER,CA,CONTRA COSTA,347,15,
HUNTINGTON BEACH HOSPITAL,CA,ORANGE,280,71,
MEMORIAL HOSPITAL LOS BANOS,CA,MERCED,Not Available,Not Available,1
JOHN F KENNEDY MEMORIAL HOSPITAL,CA,RIVERSIDE,164,26,
SUTTER DAVIS HOSPITAL,CA,YOLO,200,13,
KAISER FOUNDATION HOSPITAL - REDWOOD CITY,CA,SAN MATEO,Not Available,Not Available,5
COLLEGE HOSPITAL COSTA MESA,CA,ORANGE,Not Available,Not Available,5
PORTERVILLE DEVELOPMENTAL CENTER,CA,TULARE,Not Available,Not Available,19
LOS ROBLES HOSPITAL & MEDICAL CENTER,CA,VENTURA,176,11,
UCI HEALTH - LOS ALAMITOS,CA,ORANGE,Not Available,Not Available,1
MEMORIAL MEDICAL CENTER,CA,STANISLAUS,Not Available,Not Available,1
KAISER FOUNDATION HOSPITAL - WEST LA,CA,LOS ANGELES,Not Available,Not Available,5
PROVIDENCE MISSION HOSPITAL,CA,ORANGE,408,23,
UCI HEALTH - FOUNTAIN VALLEY,CA,ORANGE,Not Available,Not Available,1
EISENHOWER MEDICAL CENTER,CA,RIVERSIDE,Not Available,Not Available,1
LA PALMA INTERCOMMUNITY HOSPITAL,CA,ORANGE,282,27,
UCI HEALTH-LAKEWOOD,CA,LOS ANGELES,Not Available,Not Available,1
CHINO VALLEY MEDICAL CENTER,CA,SAN BERNARDINO,218,14,
SAN DIMAS COMMUNITY HOSPITAL,CA,LOS ANGELES,169,19,
METHODIST HOSPITAL OF SACRAMENTO,CA,SACRAMENTO,284,18,
EMANATE HEALTH FOOTHILL PRESBYTERIAN HOSPITAL,CA,LOS ANGELES,388,12,
UNIVERSITY OF CALIFORNIA DAVIS MEDICAL CENTER,CA,SACRAMENTO,344,24,
MEMORIALCARE SADDLEBACK MEDICAL CENTER,CA,ORANGE,Not Available,Not Available,1
KAISER FOUNDATION HOSPITAL-SAN JOSE,CA,SANTA CLARA,Not Available,Not Available,5
ADVENTIST HEALTH DELANO,CA,KERN,Not Available,Not Available,1
KAISER FOUNDATION HOSPITAL - ORANGE COUNTY - ANAHEIM,CA,ORANGE,Not Available,Not Available,5
HENRY MAYO NEWHALL  HOSPITAL,CA,LOS ANGELES,226,45,
CEDARS-SINAI MEDICAL CENTER,CA,LOS ANGELES,380,16,
ADVENTIST HEALTH TWIN CITIES,CA,SAN LUIS OBISPO,228,17,
PALOMAR MEDICAL CENTER POWAY,CA,SAN DIEGO,Not Available,Not Available,1
EAST LOS ANGELES DOCTORS HOSPITAL,CA,LOS ANGELES,192,22,
LOS ANGELES COMMUNITY HOSPITAL,CA,LOS ANGELES,272,49,
LAGUNA HONDA HOSPITAL & REHABILITATION CENTER,CA,SAN FRANCISCO,Not Available,Not Available,5
KAISER FOUNDATION HOSP SO SACRAMENTO,CA,SACRAMENTO,Not Available,Not Available,5
KAISER FOUNDATION HOSPITAL - WOODLAND HILLS,CA,LOS ANGELES,Not Available,Not Available,5
MEMORIALCARE ORANGE COAST MEDICAL CENTER,CA,ORANGE,Not Available,Not Available,1
MENIFEE GLOBAL MEDICAL CENTER,CA,RIVERSIDE,293,18,
"KAISER FOUNDATION HOSPITAL, RIVERSIDE",CA,RIVERSIDE,Not Available,Not Available,5
SAN RAMON REGIONAL MEDICAL CENTER,CA,CONTRA COSTA,160,14,
KAISER FOUNDATION HOSPITAL-SANTA ROSA,CA,SONOMA,Not Available,Not Available,5
KECK HOSPITAL OF USC,CA,LOS ANGELES,Not Available,Not Available,5
PATIENTS' HOSPITAL OF REDDING,CA,SHASTA,Not Available,Not Available,5
SOUTHWEST HEALTHCARE RANCHO SPRINGS HOSPITAL,CA,RIVERSIDE,Not Available,Not Available,1
MISSION COMMUNITY HOSPITAL,CA,LOS ANGELES,416,44,
FRESNO SURGICAL HOSPITAL,CA,FRESNO,Not Available,Not Available,5
DESERT VALLEY HOSPITAL,CA,SAN BERNARDINO,229,13,
KAISER FOUNDATION HOSPITAL - FRESNO,CA,FRESNO,Not Available,Not Available,5
SUTTER MATERNITY & SURGERY CENTER OF SANTA CRUZ,CA,SANTA CRUZ,Not Available,Not Available,5
LAC/RANCHO LOS AMIGOS NATIONAL REHABILITATION  CTR,CA,LOS ANGELES,Not Available,Not Available,5
KAISER FOUNDATION HOSPITAL - BALDWIN PARK,CA,LOS ANGELES,Not Available,Not Available,5
STANISLAUS SURGICAL HOSPITAL,CA,STANISLAUS,Not Available,Not Available,5
WHITTIER HOSPITAL MEDICAL CENTER,CA,LOS ANGELES,99,15,
MONTEREY PARK HOSPITAL,CA,LOS ANGELES,Not Available,Not Available,1
GARFIELD MEDICAL CENTER,CA,LOS ANGELES,Not Available,Not Available,1
GREATER EL MONTE COMMUNITY HOSPITAL,CA,LOS ANGELES,Not Available,Not Available,1
CENTINELA HOSPITAL MEDICAL CENTER,CA,LOS ANGELES,720,32,
CEDAR-SINAI MARINA DEL REY HOSPITAL,CA,LOS ANGELES,357,20,
ANAHEIM GLOBAL MEDICAL CENTER,CA,ORANGE,240,52,
CHAPMAN GLOBAL MEDICAL CENTER,CA,ORANGE,176,16,
ORANGE COUNTY GLOBAL MEDICAL CENTER,CA,ORANGE,242,32,
COASTAL COMMUNITIES HOSPITAL,CA,ORANGE,246,25,
KAISER FOUNDATION HOSPITAL MANTECA,CA,SAN JOAQUIN,Not Available,Not Available,5
SHERMAN OAKS HOSPITAL,CA,LOS ANGELES,313,54,
MONTCLAIR HOSPITAL MEDICAL CENTER,CA,SAN BERNARDINO,136,19,
KAISER FOUNDATION HOSPITAL - ANTIOCH,CA,CONTRA COSTA,Not Available,Not Available,5
PROVIDENCE CEDARS SINAI TARZANA MEDICAL CENTER,CA,LOS ANGELES,Not Available,Not Available,1
L A DOWNTOWN MEDICAL CENTER,CA,LOS ANGELES,Not Available,Not Available,5
SHASTA REGIONAL MEDICAL CENTER,CA,SHASTA,147,26,
KAISER FOUNDATION HOSPITAL-MORENO VALLEY,CA,RIVERSIDE,Not Available,Not Available,5
SUTTER SURGICAL HOSPITAL - NORTH VALLEY,CA,SUTTER,Not Available,Not Available,5
KAISER FOUNDATION HOSPITAL - VACAVILLE,CA,SOLANO,Not Available,Not Available,5
HOAG ORTHOPEDIC INSTITUTE,CA,ORANGE,Not Available,Not Available,5
LOMA LINDA UNIVERSITY MEDICAL CENTER-MURRIETA,CA,RIVERSIDE,198,14,
COAST PLAZA HOSPITAL,CA,LOS ANGELES,140,21,
KAISER FOUNDATION HOSPITAL - ROSEVILLE,CA,PLACER,Not Available,Not Available,5
TEMECULA VALLEY HOSPITAL,CA,RIVERSIDE,314,16,
COLLEGE MEDICAL CENTER,CA,LOS ANGELES,317,96,
KAISER FOUNDATION HOSPITAL - SAN LEANDRO,CA,ALAMEDA,Not Available,Not Available,5
LOMA LINDA UNIVERSITY CHILDREN'S HOSPITAL,CA,SAN BERNARDINO,306,19,
"MARTIN LUTHER KING, JR. COMMUNITY HOSPITAL",CA,LOS ANGELES,41,81,
FOOTHILL REGIONAL MEDICAL CENTER,CA,ORANGE,270,37,
CASA COLINA HOSPITAL,CA,LOS ANGELES,Not Available,Not Available,5
COLUSA MEDICAL CENTER,CA,COLUSA,200,35,
ADVENTIST HEALTH TULARE,CA,TULARE,Not Available,Not Available,1
DOCS SURGICAL HOSPITAL,CA,LOS ANGELES,Not Available,Not Available,5
"ANAHEIM COMMUNITY HOSPITAL, LLC",CA,ORANGE,Not Available,Not Available,5
KAISER FOUNDATION HOSPITAL - SAN MARCOS,CA,SAN DIEGO,Not Available,Not Available,5
MADERA COMMUNITY HOSPITAL,CA,MADERA,Not Available,Not Available,19
EASTERN PLUMAS HOSPITAL - PORTOLA CAMPUS,CA,PLUMAS,173,19,
ADVENTIST HEALTH TEHACHAPI VALLEY,CA,KERN,388,14,
SOUTHERN INYO HOSPITAL,CA,INYO,Not Available,Not Available,"3, 7"
MAMMOTH HOSPITAL,CA,MONO,101,12,
JOHN C FREMONT HEALTHCARE DISTRICT,CA,MARIPOSA,Not Available,Not Available,"1, 3"
MAYERS MEMORIAL HOSPITAL,CA,SHASTA,153,12,
GLENN MEDICAL CENTER,CA,GLENN,273,27,3
CATALINA ISLAND MEDICAL CENTER,CA,LOS ANGELES,Not Available,Not Available,5
SURPRISE VALLEY COMMUNITY HOSPITAL,CA,MODOC,Not Available,Not Available,"1, 3"
JEROLD PHELPS COMMUNITY HOSPITAL,CA,HUMBOLDT,Not Available,Not Available,1
ADVENTIST HEALTH HOWARD MEMORIAL,CA,MENDOCINO,Not Available,Not Available,1
ORCHARD HOSPITAL,CA,BUTTE,Not Available,Not Available,1
MOUNTAINS COMMUNITY HOSPITAL,CA,SAN BERNARDINO,Not Available,Not Available,1
KERN VALLEY HEALTHCARE DISTRICT,CA,KERN,236,67,
TRINITY HOSPITAL,CA,TRINITY,136,20,
FAIRCHILD MEDICAL CENTER,CA,SISKIYOU,208,121,3
ADVENTIST HEALTH CLEARLAKE,CA,LAKE,364,12,
PROVIDENCE REDWOOD MEMORIAL HOSPITAL,CA,HUMBOLDT,Not Available,Not Available,1
MERCY MEDICAL CENTER OF MT SHASTA,CA,SISKIYOU,110,14,
BANNER LASSEN MEDICAL CENTER,CA,LASSEN,142,16,
HEALDSBURG HOSPITAL,CA,SONOMA,149,15,
COLORADO RIVER MEDICAL CENTER,CA,SAN BERNARDINO,115,13,
NORTHERN INYO HOSPITAL,CA,INYO,164,12,
ADVENTIST HEALTH MENDOCINO COAST,CA,MENDOCINO,227,23,
PLUMAS DISTRICT HOSPITAL,CA,PLUMAS,Not Available,Not Available,1
SENECA DISTRICT HOSPITAL,CA,PLUMAS,154,12,
TAHOE FOREST HOSPITAL,CA,NEVADA,159,22,
SUTTER LAKESIDE HOSPITAL,CA,LAKE,213,16,
MODOC MEDICAL CENTER,CA,MODOC,Not Available,Not Available,"1, 3"
SANTA YNEZ VALLEY COTTAGE HOSPITAL,CA,SANTA BARBARA,116,16,
MARK TWAIN MEDICAL CENTER,CA,CALAVERAS,205,23,
RIDGECREST REGIONAL HOSPITAL,CA,KERN,239,51,
COMMUNITY MEMORIAL HOSPITAL - OJAI,CA,VENTURA,218,16,
BEAR VALLEY COMMUNITY HOSPITAL,CA,SAN BERNARDINO,275,11,
SOUTHERN MONTEREY COUNTY MEMORIAL HOSPITAL,CA,MONTEREY,61,15,
HAZEL HAWKINS MEMORIAL HOSPITAL,CA,SANTA CLARA,252,18,
COALINGA REGIONAL MEDICAL CENTER,CA,FRESNO,Not Available,Not Available,"1, 3"
PALO VERDE HOSPITAL,CA,RIVERSIDE,245,23,
VALLEY CHILDREN'S HOSPITAL,CA,MADERA,Not Available,Not Available,19
UCSF BENIOFF CHILDREN'S HOSPITAL OAKLAND,CA,ALAMEDA,Not Available,Not Available,19
CHILDREN'S HOSP OF LOS ANGELES,CA,LOS ANGELES,Not Available,Not Available,19
RADY CHILDREN'S HOSPITAL - SAN DIEGO,CA,SAN DIEGO,Not Available,Not Available,19
CHILDREN'S HOSPITAL OF ORANGE COUNTY,CA,ORANGE,Not Available,Not Available,19
LUCILE SALTER PACKARD CHILDREN'S HSP AT STANFORD,CA,SANTA CLARA,Not Available,Not Available,19
CHILDREN'S HOSPITAL AT MISSION,CA,ORANGE,Not Available,Not Available,19
HEALTHBRIDGE CHILDREN'S HOSPITAL - ORANGE,CA,ORANGE,Not Available,Not Available,19
MEMORIAL CARE MILLER CHILDREN'S &  WOMEN'S HOSP LB,CA,LOS ANGELES,Not Available,Not Available,19
SHRINERS HOSPITALS FOR CHILDREN NORTHERN CALIF,CA,SACRAMENTO,Not Available,Not Available,19
BANNER NORTH COLORADO MEDICAL CENTER,CO,WELD,170,22,
LONGMONT UNITED HOSPITAL,CO,BOULDER,412,24,
INTERMOUNTAIN HEALTH PLATTE VALLEY HOSPITAL,CO,ADAMS,195,23,
MONTROSE REGIONAL HEALTH,CO,MONTROSE,174,18,
SAN LUIS VALLEY REGIONAL  MEDICAL CENTER,CO,ALAMOSA,242,32,
INTERMOUNTAIN HEALTH LUTHERAN HOSPITAL,CO,JEFFERSON,280,35,
POUDRE VALLEY HOSPITAL,CO,LARIMER,210,19,
DENVER HEALTH & HOSPITAL AUTHORITY,CO,DENVER,310,42,
ST MARY-CORWIN HOSPITAL,CO,PUEBLO,199,15,
MERCY REGIONAL MEDICAL CENTER,CO,LA PLATA,198,35,
HCA HealthOne Presbyterian St. Lukes,CO,DENVER,350,28,
CENTURA HEALTH-ST ANTHONY HOSPITAL,CO,JEFFERSON,310,20,
"PARKVIEW MEDICAL CENTER, INC",CO,PUEBLO,248,24,
UCH-MEMORIAL HEALTH SYSTEM,CO,EL PASO,166,24,
INTERMOUNTAIN HEALTH ST. MARY'S REGIONAL HOSPITAL,CO,MESA,282,42,
UNIVERSITY OF COLORADO HOSPITAL AUTHORITY,CO,ADAMS,129,15,
BOULDER COMMUNITY HEALTH,CO,BOULDER,140,38,
SAINT JOSEPH HOSPITAL,CO,DENVER,236,34,
BANNER NORTH CO MEDICAL CENTER - LOVELAND CAMPUS,CO,LARIMER,238,32,
CENTURA HEALTH-PENROSE ST FRANCIS HEALTH SERVICES,CO,EL PASO,299,37,
HCA HEALTHONE ROSE,CO,DENVER,172,31,
HCA-HEALTHONE DBA SWEDISH MEDICAL CENTER,CO,ARAPAHOE,411,28,
Evans ACH (FT Carson),CO,EL PASO,Not Available,Not Available,5
ST ELIZABETH HOSPITAL,CO,MORGAN,337,19,
UCHEALTH YAMPA VALLEY MEDICAL CENTER,CO,ROUTT,188,14,
COMMUNITY HOSPITAL,CO,MESA,122,16,
AdventHealth Porter,CO,DENVER,477,52,
HCA HEALTHONE MOUNTAIN RIDGE,CO,ADAMS,199,34,
DELTA COUNTY MEMORIAL HOSPITAL,CO,DELTA,Not Available,Not Available,1
VALLEY VIEW HOSPITAL ASSOCIATION,CO,GARFIELD,275,17,
STERLING REGIONAL MEDCENTER,CO,LOGAN,151,14,
VAIL HEALTH HOSPITAL,CO,EAGLE,304,18,
THE MEDICAL CENTER OF AURORA & SOUTH HOSPITAL,CO,ARAPAHOE,350,30,
ADVENTHEALTH AVISTA,CO,BOULDER,393,21,
CENTURA HEALTH-ST ANTHONY NORTH HEALTH CAMPUS,CO,BROOMFIELD,302,18,
NATIONAL JEWISH HEALTH,CO,DENVER,Not Available,Not Available,5
SKY RIDGE MEDICAL CENTER,CO,DOUGLAS,275,15,
AdventHealth Littleton,CO,ARAPAHOE,304,28,
AdventHealth Parker,CO,DOUGLAS,520,22,
GOOD SAMARITAN MEDICAL CENTER LLC,CO,BOULDER,283,27,
"ANIMAS SURGICAL HOSPITAL, LLC",CO,LA PLATA,Not Available,Not Available,7
ST ANTHONY SUMMIT MEDICAL CENTER,CO,SUMMIT,392,25,
MEDICAL CENTER OF THE ROCKIES,CO,LARIMER,164,13,
ORTHOCOLORADO HOSP AT ST ANTHONY MED CAMPUS,CO,JEFFERSON,Not Available,Not Available,5
ADVENTHEALTH CASTLE ROCK,CO,DOUGLAS,404,21,
BANNER FORT COLLINS MEDICAL CENTER,CO,LARIMER,95,17,
LONGS PEAK HOSPITAL,CO,BOULDER,268,14,
UCHEALTH BROOMFIELD HOSPITAL,CO,JEFFERSON,107,25,
UCHEALTH GRANDVIEW HOSPITAL,CO,EL PASO,Not Available,Not Available,1
UCHEALTH GREELEY HOSPITAL,CO,WELD,200,18,
UCHEALTH HIGHLANDS RANCH HOSPITAL,CO,DOUGLAS,224,17,
ST FRANCIS HOSPITAL - INTERQUEST,CO,EL PASO,200,22,
WEISBROD MEMORIAL COUNTY HOSPITAL,CO,KIOWA,114,13,
RIO GRANDE HOSPITAL,CO,RIO GRANDE,Not Available,Not Available,1
FAMILY HEALTH WEST HOSPITAL,CO,MESA,Not Available,Not Available,"3, 7"
EAST MORGAN COUNTY HOSPITAL,CO,MORGAN,Not Available,Not Available,1
HAXTUN HOSPITAL DISTRICT,CO,PHILLIPS,191,22,
MELISSA MEMORIAL HOSPITAL,CO,PHILLIPS,Not Available,Not Available,"1, 3"
LINCOLN HEALTH HOSPITAL,CO,LINCOLN,179,19,3
RANGELY DISTRICT HOSPITAL,CO,RIO BLANCO,Not Available,Not Available,"3, 7"
SAN LUIS VALLEY HEALTH CONEJOS COUNTY HOSPITAL,CO,CONEJOS,115,18,
WRAY COMMUNITY DISTRICT HOSPITAL,CO,YUMA,Not Available,Not Available,1
SEDGWICK COUNTY MEMORIAL HOSPITAL,CO,SEDGWICK,316,12,
SOUTHEAST COLORADO HOSPITAL DISTRICT,CO,BACA,Not Available,Not Available,1
ESTES PARK MEDICAL CENTER,CO,LARIMER,Not Available,Not Available,5
KIT CARSON COUNTY MEMORIAL HOSPITAL,CO,KIT CARSON,221,13,
"MEMORIAL HOSPITAL, THE",CO,MOFFAT,212,306,
YUMA DISTRICT HOSPITAL,CO,YUMA,304,13,
SPANISH PEAKS REGIONAL HEALTH CENTER,CO,HUERFANO,180,12,
GRAND RIVER HOSPITAL DISTRICT,CO,GARFIELD,250,16,
MIDDLE PARK MEDICAL CENTER,CO,GRAND,Not Available,Not Available,1
ST VINCENT GENERAL HOSPITAL DISTRICT,CO,LAKE,Not Available,Not Available,5
GUNNISON VALLEY HOSPITAL,CO,GUNNISON,489,23,
MT SAN RAFAEL HOSPITAL,CO,LAS ANIMAS,122,11,
HEART OF THE ROCKIES REGIONAL MEDICAL CENTER,CO,CHAFFEE,Not Available,Not Available,5
PROWERS MEDICAL CENTER,CO,PROWERS,288,17,3
ASPEN VALLEY HOSPITAL DISTRICT,CO,PITKIN,Not Available,Not Available,5
EASTERN RIO BLANCO COUNTY HEALTH SERVICE DISTRICT,CO,RIO BLANCO,Not Available,Not Available,"1, 3"
UCHEALTH PIKES PEAK REGIONAL HOSPITAL,CO,TELLER,Not Available,Not Available,1
SOUTHWEST MEMORIAL HOSPITAL,CO,MONTEZUMA,190,50,
PAGOSA SPRINGS MEDICAL CENTER,CO,ARCHULETA,160,18,
ARKANSAS VALLEY REGIONAL MEDICAL CENTER,CO,OTERO,Not Available,Not Available,5
KEEFE MEMORIAL HOSPITAL,CO,CHEYENNE,Not Available,Not Available,"1, 3"
ST THOMAS MORE HOSPITAL,CO,FREMONT,209,24,
CHILDREN'S HOSPITAL COLORADO,CO,ADAMS,Not Available,Not Available,19
CHILDREN'S HOSPITAL COLORADO - COLORADO SPRINGS,CO,EL PASO,Not Available,Not Available,19
ST FRANCIS HOSPITAL & MEDICAL CENTER,CT,HARTFORD,433,47,
DAY KIMBALL HOSPITAL,CT,WINDHAM,492,31,
SHARON HOSPITAL,CT,LITCHFIELD,Not Available,Not Available,1
WATERBURY HOSPITAL,CT,NEW HAVEN,504,31,
STAMFORD HOSPITAL,CT,FAIRFIELD,314,18,
LAWRENCE & MEMORIAL HOSPITAL,CT,NEW LONDON,80,20,
JOHNSON MEMORIAL HOSPITAL,CT,TOLLAND,494,27,
BRIDGEPORT HOSPITAL,CT,FAIRFIELD,70,12,
CHARLOTTE HUNGERFORD HOSPITAL,CT,LITCHFIELD,104,35,
SAINT MARY'S HOSPITAL,CT,NEW HAVEN,572,35,
MIDSTATE MEDICAL CENTER,CT,NEW HAVEN,350,28,
GREENWICH HOSPITAL ASSOCIATION -,CT,FAIRFIELD,249,15,
MIDDLESEX HOSPITAL,CT,MIDDLESEX,226,13,
WINDHAM COMMUNITY MEMORIAL HOSPITAL,CT,WINDHAM,391,29,
YALE-NEW HAVEN HOSPITAL,CT,NEW HAVEN,161,29,
WILLIAM W BACKUS HOSPITAL,CT,NEW LONDON,299,17,
HARTFORD HOSPITAL,CT,HARTFORD,241,28,
MANCHESTER MEMORIAL HOSPITAL,CT,HARTFORD,262,32,
ST VINCENT'S MEDICAL CENTER,CT,FAIRFIELD,200,25,
BRISTOL HOSPITAL,CT,HARTFORD,203,39,
GRIFFIN HOSPITAL,CT,NEW HAVEN,104,26,
DANBURY HOSPITAL,CT,FAIRFIELD,317,21,
NORWALK HOSPITAL,CT,FAIRFIELD,379,23,
THE HOSPITAL OF CENTRAL CONNECTICUT,CT,HARTFORD,205,33,
JOHN DEMPSEY HOSPITAL OF THE UNIVERSITY OF CONNECT,CT,HARTFORD,269,18,
THE CONNECTICUT HOSPICE INC.,CT,NEW HAVEN,Not Available,Not Available,5
CONNECTICUT CHILDRENS MEDICAL CENTER,CT,HARTFORD,Not Available,Not Available,19
CHRISTIANA HOSPITAL,DE,NEW CASTLE,471,22,
ST FRANCIS HOSPITAL,DE,NEW CASTLE,266,13,
"BAYHEALTH MEDICAL CENTER, KENT CAMPUS",DE,KENT,474,18,
"TIDALHEALTH NANTICOKE, INC.",DE,SUSSEX,269,16,
BEEBE MEDICAL CENTER,DE,SUSSEX,Not Available,Not Available,1
"BAYHEALTH HOSPITAL, SUSSEX CAMPUS",DE,SUSSEX,Not Available,Not Available,1
"NEMOURS CHILDREN'S HOSPITAL, DELAWARE",DE,NEW CASTLE,Not Available,Not Available,19
GEORGE WASHINGTON UNIV HOSPITAL,DC,THE DISTRICT,377,29,
HOWARD UNIVERSITY HOSPITAL CORP,DC,THE DISTRICT,265,35,
MEDSTAR GEORGETOWN UNIVERSITY HOSPITAL,DC,THE DISTRICT,344,18,
SIBLEY MEMORIAL HOSPITAL,DC,THE DISTRICT,865,20,
UNITED MEDICAL CENTER,DC,THE DISTRICT,Not Available,Not Available,"1, 3"
MEDSTAR WASHINGTON HOSPITAL CENTER,DC,THE DISTRICT,414,19,
CHILDREN'S NATIONAL HOSPITAL,DC,THE DISTRICT,Not Available,Not Available,19
SHANDS JACKSONVILLE,FL,DUVAL,249,17,
BETHESDA HOSPITAL EAST,FL,PALM BEACH,Not Available,Not Available,1
ORLANDO HEALTH,FL,ORANGE,332,170,
ADVENTHEALTH ORLANDO,FL,ORANGE,167,11,
BAPTIST HOSPITAL OF MIAMI,FL,MIAMI-DADE,Not Available,Not Available,1
LEE MEMORIAL HOSPITAL,FL,LEE,257,19,
ADVENTHEALTH NEW SMYRNA BEACH,FL,VOLUSIA,Not Available,Not Available,1
HALIFAX HEALTH MEDICAL CENTER,FL,VOLUSIA,249,24,
NAPLES COMMUNITY HOSPITAL,FL,COLLIER,224,12,
HOLMES REGIONAL MEDICAL CENTER,FL,BREVARD,232,18,
JACKSON HEALTH SYSTEM,FL,MIAMI-DADE,260,97,
HCA FLORIDA CITRUS HOSPITAL,FL,CITRUS,Not Available,Not Available,1
SACRED HEART HOSPITAL,FL,ESCAMBIA,Not Available,Not Available,1
ASCENSION SACRED HEART BAY,FL,BAY,256,23,
PARRISH MEDICAL CENTER,FL,BREVARD,232,20,
NORTH SHORE MEDICAL CENTER,FL,MIAMI-DADE,238,17,
ORLANDO HEALTH-HEALTH CENTRAL HOSPITAL,FL,ORANGE,232,60,
ORLANDO HEALTH BAYFRONT HOSPITAL,FL,PINELLAS,179,14,
"MOUNT SINAI MEDICAL CENTER OF FLORIDA, INC",FL,MIAMI-DADE,213,18,
MANATEE MEMORIAL HOSPITAL,FL,MANATEE,295,17,
MEMORIAL REGIONAL HOSPITAL,FL,BROWARD,203,13,
BROWARD HEALTH MEDICAL CENTER,FL,BROWARD,470,26,
ASCENSION ST VINCENT'S RIVERSIDE,FL,DUVAL,Not Available,Not Available,1
MEASE DUNEDIN HOSPITAL,FL,PINELLAS,290,45,
CLEVELAND CLINIC MARTIN NORTH HOSPITAL,FL,MARTIN,250,19,
ADVENTHEALTH DELAND,FL,VOLUSIA,249,13,
Adventhealth Zephyrhills,FL,PASCO,236,12,
HCA FLORIDA HIGHLANDS HOSPITAL,FL,HIGHLANDS,Not Available,Not Available,1
LARKIN COMMUNITY HOSPITAL PALM SPRINGS CAMPUS,FL,MIAMI-DADE,234,68,
ORLANDO HEALTH SOUTH LAKE HOSPITAL,FL,LAKE,180,30,
WINTER HAVEN HOSPITAL,FL,POLK,240,25,
HIALEAH HOSPITAL,FL,MIAMI-DADE,Not Available,Not Available,1
HCA FLORIDA TWIN CITIES HOSPITAL,FL,OKALOOSA,Not Available,Not Available,1
ADVENTHEALTH NORTH PINELLAS,FL,PINELLAS,Not Available,Not Available,1
ADVENTHEALTH WATERMAN,FL,LAKE,Not Available,Not Available,1
ADVENTHEALTH OCALA,FL,MARION,Not Available,Not Available,1
MORTON PLANT NORTH BAY HOSPITAL,FL,PASCO,346,15,
ST ANTHONYS HOSPITAL,FL,PINELLAS,250,59,
ADVENTHEALTH DAYTONA BEACH,FL,VOLUSIA,Not Available,Not Available,1
AdventHealth Carrollwood,FL,HILLSBOROUGH,Not Available,Not Available,1
TAMPA GENERAL HOSPITAL BROOKSVILLE,FL,HERNANDO,268,19,
ADVENTHEALTH FISH MEMORIAL,FL,VOLUSIA,Not Available,Not Available,1
HOLY CROSS HOSPITAL,FL,BROWARD,207,11,
ST JOSEPHS HOSPITAL,FL,HILLSBOROUGH,277,60,
Adventhealth Port Charlotte,FL,CHARLOTTE,240,13,
HCA FLORIDA JFK HOSPITAL,FL,PALM BEACH,330,25,
UF HEALTH LEESBURG HOSPITAL,FL,LAKE,237,20,
BROWARD HEALTH NORTH,FL,BROWARD,292,21,
SARASOTA MEMORIAL HOSPITAL,FL,SARASOTA,240,24,
BAPTIST HEALTH MEDICAL CENTER - JACKSONVILLE,FL,DUVAL,304,13,
FLAGLER HOSPITAL,FL,ST. JOHNS,152,11,
BAPTIST HOSPITAL,FL,ESCAMBIA,202,21,
ADVENTHEALTH LAKE WALES,FL,POLK,194,15,
CLEVELAND CLINIC INDIAN RIVER HOSPITAL,FL,INDIAN RIVER,154,11,
HCA FLORIDA LEHIGH HOSPITAL,FL,LEE,Not Available,Not Available,"1, 3"
ADVENTHEALTH SEBRING,FL,HIGHLANDS,Not Available,Not Available,1
HCA FLORIDA OSCEOLA HOSPITAL,FL,OSCEOLA,412,12,
UF HEALTH SHANDS HOSPITAL,FL,ALACHUA,347,12,
BAPTIST MEDICAL CENTER  BEACHES,FL,DUVAL,Not Available,Not Available,1
AdventHealth Palm Coast,FL,FLAGLER,Not Available,Not Available,1
BARTOW REGIONAL MEDICAL CENTER,FL,POLK,195,18,
NORTH OKALOOSA MEDICAL CENTER,FL,OKALOOSA,Not Available,Not Available,1
SANTA ROSA MEDICAL CENTER,FL,SANTA ROSA,150,12,
HOMESTEAD HOSPITAL,FL,MIAMI-DADE,Not Available,Not Available,1
HCA FLORIDA PASADENA HOSPITAL A PART OF HCA FLORID,FL,PINELLAS,Not Available,Not Available,19
MORTON PLANT HOSPITAL,FL,PINELLAS,273,33,
TAMPA GENERAL HOSPITAL,FL,HILLSBOROUGH,324,31,
LAKESIDE MEDICAL CENTER,FL,PALM BEACH,Not Available,Not Available,1
HCA FLORIDA AVENTURA HOSPITAL,FL,MIAMI-DADE,294,23,
SOUTH FLORIDA BAPTIST HOSPITAL,FL,HILLSBOROUGH,580,14,
ED FRASER MEMORIAL HOSPITAL,FL,BAKER,172,16,
TALLAHASSEE MEMORIAL HEALTHCARE,FL,LEON,360,12,
ADVENTHEALTH HEART OF FLORIDA,FL,POLK,Not Available,Not Available,1
NH Jacksonville,FL,DUVAL,Not Available,Not Available,5
BAPTIST MEDICAL CENTER - NASSAU,FL,NASSAU,240,11,
JACKSON HOSPITAL,FL,JACKSON,228,19,
LOWER KEYS MEDICAL CENTER,FL,MONROE,317,15,
MAYO CLINIC,FL,DUVAL,222,18,
SOUTH MIAMI HOSPITAL,FL,MIAMI-DADE,Not Available,Not Available,1
HCA FLORIDA LAKE CITY HOSPITAL,FL,COLUMBIA,Not Available,Not Available,1
LAKELAND REGIONAL MEDICAL CENTER,FL,POLK,219,21,
CENTRAL FLORIDA LAKE MONROE HOSPITAL,FL,SEMINOLE,Not Available,Not Available,1
HCA FLORIDA SARASOTA DOCTORS HOSPITAL,FL,SARASOTA,135,13,
HCA FLORIDA MERCY HOSPITAL,FL,BROWARD,103,13,
BOCA RATON REGIONAL HOSPITAL,FL,PALM BEACH,Not Available,Not Available,1
ADVENTHEALTH TAMPA,FL,HILLSBOROUGH,Not Available,Not Available,1
DESOTO MEMORIAL HOSPITAL,FL,DE SOTO,Not Available,Not Available,1
PALM BEACH GARDENS MEDICAL CENTER,FL,PALM BEACH,128,18,
CAPE CANAVERAL HOSPITAL,FL,BREVARD,219,13,
HCA FLORIDA MEMORIAL HOSPITAL,FL,DUVAL,171,11,
HCA FLORIDA ST PETERSBURG HOSPITAL,FL,PINELLAS,Not Available,Not Available,1
LARKIN COMMUNITY HOSPITAL,FL,MIAMI-DADE,189,254,
CORAL GABLES HOSPITAL,FL,MIAMI-DADE,112,23,
PALMETTO GENERAL HOSPITAL,FL,MIAMI-DADE,Not Available,Not Available,1
HCA FLORIDA NORTHWEST HOSPITAL,FL,BROWARD,Not Available,Not Available,1
HCA FLORIDA TRINITY HOSPITAL,FL,PASCO,Not Available,Not Available,1
BROWARD HEALTH IMPERIAL POINT,FL,BROWARD,218,34,
HCA FLORIDA NORTH FLORIDA HOSPITAL,FL,ALACHUA,Not Available,Not Available,1
HCA FLORIDA SOUTH TAMPA HOSPITAL,FL,HILLSBOROUGH,232,25,
HCA FLORIDA KENDALL HOSPITAL,FL,MIAMI-DADE,312,18,
ADVENTHEALTH DADE CITY,FL,PASCO,208,11,
MARION COMMUNTIY HOSPITAL,FL,MARION,Not Available,Not Available,1
HCA FLORIDA BLAKE HOSPITAL,FL,MANATEE,174,11,
ORLANDO HEALTH SEBASTIAN RIVER HOSPITAL,FL,INDIAN RIVER,165,14,
96th Medical Group (Eglin AFB),FL,OKALOOSA,Not Available,Not Available,5
GULF COAST MEDICAL CENTER LEE HEALTH,FL,LEE,214,11,
HCA FLORIDA FORT WALTON-DESTIN HOSPITAL,FL,OKALOOSA,242,21,
UNIVERSITY HOSPITAL AND MEDICAL CENTER,FL,BROWARD,156,17,
HCA FLORIDA ORANGE PARK HOSPITAL,FL,CLAY,160,12,
WESTSIDE REGIONAL MEDICAL CENTER,FL,BROWARD,Not Available,Not Available,1
MEMORIAL HOSPITAL PEMBROKE,FL,BROWARD,Not Available,Not Available,1
HCA FLORIDA WEST HOSPITAL,FL,ESCAMBIA,Not Available,Not Available,1
HCA FLORIDA PUTNAM HOSPITAL,FL,PUTNAM,366,12,
HCA FLORIDA FAWCETT HOSPITAL,FL,CHARLOTTE,Not Available,Not Available,1
HCA FLORIDA NORTHSIDE HOSPITAL,FL,PINELLAS,199,19,
HCA FLORIDA GULF COAST HOSPITAL,FL,BAY,274,11,
HCA FLORIDA BRANDON HOSPITAL,FL,HILLSBOROUGH,336,11,
CAPE CORAL HOSPITAL,FL,LEE,253,15,
HCA FLORIDA LAWNWOOD HOSPITAL,FL,ST. LUCIE,217,12,
HCA FLORIDA LARGO HOSPITAL,FL,PINELLAS,204,27,
TAMPA GENERAL HOSPITAL CRYSTAL RIVER,FL,CITRUS,Not Available,Not Available,1
HCA FLORIDA RAULERSON HOSPITAL,FL,OKEECHOBEE,Not Available,Not Available,1
JUPITER MEDICAL CENTER,FL,PALM BEACH,Not Available,Not Available,1
HCA FLORIDA CAPITAL HOSPITAL,FL,LEON,226,14,
HCA FLORIDA BAYONET POINT HOSPITAL,FL,PASCO,180,18,
DELRAY MEDICAL CENTER,FL,PALM BEACH,199,19,
HCA FLORIDA SOUTH SHORE HOSPITAL,FL,HILLSBOROUGH,138,15,
ST LUCIE MEDICAL CENTER,FL,ST. LUCIE,Not Available,Not Available,1
HCA FLORIDA OAK HILL HOSPITAL,FL,HERNANDO,Not Available,Not Available,1
MEASE COUNTRYSIDE HOSPITAL,FL,PINELLAS,283,33,
GULF BREEZE HOSPITAL,FL,SANTA ROSA,133,11,
HCA FLORIDA ENGLEWOOD HOSPITAL,FL,SARASOTA,151,11,
WEST BOCA MEDICAL CENTER,FL,PALM BEACH,Not Available,Not Available,1
HCA FLORIDA PALMS WEST HOSPITAL,FL,PALM BEACH,Not Available,Not Available,1
WELLINGTON REGIONAL MEDICAL CENTER,FL,PALM BEACH,166,13,
BROWARD HEALTH CORAL SPRINGS,FL,BROWARD,Not Available,Not Available,1
DOUGLAS GARDENS HOSPITAL,FL,MIAMI-DADE,Not Available,Not Available,5
MEMORIAL HOSPITAL WEST,FL,BROWARD,Not Available,Not Available,1
KERALTY HOSPITAL,FL,MIAMI-DADE,384,37,
MEMORIAL HOSPITAL MIRAMAR,FL,BROWARD,Not Available,Not Available,1
PHYSICIANS REGIONAL MEDICAL CENTER - PINE RIDGE,FL,COLLIER,242,19,
GOOD SAMARITAN MEDICAL CENTER,FL,PALM BEACH,62,14,
ST MARY'S MEDICAL CENTER,FL,PALM BEACH,Not Available,Not Available,1
CLEVELAND CLINIC HOSPITAL,FL,BROWARD,243,11,
"VILLAGES REGIONAL HOSPITAL, THE",FL,LAKE,Not Available,Not Available,1
ORLANDO HEALTH MELBOURNE HOSPITAL,FL,BREVARD,194,14,
SACRED HEART HOSPITAL ON THE EMERALD COAST,FL,WALTON,Not Available,Not Available,1
DOCTORS HOSPITAL,FL,MIAMI-DADE,Not Available,Not Available,1
FLORIDA STATE HOSPITAL UNIT 31 MED,FL,GADSDEN,Not Available,Not Available,19
LAKEWOOD RANCH MEDICAL CENTER,FL,MANATEE,175,14,
ORLANDO HEALTH ST CLOUD HOSPITAL,FL,OSCEOLA,Not Available,Not Available,1
ASCENSION ST VINCENT'S SOUTHSIDE,FL,DUVAL,179,11,
ASCENSION SACRED HEART GULF,FL,GULF,Not Available,Not Available,1
WEST KENDALL BAPTIST HOSPITAL,FL,MIAMI-DADE,Not Available,Not Available,1
VIERA HOSPITAL,FL,BREVARD,Not Available,Not Available,1
PALM BAY HOSPITAL,FL,BREVARD,Not Available,Not Available,1
ADVENTHEALTH WESLEY CHAPEL,FL,PASCO,Not Available,Not Available,1
HCA FLORIDA POINCIANA HOSPITAL,FL,OSCEOLA,114,12,
ASCENSION ST VINCENT'S CLAY COUNTY,FL,CLAY,Not Available,Not Available,1
OVIEDO MEDICAL CENTER,FL,SEMINOLE,127,16,
HALIFAX HEALTH /UF HEALTH MEDICAL CENTER OF DELTON,FL,VOLUSIA,175,13,
UCF LAKE NONA HOSPITAL,FL,ORANGE,162,11,
SARASOTA MEMORIAL HOSPITAL - VENICE,FL,SARASOTA,234,11,
HCA FLORIDA UNIVERSITY HOSPITAL,FL,BROWARD,170,12,
ASCENSION ST VINCENT'S ST JOHNS COUNTY,FL,ST. JOHNS,Not Available,Not Available,1
BAYCARE HOSPITAL WESLEY CHAPEL,FL,PASCO,296,20,
ADVENTHEALTH PALM COAST PARKWAY,FL,FLAGLER,Not Available,Not Available,1
ADVENTHEALTH RIVERVIEW,FL,HILLSBOROUGH,Not Available,Not Available,"1, 3"
NORTH WALTON DOCTORS HOSPITAL,FL,WALTON,Not Available,Not Available,19
ADVENTHEALTH WAUCHULA,FL,HARDEE,Not Available,Not Available,1
LAKE BUTLER HOSPITAL,FL,UNION,Not Available,Not Available,1
CALHOUN-LIBERTY HOSPITAL,FL,CALHOUN,Not Available,Not Available,"1, 3"
GEORGE E WEEMS MEMORIAL HOSPITAL,FL,FRANKLIN,Not Available,Not Available,5
DOCTORS MEMORIAL HOSPITAL,FL,HOLMES,190,27,
NORTHWEST FLORIDA COMMUNITY HOSPITAL,FL,WASHINGTON,Not Available,Not Available,5
HENDRY REGIONAL MEDICAL CENTER,FL,HENDRY,352,24,
MADISON COUNTY MEMORIAL HOSPITAL,FL,MADISON,Not Available,Not Available,1
FISHERMEN'S COMMUNITY HOSPITAL,FL,MONROE,196,18,
MARINERS HOSPITAL,FL,MONROE,224,13,
DOCTORS MEMORIAL HOSPITAL INC,FL,TAYLOR,Not Available,Not Available,1
JAY HOSPITAL,FL,SANTA ROSA,Not Available,Not Available,1
JOHNS HOPKINS ALL CHILDREN'S HOSPITAL,FL,PINELLAS,Not Available,Not Available,19
NICKLAUS CHILDREN'S HOSPITAL,FL,MIAMI-DADE,Not Available,Not Available,19
"NEMOURS CHILDRENS HOSPITAL, FLORIDA",FL,ORANGE,Not Available,Not Available,19
HAMILTON MEDICAL CENTER,GA,WHITFIELD,710,20,
UPSON REGIONAL MEDICAL CENTER,GA,UPSON,399,17,
Memorial Satilla Health,GA,WARE,324,13,
NORTHSIDE HOSPITAL FORSYTH,GA,FORSYTH,356,28,
ST MARY'S HOSPITAL,GA,CLARKE,171,15,
PHOEBE PUTNEY MEMORIAL HOSPITAL,GA,DOUGHERTY,375,13,
NORTHSIDE HOSPITAL CHEROKEE,GA,CHEROKEE,291,35,
EMORY UNIVERSITY HOSPITAL,GA,DE KALB,259,13,
TANNER MEDICAL CENTER - CARROLLTON,GA,CARROLL,310,14,
TANNER MEDICAL CENTER VILLA RICA,GA,CARROLL,438,18,
WELLSTAR WEST GEORGIA MEDICAL CENTER,GA,TROUP,514,11,
PIEDMONT NEWTON HOSPITAL,GA,NEWTON,431,19,
ADVENTHEALTH GORDON,GA,GORDON,Not Available,Not Available,1
CANDLER HOSPITAL,GA,CHATHAM,Not Available,Not Available,1
SOUTHEAST GEORGIA HEALTH SYSTEM- BRUNSWICK CAMPUS,GA,GLYNN,475,13,
"TY COBB REGIONAL MEDICAL CENTER, LLC",GA,FRANKLIN,Not Available,Not Available,1
PIEDMONT AUGUSTA HOSPITAL,GA,RICHMOND,290,16,
"NORTHEAST GEORGIA MEDICAL CENTER, INC",GA,HALL,262,19,
PIEDMONT CARTERSVILLE MEDICAL CENTER,GA,BARTOW,Not Available,Not Available,1
WELLSTAR SPALDING MEDICAL CENTER,GA,SPALDING,396,18,
STEPHENS COUNTY HOSPITAL,GA,STEPHENS,521,13,
"WELLSTAR MCG HEALTH, AFFILIATED WITH MED COL",GA,RICHMOND,590,24,
WELLSTAR KENNESTONE REGIONAL MEDICAL CENTER,GA,COBB,501,14,
SAVANNAH HEALTH SERVICES LLC DBA MEMORIAL HEALTH UNIVERSITY MEDICAL CENTER,GA,CHATHAM,Not Available,Not Available,1
ARCHBOLD MEMORIAL HOSPITAL,GA,THOMAS,344,15,
NORTHEAST GEORGIA MEDICAL CENTER HABERSHAM,GA,HABERSHAM,Not Available,Not Available,1
WELLSTAR PAULDING MEDICAL CENTER,GA,PAULDING,Not Available,Not Available,1
ST JOSEPH'S HOSPITAL - SAVANNAH,GA,CHATHAM,Not Available,Not Available,1
PHOEBE SUMTER MEDICAL CENTER,GA,SUMTER,428,21,
"NGMC BARROW, LLC",GA,BARROW,223,15,
PIEDMONT WALTON HOSPITAL,GA,WALTON,Not Available,Not Available,1
ADVENTHEALTH MURRAY,GA,MURRAY,275,13,
UNION GENERAL HOSPITAL,GA,UNION,Not Available,Not Available,1
ATRIUM HEALTH FLOYD MEDICAL CENTER,GA,FLOYD,152,21,
PIEDMONT COLUMBUS REGIONAL MIDTOWN,GA,MUSCOGEE,Not Available,Not Available,1
EMORY HOUSTON HOSPITAL WARNER ROBINS,GA,HOUSTON,572,24,
APPLING HEALTHCARE,GA,APPLING,361,15,
DORMINY MEDICAL CENTER,GA,BEN HILL,304,20,
PIEDMONT ATHENS REGIONAL MEDICAL CENTER,GA,CLARKE,310,17,
EAST GEORGIA REGIONAL MEDICAL CENTER,GA,BULLOCH,140,11,
EMORY DECATUR HOSPITAL,GA,DE KALB,296,18,
EMORY UNIVERSITY HOSPITAL MIDTOWN,GA,FULTON,257,25,
GRADY MEMORIAL HOSPITAL,GA,FULTON,241,36,
"SAINT JOSEPH'S HOSPITAL OF ATLANTA, INC",GA,FULTON,310,15,
"PIEDMONT HOSPITAL, INC",GA,FULTON,341,12,
WASHINGTON COUNTY REGIONAL MEDICAL CENTER,GA,WASHINGTON,Not Available,Not Available,1
NORTHSIDE HOSPITAL GWINNETT,GA,GWINNETT,384,71,
"COFFEE REGIONAL MEDICAL CENTER, INC",GA,ATKINSON,287,14,
PIEDMONT ROCKDALE HOSPITAL,GA,ROCKDALE,1038,13,
DODGE COUNTY HOSPITAL,GA,DODGE,536,20,
TIFT REGIONAL MEDICAL CENTER,GA,TIFT,502,18,
JEFFERSON HOSPITAL,GA,JEFFERSON,Not Available,Not Available,1
"SOUTHWELL MEDICAL, A CAMPUS OF TRMC",GA,COOK,Not Available,Not Available,5
CRISP REGIONAL HOSPITAL,GA,CRISP,Not Available,Not Available,1
COLQUITT REGIONAL MEDICAL CENTER,GA,COLQUITT,Not Available,Not Available,1
ATRIUM HEALTH NAVICENT THE MEDICAL CENTER,GA,BIBB,412,20,
EMANUEL MEDICAL CENTER,GA,EMANUEL,272,17,
UNIVERSITY MCDUFFIE COUNTY REGIONAL MEDICAL CENTER,GA,MC DUFFIE,444,12,
BURKE MEDICAL CENTER,GA,BURKE,Not Available,Not Available,1
GRADY GENERAL HOSPITAL,GA,GRADY,Not Available,Not Available,1
SGMC HEALTH,GA,LOWNDES,455,15,
WAYNE MEMORIAL HOSPITAL,GA,WAYNE,278,19,
FAIRVIEW PARK HOSPITAL,GA,LAURENS,450,14,
MEMORIAL HEALTH MEADOWS HOSPITAL,GA,TOOMBS,210,13,
ST FRANCIS HOSPITAL- EMORY HEALTHCARE,GA,MUSCOGEE,779,59,
MEMORIAL HOSPITAL AND MANOR,GA,DECATUR,320,28,
EVANS MEMORIAL HOSPITAL,GA,EVANS,Not Available,Not Available,1
WELLSTAR COBB MEDICAL CENTER,GA,COBB,476,19,
SOUTHEAST GEORGIA HEALTH SYSTEM -- CAMDEN CAMPUS,GA,CAMDEN,332,14,
NAVICENT HEALTH BALDWIN,GA,BALDWIN,433,11,
NORTHSIDE HOSPITAL,GA,FULTON,331,49,
"COLISEUM MEDICAL CENTERS, LLC, DBA",GA,BIBB,449,23,
SOUTHERN REGIONAL MEDICAL CENTER,GA,CLAYTON,706,34,
ADVENTHEALTH REDMOND,GA,FLOYD,245,19,
DOCTORS HOSPITAL,GA,RICHMOND,381,21,
WELLSTAR DOUGLAS MEDICAL CENTER,GA,DOUGLAS,609,12,
FLINT RIVER COMMUNITY HOSPITAL,GA,DOOLY,Not Available,Not Available,5
PIEDMONT HENRY HOSPITAL,GA,HENRY,503,17,
PIEDMONT EASTSIDE MEDICAL CENTER,GA,GWINNETT,316,18,
DONALSONVILLE HOSPITAL INC,GA,SEMINOLE,198,16,
WELLSTAR NORTH FULTON MEDICAL CENTER,GA,FULTON,232,24,
PIEDMONT COLUMBUS REGIONAL NORTHSIDE,GA,MUSCOGEE,Not Available,Not Available,1
PIEDMONT MACON NORTH HOSPITAL,GA,BIBB,Not Available,Not Available,1
TURNING POINT HOSPITAL,GA,COLQUITT,Not Available,Not Available,5
PIEDMONT FAYETTE HOSPITAL,GA,FAYETTE,Not Available,Not Available,1
PIEDMONT MOUNTAINSIDE HOSPITAL INC,GA,PICKENS,Not Available,Not Available,1
EMORY HILLANDALE HOSPITAL,GA,DE KALB,232,12,
"PIEDMONT NEWNAN HOSPITAL, INC",GA,COWETA,484,12,
EMORY JOHNS CREEK HOSPITAL,GA,GWINNETT,236,12,
"SOUTHEASTERN REGIONAL MEDICAL CENTER, INC",GA,COWETA,Not Available,Not Available,5
SGMC BERRIEN CAMPUS,GA,BERRIEN,114,12,
COMMONSPIRIT-MEMORIAL HOSPITAL-NORTH GEORGIA,GA,CATOOSA,363,19,
NORTHEAST GEORGIA MEDICAL CENTER LUMPKIN,GA,LUMPKIN,265,17,
NORTHSIDE HOSPITAL DULUTH,GA,GWINNETT,420,36,
SOUTH GEORGIA SPECIALTY HOSPITAL,GA,DOUGHERTY,Not Available,Not Available,19
TAYLOR REGIONAL HOSPITAL,GA,PULASKI,Not Available,Not Available,5
Martin ACH (FT Benning),GA,CHATTAHOOCHEE,Not Available,Not Available,5
Dwight Eisenhower AMC (FT Gordon),GA,RICHMOND,Not Available,Not Available,5
Winn ACH (FT Stewart),GA,LIBERTY,Not Available,Not Available,5
IRWIN COUNTY HOSPITAL,GA,IRWIN,Not Available,Not Available,19
BLECKLEY MEMORIAL HOSPITAL,GA,BLECKLEY,Not Available,Not Available,1
JASPER MEMORIAL HOSPITAL,GA,JASPER,Not Available,Not Available,1
MORGAN MEDICAL CENTER,GA,MORGAN,Not Available,Not Available,1
MILLER COUNTY HOSPITAL,GA,MILLER,198,16,
EFFINGHAM HEALTH SYSTEM,GA,EFFINGHAM,Not Available,Not Available,1
CLINCH MEMORIAL HOSPITAL,GA,CLINCH,124,11,
ATRIUM HEALTH NAVICENT PEACH,GA,PEACH,Not Available,Not Available,1
JENKINS COUNTY MEDICAL CENTER,GA,JENKINS,122,19,
OPTIM MEDICAL CENTER - SCREVEN,GA,SCREVEN,378,17,
PUTNAM GENERAL HOSPITAL,GA,PUTNAM,218,11,
LIFEBRITE COMMUNITY HOSPITAL OF EARLY,GA,EARLY,142,12,
WARM SPRINGS MEDICAL CENTER,GA,MERIWETHER,122,14,
MONROE COUNTY HOSPITAL,GA,MONROE,304,11,
WELLSTAR SYLVAN GROVE MEDICAL CENTER,GA,BUTTS,Not Available,Not Available,1
HIGGINS GENERAL HOSPITAL,GA,HARALSON,409,11,
OPTIM MEDICAL CENTER - TATTNALL,GA,TATTNALL,313,11,
CHATUGE REGIONAL HOSPITAL,GA,TOWNS,240,17,
WILLS MEMORIAL HOSPITAL,GA,WILKES,158,12,
SGMC HEALTH LANIER,GA,LANIER,Not Available,Not Available,1
BACON COUNTY HOSPITAL,GA,BACON,253,17,
PHOEBE WORTH MEDICAL CENTER,GA,WORTH,154,13,
ST MARYS GOOD SAMARITAN HOSPITAL,GA,GREENE,Not Available,Not Available,1
ATRIUM HEALTH FLOYD POLK MEDICAL CENTER,GA,POLK,134,16,
ARCHBOLD MITCHELL,GA,MITCHELL,Not Available,Not Available,1
ARCHBOLD BROOKS,GA,BROOKS,Not Available,Not Available,1
JEFF DAVIS HOSPITAL,GA,JEFF DAVIS,284,51,
CANDLER COUNTY HOSPITAL,GA,CANDLER,Not Available,Not Available,1
LIBERTY REGIONAL MEDICAL CENTER,GA,LIBERTY,401,12,
MOUNTAIN LAKES MEDICAL CENTER,GA,RABUN,239,17,
ELBERT MEMORIAL HOSPITAL,GA,ELBERT,253,22,
BLUE RIDGE MEDICAL CENTER,GA,FANNIN,Not Available,Not Available,19
ATHUR M BLANK HOSPITAL,GA,DE KALB,Not Available,Not Available,19
CHILDREN'S HEALTHCARE OF ATLANTA AT SCOTTISH RITE,GA,FULTON,Not Available,Not Available,19
THE QUEENS MEDICAL CENTER,HI,HONOLULU,316,37,
MAUI MEMORIAL MEDICAL CENTER,HI,MAUI,260,28,
HILO BENIOFF MEDICAL CENTER,HI,HAWAII,196,16,
ADVENTIST HEALTH CASTLE,HI,HONOLULU,204,21,
KUAKINI MEDICAL CENTER,HI,HONOLULU,157,17,
KAISER FOUNDATION HOSPITAL,HI,HONOLULU,Not Available,Not Available,5
WILCOX MEMORIAL HOSPITAL,HI,KAUAI,254,15,
KONA COMMUNITY HOSPITAL,HI,HAWAII,298,17,
Tripler AMC (FT Shafter),HI,HONOLULU,Not Available,Not Available,5
STRAUB CLINIC AND HOSPITAL,HI,HONOLULU,141,13,
PALI MOMI MEDICAL CENTER,HI,HONOLULU,Not Available,Not Available,1
"NORTH HAWAII COMMUNITY HOSPITAL, INC",HI,HAWAII,291,12,
KAUAI VETERANS MEMORIAL HOSPITAL,HI,KAUAI,70,14,
KAU HOSPITAL,HI,HAWAII,Not Available,Not Available,1
KOHALA HOSPITAL,HI,HAWAII,Not Available,Not Available,1
MOLOKAI GENERAL HOSPITAL,HI,MAUI,Not Available,Not Available,1
KAHUKU MEDICAL CENTER,HI,HONOLULU,79,16,
LANAI COMMUNITY HOSPITAL,HI,MAUI,Not Available,Not Available,1
SAMUEL MAHELONA MEMORIAL HOSPITAL,HI,KAUAI,88,14,
HONOKA'A HOSPITAL AND SKILLED NURSING,HI,HAWAII,Not Available,Not Available,1
KULA HOSPITAL,HI,MAUI,Not Available,Not Available,1
KAPIOLANI MEDICAL CENTER FOR WOMEN & CHILDREN,HI,HONOLULU,Not Available,Not Available,19
SHRINERS HOSPITAL FOR CHILDREN,HI,HONOLULU,Not Available,Not Available,19
ST LUKES MAGIC VALLEY MEDICAL CENTER,ID,TWIN FALLS,204,199,
ST JOSEPH REGIONAL MEDICAL CENTER,ID,NEZ PERCE,95,15,
ST LUKE'S REGIONAL MEDICAL CENTER,ID,ADA,233,415,
SAINT ALPHONSUS REGIONAL MEDICAL CENTER,ID,ADA,180,26,
SAINT ALPHONSUS MEDICAL CENTER - NAMPA,ID,CANYON,Not Available,Not Available,1
WEST VALLEY MEDICAL CENTER,ID,CANYON,146,17,
EASTERN IDAHO REGIONAL MEDICAL CENTER,ID,BONNEVILLE,158,28,
MADISON MEMORIAL HOSPITAL,ID,MADISON,170,30,
PORTNEUF MEDICAL CENTER,ID,BANNOCK,302,28,
KOOTENAI HEALTH,ID,KOOTENAI,281,14,
TREASURE VALLEY HOSPITAL,ID,ADA,Not Available,Not Available,5
MOUNTAIN VIEW HOSPITAL,ID,BONNEVILLE,127,24,
NORTHWEST SPECIALTY HOSPITAL,ID,KOOTENAI,Not Available,Not Available,5
ST LUKE'S NAMPA MEDICAL CENTER,ID,CANYON,242,123,
GROVE CREEK MEDICAL CENTER,ID,BINGHAM,Not Available,Not Available,5
"IDAHO FALLS COMMUNITY HOSPITAL, LLC",ID,BONNEVILLE,157,23,
CASCADE MEDICAL CENTER,ID,VALLEY,Not Available,Not Available,19
BOUNDARY COMMUNITY HOSPITAL,ID,BOUNDARY,157,15,
NORTH CANYON MEDICAL CENTER,ID,GOODING,170,19,
NELL J REDFIELD MEMORIAL HOSPITAL,ID,ONEIDA,Not Available,Not Available,1
POWER COUNTY HOSPITAL DISTRICT,ID,POWER,138,18,
STEELE MEMORIAL MEDICAL CENTER,ID,LEMHI,Not Available,Not Available,5
WEISER MEMORIAL HOSPITAL,ID,WASHINGTON,141,15,
CARIBOU MEDICAL CENTER,ID,CARIBOU,Not Available,Not Available,1
ST LUKE'S JEROME,ID,JEROME,178,49,
ST LUKE'S ELMORE MEDICAL CENTER,ID,ELMORE,199,152,
ST LUKE'S MCCALL,ID,VALLEY,189,60,
TETON VALLEY HOSPITAL,ID,TETON,Not Available,Not Available,1
SHOSHONE MEDICAL CENTER,ID,SHOSHONE,214,20,
SYRINGA GENERAL HOSPITAL,ID,IDAHO,Not Available,Not Available,1
BEAR LAKE MEMORIAL HOSPITAL,ID,BEAR LAKE,Not Available,Not Available,1
BENEWAH COMMUNITY HOSPITAL,ID,BENEWAH,190,110,
VALOR HEALTH,ID,GEM,194,17,
MINIDOKA MEMORIAL HOSPITAL,ID,MINIDOKA,208,21,
CLEARWATER VALLEY HOSPITAL & CLINICS,ID,CLEARWATER,229,13,
ST MARY'S HOSPITAL,ID,IDAHO,Not Available,Not Available,1
FRANKLIN COUNTY MEDICAL CENTER,ID,FRANKLIN,450,30,
ST LUKE'S WOOD RIVER MEDICAL CENTER,ID,BLAINE,176,50,
LOST RIVERS MEDICAL CENTER,ID,BUTTE,Not Available,Not Available,1
BINGHAM MEMORIAL HOSPITAL,ID,BINGHAM,292,15,
CASSIA REGIONAL HOSPITAL,ID,CASSIA,250,21,
GRITMAN MEDICAL CENTER,ID,LATAH,135,15,
BONNER GENERAL HOSPITAL,ID,BONNER,Not Available,Not Available,1
GRAHAM HOSPITAL ASSOCIATION,IL,FULTON,196,11,
ALTON MEMORIAL HOSPITAL,IL,MADISON,251,13,
SAINT JOSEPH MEDICAL CENTER,IL,WILL,361,29,
LOYOLA GOTTLIEB MEMORIAL HOSPITAL,IL,COOK,322,34,
NORTHSHORE UNIVERSITY HEALTHSYSTEM - EVANSTON HOSPITAL,IL,COOK,371,25,
HERRIN HOSPITAL,IL,WILLIAMSON,274,26,
OSF SAINT KATHARINE MEDICAL CENTER,IL,LEE,295,21,
CARLE HEALTH PROCTOR HOSPITAL,IL,LA SALLE,152,14,
BLESSING HOSPITAL,IL,ADAMS,185,19,
MT SINAI HOSPITAL MEDICAL CENTER,IL,COOK,302,24,
COPLEY MEMORIAL HOSPITAL,IL,KANE,302,20,
ADVOCATE SHERMAN HOSPITAL,IL,KANE,373,13,
ST ANTHONYS MEMORIAL HOSPITAL,IL,EFFINGHAM,254,12,
SSM HEALTH ST MARY'S HOSPITAL -CENTRALIA,IL,MARION,336,20,
CGH MEDICAL CENTER,IL,WHITESIDE,327,20,
GOOD SAMARITAN REGIONAL HLTH CENTER,IL,JEFFERSON,370,17,
ADVOCATE TRINITY HOSPITAL,IL,COOK,454,31,
WEST SUBURBAN MEDICAL CENTER,IL,COOK,452,27,
OSF SAINT ANTHONY'S HEALTH CENTER,IL,MADISON,214,23,
ST JOHNS HOSPITAL,IL,SANGAMON,264,13,
MACNEAL  HOSPITAL,IL,COOK,422,29,
JERSEY COMMUNITY HOSPITAL,IL,JERSEY,170,14,
PALOS COMMUNITY HOSPITAL,IL,COOK,196,15,
RUSH OAK PARK HOSPITAL,IL,COOK,264,24,
ST MARY MEDICAL CENTER,IL,KNOX,288,22,
UCHICAGO MEDICINE ADVENTHEALTH LA GRANGE,IL,COOK,184,14,
SAINT FRANCIS MEDICAL CENTER,IL,PEORIA,566,17,
ROSELAND COMMUNITY HOSPITAL,IL,COOK,360,63,
TOUCHETTE REGIONAL HOSPITAL INC,IL,ST. CLAIR,178,35,
SAINT FRANCIS HOSPITAL-EVANSTON,IL,COOK,448,40,
LOUIS A WEISS MEMORIAL HOSPITAL,IL,COOK,298,38,3
LORETTO HOSPITAL,IL,COOK,350,101,
VISTA MEDICAL CENTER EAST,IL,LAKE,461,42,
THE UNIVERSITY OF CHICAGO MEDICAL CENTER,IL,COOK,714,26,
MC DONOUGH DISTRICT HOSPITAL,IL,MC DONOUGH,368,20,
CARLE FOUNDATION HOSPITAL,IL,CHAMPAIGN,418,28,
OSF SACRED HEART MEDICAL CENTER,IL,VERMILION,304,32,
SAINT ANTHONY HOSPITAL,IL,COOK,262,32,
"MIDWESTERN REGION MED CENTER, INC",IL,LAKE,Not Available,Not Available,1
MORRIS HOSPITAL & HEALTHCARE CENTERS,IL,GRUNDY,Not Available,Not Available,1
ST BERNARD HOSPITAL,IL,COOK,676,30,
OSF SAINT ELIZABETH MDL CTR,IL,LA SALLE,313,18,
OSF HEART OF MARY MEDICAL CENTER,IL,CHAMPAIGN,170,49,
SWEDISH HOSPITAL,IL,COOK,438,32,
THOREK MEMORIAL HOSPITAL,IL,COOK,451,122,
NORTHWESTERN MEDICINE MCHENRY,IL,MC HENRY,271,21,
AMITA HEALTH RESURRECTION MEDICAL CENTER,IL,COOK,299,28,
RUSH UNIVERSITY MEDICAL CENTER,IL,COOK,355,23,
CARLE HEALTH PEKIN HOSPITAL,IL,TAZEWELL,142,28,
UCHICAGO MEDICINE ADVENTHEALTH HINSDALE,IL,DU PAGE,310,18,
JOHN H STROGER JR HOSPITAL,IL,COOK,583,11,
GATEWAY REGIONAL MEDICAL CENTER,IL,MADISON,250,35,
CARLE BROMENN MEDICAL CENTER,IL,MC LEAN,291,43,
NORTHWESTERN LAKE FOREST HOSPITAL,IL,LAKE,204,16,
HOLY CROSS HOSPITAL,IL,COOK,322,36,
DECATUR MEMORIAL HOSPITAL,IL,MACON,266,49,
HSHS HOLY FAMILY HOSPITAL INC,IL,BOND,292,15,
ST JOSEPHS HOSPITAL,IL,CLINTON,Not Available,Not Available,1
MEMORIAL MEDICAL CENTER,IL,SANGAMON,267,55,
UNIVERSITY OF ILLINOIS HOSPITAL AND CLINICS,IL,COOK,684,18,
PRESENCE ST MARYS HOSPITAL,IL,KANKAKEE,198,12,
INSIGHT HOSPITAL AND MEDICAL CENTER CHICAGO,IL,COOK,170,24,
FHN MEMORIAL HOSPITAL,IL,STEPHENSON,318,16,
SAINT JAMES HOSPITAL,IL,LIVINGSTON,170,22,
ST JOSEPH MEDICAL CENTER,IL,MC LEAN,304,12,
MEMORIAL HOSPITAL OF CARBONDALE,IL,JACKSON,391,17,
ST MARYS HOSPITAL,IL,MACON,226,26,
FRANCISCAN HEALTH OLYMPIA & CHICAGO HEIGHTS,IL,COOK,442,38,
PRESENCE MERCY MEDICAL CENTER,IL,KANE,378,44,
JACKSON PARK HOSPITAL,IL,COOK,356,24,
OSF LITTLE COMPANY OF MARY MEDICAL CENTER,IL,COOK,548,25,
PRESENCE SAINTS MARY AND ELIZABETH MEDICAL CENTER,IL,COOK,208,20,
SOUTH SHORE HOSPITAL,IL,COOK,491,17,
ADVOCATE ILLINOIS MASONIC MEDICAL CENTER,IL,COOK,286,25,
HEARTLAND REGIONAL MEDICAL CENTER,IL,WILLIAMSON,364,22,
MEMORIAL HOSPITAL,IL,ST. CLAIR,311,14,
RIVERSIDE MEDICAL CENTER,IL,KANKAKEE,288,15,
HSHS ST ELIZABETH'S HOSPITAL,IL,ST. CLAIR,220,11,
SARAH BUSH LINCOLN HEALTH CENTER,IL,COLES,314,11,
INGALLS MEMORIAL HOSPITAL,IL,COOK,411,19,
METHODIST HOSPITAL OF CHICAGO,IL,COOK,342,275,
ELMHURST MEMORIAL HOSPITAL,IL,DU PAGE,210,13,
ADVOCATE CONDELL MEDICAL CENTER,IL,LAKE,388,24,
HUMBOLDT PARK HEALTH,IL,COOK,311,45,
ADVOCATE CHRIST HOSPITAL & MEDICAL CENTER,IL,COOK,400,17,
CARLE HEALTH METHODIST HOSPITAL,IL,PEORIA,294,42,
HARRISBURG MEDICAL CENTER,IL,SALINE,275,20,
NORTHWESTERN MEDICINE DELNOR COMMUNITY HOSPITAL,IL,KANE,258,16,
SILVER CROSS HOSPITAL  AND MEDICAL CENTERS,IL,WILL,651,19,
SAINT JOSEPH HOSPITAL-ELGIN,IL,KANE,205,39,
ADVOCATE LUTHERAN GENERAL HOSPITAL,IL,COOK,295,19,
PRESENCE SAINT JOSEPH HOSPITAL - CHICAGO,IL,COOK,147,31,
UW HEALTH,IL,WINNEBAGO,299,23,
EDWARD HOSPITAL,IL,DU PAGE,269,18,
SAINT ANTHONY MEDICAL CENTER,IL,WINNEBAGO,350,14,
JAVON BEA HOSPITAL,IL,WINNEBAGO,312,21,
NORTHWESTERN MEDICINE CENTRAL DUPAGE HOSPITAL,IL,DU PAGE,310,30,
COMMUNITY FIRST MEDICAL CENTER,IL,COOK,415,45,
NORTHWEST COMMUNITY HOSPITAL 1,IL,COOK,300,15,
ALEXIAN BROTHERS MEDICAL CENTER 1,IL,COOK,351,24,
GENESIS HLTH SYSTEM DBA GENESIS MDL CTR-ILLINI,IL,ROCK ISLAND,406,14,
LOYOLA UNIVERSITY MEDICAL CENTER,IL,COOK,320,26,
TRINITY ROCK ISLAND,IL,ROCK ISLAND,297,26,
NORTHWESTERN MEMORIAL HOSPITAL,IL,COOK,422,39,
NORTHWESTERN MEDICINE KISHWAUKEE HOSPITAL,IL,DE KALB,257,27,
ADVOCATE GOOD SAMARITAN HOSPITAL,IL,DU PAGE,255,20,
ANDERSON HOSPITAL,IL,MADISON,306,18,
ST ALEXIUS MEDICAL CENTER,IL,COOK,263,32,
ADVOCATE GOOD SHEPHERD HOSPITAL,IL,LAKE,198,13,
UCHICAGO MEDICINE ADVENTHEALTH GLENOAKS,IL,DU PAGE,317,34,
DEACONESS ILLINOIS CROSSROADS,IL,JEFFERSON,251,21,
PROVIDENT HOSPITAL OF CHICAGO,IL,COOK,Not Available,Not Available,1
UCHICAGO MEDICINE ADVENTHEALTH BOLINGBROOK,IL,WILL,312,15,
MERCYHEALTH HOSPITAL & PHYSICIAN CLINIC-CRYSTAL LA,IL,MC HENRY,Not Available,Not Available,1
THOMAS H BOYD MEMORIAL HOSPITAL,IL,GREENE,Not Available,Not Available,5
KIRBY MEDICAL CENTER,IL,PIATT,Not Available,Not Available,1
MIDWEST MEDICAL CENTER,IL,JO DAVIESS,Not Available,Not Available,5
WARNER HOSPITAL AND HEALTH SERVICES,IL,DE WITT,Not Available,Not Available,5
"GENESIS MEDICAL CENTER, ALEDO",IL,MERCER,164,18,
MEMORIAL HOSPITAL,IL,HANCOCK,214,11,
COMMUNITY HOSPITAL OF STAUNTON,IL,MACOUPIN,Not Available,Not Available,5
PINCKNEYVILLE COMMUNITY HOSPITAL,IL,PERRY,Not Available,Not Available,1
WASHINGTON COUNTY HOSPITAL,IL,WASHINGTON,Not Available,Not Available,1
CARLE EUREKA  HOSPITAL,IL,WOODFORD,Not Available,Not Available,1
OSF SAINT PAUL MEDICAL CENTER,IL,LA SALLE,Not Available,Not Available,5
FAIRFIELD MEMORIAL HOSPITAL 1,IL,WAYNE,Not Available,Not Available,1
ROCHELLE COMMUNITY HOSPITAL,IL,OGLE,191,15,
MASON DISTRICT HOSPITAL,IL,MASON,272,16,
ILLINI COMMUNITY HOSPITAL,IL,PIKE,208,13,
CARLE HOOPESTON REGIONAL HEALTH CENTER,IL,VERMILION,Not Available,Not Available,5
GIBSON COMMUNITY HOSPITAL,IL,FORD,Not Available,Not Available,"1, 3"
OSF HOLY FAMILY MEDICAL CENTER,IL,WARREN,215,15,
HAMMOND HENRY HOSPITAL,IL,HENRY,193,12,
PARIS COMMUNITY HOSPITAL,IL,EDGAR,202,25,
FRANKLIN HOSPITAL,IL,FRANKLIN,Not Available,Not Available,1
ABRAHAM LINCOLN MEMORIAL HOSPITAL,IL,LOGAN,223,451,
MASSAC MEMORIAL HOSPITAL,IL,MASSAC,Not Available,Not Available,"1, 3"
FERRELL HOSPITAL COMMUNITY FOUNDATIONS,IL,SALINE,Not Available,Not Available,5
OSF SAINT LUKE MEDICAL CENTER,IL,HENRY,243,19,
HAMILTON MEMORIAL HOSPITAL,IL,HAMILTON,281,12,3
WABASH GENERAL HOSPITAL 1,IL,WABASH,179,13,
HARDIN COUNTY GENERAL HOSPITAL & CLINIC,IL,HARDIN,Not Available,Not Available,5
MORRISON COMMUNITY HOSPITAL,IL,WHITESIDE,202,191,
HOPEDALE HOSPITAL,IL,TAZEWELL,Not Available,Not Available,1
MARSHALL BROWNING HOSPITAL,IL,PERRY,Not Available,Not Available,5
HILLSBORO AREA HOSPITAL,IL,MONTGOMERY,333,12,
SARAH D CULBERTSON MEMORIAL HOSPITAL,IL,SCHUYLER,209,19,
ST JOSEPH MEMORIAL HOSPITAL,IL,JACKSON,242,17,
MERCY HARVARD HOSPITAL,IL,MC HENRY,310,26,
ST JOSEPH'S HOSPITAL,IL,MADISON,Not Available,Not Available,5
OSF SAINT CLARE MEDICAL CENTER,IL,BUREAU,367,16,
MEMORIAL HOSPITAL,IL,RANDOLPH,278,20,
TAYLORVILLE MEMORIAL HOSPITAL,IL,CHRISTIAN,Not Available,Not Available,1
VALLEY WEST COMMUNITY HOSPITAL,IL,DE KALB,126,18,
PANA COMMUNITY HOSPITAL,IL,CHRISTIAN,297,25,
DEACONESS ILLINOIS UNION COUNTY,IL,UNION,341,29,
CRAWFORD MEMORIAL HOSPITAL,IL,CRAWFORD,302,22,
LAWRENCE COUNTY MEMORIAL HOSPITAL,IL,LAWRENCE,78,19,
SALEM TOWNSHIP HOSPITAL,IL,MARION,116,18,
FAYETTE COUNTY HOSPITAL,IL,FAYETTE,Not Available,Not Available,5
CARLINVILLE AREA HOSPITAL,IL,MACOUPIN,249,35,
RED BUD REGIONAL HOSPITAL,IL,RANDOLPH,Not Available,Not Available,1
SPARTA COMMUNITY HOSPITAL,IL,RANDOLPH,Not Available,Not Available,5
ST FRANCIS HOSPITAL,IL,MONTGOMERY,Not Available,Not Available,5
CLAY COUNTY HOSPITAL,IL,CLAY,Not Available,Not Available,1
JACKSONVILLE MEMORIAL HOSPITAL,IL,MORGAN,318,34,
IROQUOIS MEMORIAL HOSPITAL,IL,IROQUOIS,141,11,
HSHS GOOD SHEPHERD HOSPITAL INC,IL,SHELBY,Not Available,Not Available,5
CARLE RICHLAND MEMORIAL HOSPITAL,IL,RICHLAND,178,16,
ANN & ROBERT H LURIE CHILDRENS HOSPITAL OF CHICAGO,IL,COOK,Not Available,Not Available,19
LARABIDA CHILDRENS HOSPITAL I,IL,COOK,Not Available,Not Available,19
SHRINERS HOSPITAL FOR CHILDREN,IL,COOK,Not Available,Not Available,19
JOHNSON MEMORIAL HOSPITAL,IN,JOHNSON,185,11,
METHODIST HOSPITALS INC,IN,LAKE,191,11,
HENDRICKS REGIONAL HEALTH,IN,HENDRICKS,174,12,
NORTHWEST HEALTH-LA PORTE,IN,LA PORTE,348,27,
COMMUNITY HOWARD REGIONAL HEALTH INC.,IN,HOWARD,275,14,
ST CATHERINE HOSPITAL INC,IN,LAKE,Not Available,Not Available,1
NORTON CLARK HOSPITAL,IN,CLARK,239,22,
ASCENSION ST VINCENT KOKOMO,IN,HOWARD,229,18,
MARION GENERAL HOSPITAL,IN,GRANT,154,12,
SAINT JOSEPH REGIONAL MEDICAL CENTER,IN,ST. JOSEPH,248,12,
FRANCISCAN HEALTH MICHIGAN CITY,IN,LA PORTE,Not Available,Not Available,1
LUTHERAN HOSPITAL OF INDIANA,IN,ALLEN,Not Available,Not Available,1
ELKHART GENERAL HOSPITAL,IN,ELKHART,231,19,
PARKVIEW REGIONAL MEDICAL CENTER,IN,ALLEN,175,11,
FRANCISCAN HEALTH CRAWFORDSVILLE,IN,MONTGOMERY,Not Available,Not Available,1
UNION HOSPITAL INC,IN,VIGO,159,25,
ESKENAZI HEALTH,IN,MARION,239,27,
GOSHEN HOSPITAL,IN,ELKHART,202,26,
HENRY COUNTY MEMORIAL HOSPITAL,IN,HENRY,304,28,
ST MARY MEDICAL CENTER INC,IN,LAKE,372,12,
NORTHWEST HEALTH - PORTER,IN,PORTER,336,24,
HANCOCK REGIONAL HOSPITAL,IN,HANCOCK,102,12,
GOOD SAMARITAN HOSPITAL,IN,KNOX,140,12,
BAPTIST HEALTH FLOYD,IN,FLOYD,Not Available,Not Available,1
PARKVIEW DEKALB HOSPITAL,IN,DE KALB,162,17,
TERRE HAUTE REGIONAL HOSPITAL,IN,VIGO,129,25,
"ST JOSEPH HEALTH SYSTEM, LLC",IN,ALLEN,234,22,
REID HEALTH,IN,WAYNE,180,16,
INDIANA UNIVERSITY HEALTH BLOOMINGTON HOSPITAL,IN,MONROE,265,36,
INDIANA UNIVERSITY HEALTH,IN,MARION,348,18,
FRANCISCAN HEALTH MOORESVILLE,IN,MORGAN,202,14,
MEMORIAL HOSPITAL OF SOUTH BEND,IN,ST. JOSEPH,342,21,
RIVERVIEW HEALTH,IN,HAMILTON,127,11,
DAVIESS COMMUNITY HOSPITAL,IN,DAVIESS,190,15,
SCHNECK MEDICAL CENTER,IN,JACKSON,Not Available,Not Available,1
NORTON-KING'S DAUGHTERS' HEALTH,IN,JEFFERSON,328,18,
MEMORIAL HOSPITAL,IN,CASS,232,17,
COMMUNITY HOSPITAL EAST,IN,MARION,258,14,
BLUFFTON REGIONAL MEDICAL CENTER,IN,WELLS,Not Available,Not Available,1
SAINT JOSEPH REGIONAL MEDICAL CENTER - PLYMOUTH,IN,MARSHALL,234,18,
DEACONESS HOSPITAL INC,IN,VANDERBURGH,208,16,
ASCENSION ST VINCENT HOSPITAL,IN,MARION,Not Available,Not Available,1
ST ELIZABETH DEARBORN HOSPITAL,IN,DEARBORN,250,16,
ASCENSION ST VINCENT ANDERSON,IN,MADISON,244,18,
INDIANA UNIVERSITY HEALTH BALL MEMORIAL HOSPITAL,IN,DELAWARE,323,35,
FRANCISCAN HEALTH DYER,IN,LAKE,267,23,
PARKVIEW HUNTINGTON HOSPITAL,IN,HUNTINGTON,227,23,
MAJOR HOSPITAL,IN,SHELBY,211,17,
ASCENSION ST VINCENT EVANSVILLE,IN,VANDERBURGH,175,12,
PARKVIEW WHITLEY HOSPITAL,IN,WHITLEY,230,18,
NORTHWEST HEALTH - STARKE,IN,STARKE,161,21,
WITHAM HEALTH SERVICES,IN,BOONE,Not Available,Not Available,1
FRANCISCAN HEALTH LAFAYETTE,IN,TIPPECANOE,322,26,
COLUMBUS REGIONAL HOSPITAL,IN,BARTHOLOMEW,197,15,
COMMUNITY HOSPITAL OF ANDERSON AND MADISON COUNTY,IN,MADISON,413,15,
MEMORIAL HOSPITAL AND HEALTH CARE CENTER,IN,DUBOIS,Not Available,Not Available,1
COMMUNITY HOSPITAL,IN,LAKE,Not Available,Not Available,1
FRANCISCAN HEALTH CROWN POINT,IN,LAKE,387,11,
"COMMUNITY HOSPITAL SOUTH, INC.",IN,MARION,431,19,
KOSCIUSKO COMMUNITY HOSPITAL,IN,KOSCIUSKO,217,15,
PARKVIEW NOBLE HOSPITAL,IN,NOBLE,152,11,
THE WOMEN'S HOSPITAL,IN,WARRICK,Not Available,Not Available,7
DUPONT HOSPITAL LLC,IN,ALLEN,Not Available,Not Available,1
ST VINCENT HEART CENTER,IN,HAMILTON,Not Available,Not Available,1
ASCENSION ST VINCENT CARMEL,IN,HAMILTON,239,11,
IU HEALTH WEST HOSPITAL,IN,HENDRICKS,372,13,
ORTHOINDY HOSPITAL,IN,MARION,Not Available,Not Available,5
INDIANA UNIVERSITY HEALTH NORTH HOSPITAL,IN,HAMILTON,Not Available,Not Available,1
FRANCISCAN HEALTH INDIANAPOLIS,IN,MARION,432,18,
FRANCISCAN HEALTH MUNSTER,IN,LAKE,264,12,
PINNACLE HOSPITAL,IN,LAKE,Not Available,Not Available,5
ORTHOPAEDIC HOSPITAL AT PARKVIEW NORTH,IN,ALLEN,Not Available,Not Available,5
THE ORTHOPAEDIC HOSPITAL OF LUTHERAN HEALTH NETWOR,IN,ALLEN,Not Available,Not Available,5
COMMUNITY HOSPITAL NORTH,IN,MARION,469,25,
PHYSICIANS' MEDICAL CENTER LLC,IN,FLOYD,Not Available,Not Available,5
INDIANA UNIVERSITY HEALTH ARNETT HOSPITAL,IN,TIPPECANOE,332,26,
UNITY PHYSICIANS HOSPITAL,IN,ST. JOSEPH,Not Available,Not Available,5
FAIRBANKS,IN,MARION,Not Available,Not Available,5
ASCENSION ST VINCENT FISHERS,IN,HAMILTON,207,11,
MONROE HOSPITAL,IN,MONROE,102,20,
FRANCISCAN HEALTH ORTHOPEDIC HOSPITAL CARMEL,IN,HAMILTON,Not Available,Not Available,5
UCHICAGO MEDICINE NORTHWEST INDIANA,IN,LAKE,Not Available,Not Available,"1, 3"
COMMUNITY HOSPITAL OF BREMEN INC,IN,MARSHALL,Not Available,Not Available,"1, 3"
ASCENSION ST VINCENT RANDOLPH,IN,RANDOLPH,Not Available,Not Available,1
ASCENSION ST VINCENT JENNINGS,IN,JENNINGS,231,22,
RUSH MEMORIAL HOSPITAL,IN,RUSH,173,51,
PULASKI MEMORIAL HOSPITAL,IN,PULASKI,Not Available,Not Available,1
INDIANA UNIVERSITY HEALTH PAOLI HOSPITAL,IN,ORANGE,249,13,
ASCENSION ST VINCENT WILLIAMSPORT,IN,WARREN,Not Available,Not Available,1
ASCENSION ST VINCENT MERCY,IN,MADISON,110,16,
ASCENSION ST VINCENT CLAY,IN,CLAY,137,12,
"PARKVIEW WABASH HOSPITAL, INC",IN,WABASH,318,11,
INDIANA UNIVERSITY HEALTH TIPTON HOSPITAL INC,IN,TIPTON,Not Available,Not Available,1
INDIANA UNIVERSITY HEALTH WHITE MEMORIAL HOSPITAL,IN,WHITE,151,15,
WOODLAWN HOSPITAL,IN,FULTON,Not Available,Not Available,"1, 3"
ASCENSION ST VINCENT SALEM,IN,WASHINGTON,269,17,
CAMERON HEALTH,IN,STEUBEN,208,12,
INDIANA UNIVERSITY HEALTH FRANKFORT INC,IN,CLINTON,264,20,
GREENE COUNTY GENERAL HOSPITAL,IN,GREENE,221,18,
DUKES MEMORIAL HOSPITAL,IN,MIAMI,204,21,
GIBSON GENERAL HOSPITAL,IN,GIBSON,165,14,
"INDIANA UNIVERSITY HEALTH JAY, INC.",IN,JAY,297,17,
PERRY COUNTY MEMORIAL HOSPITAL,IN,PERRY,Not Available,Not Available,1
PARKVIEW LAGRANGE HOSPITAL,IN,LAGRANGE,168,15,
"FRANCISCAN HEALTH RENSSELAER, INC",IN,JASPER,252,22,
ASCENSION ST VINCENT WARRICK,IN,WARRICK,122,12,
UNION HOSPITAL CLINTON,IN,VERMILLION,177,18,
SULLIVAN COUNTY COMMUNITY HOSPITAL,IN,SULLIVAN,268,14,
INDIANA UNIVERSITY HEALTH BEDFORD HOSPITAL,IN,LAWRENCE,335,15,
MARGARET MARY COMMUNITY HOSPITAL INC,IN,FRANKLIN,Not Available,Not Available,1
ADAMS MEMORIAL HOSPITAL,IN,ADAMS,Not Available,Not Available,1
HARRISON COUNTY HOSPITAL,IN,HARRISON,Not Available,Not Available,1
DECATUR COUNTY MEMORIAL HOSPITAL,IN,DECATUR,210,13,
PUTNAM COUNTY HOSPITAL,IN,PUTNAM,225,20,
NORTON SCOTT HOSPITAL,IN,SCOTT,291,21,
UNITYPOINT HEALTH - MARSHALLTOWN,IA,MARSHALL,645,23,
TRINITY MUSCATINE,IA,MUSCATINE,379,21,
TRINITY REGIONAL MEDICAL CENTER,IA,WEBSTER,328,23,
CHI HEALTH MERCY COUNCIL BLUFFS,IA,POTTAWATTAMIE,239,34,
UNIVERSITY OF IOWA HEALTH CARE MEDICAL CENTER DOWN,IA,JOHNSON,192,13,
MARY GREELEY MEDICAL CENTER,IA,STORY,295,17,
MERCYONE NEWTON MEDICAL CENTER,IA,JASPER,185,26,
GENESIS MEDICAL CENTER-DAVENPORT,IA,SCOTT,276,21,
"SARTORI MEMORIAL HOSPITAL, INC",IA,BLACK HAWK,86,12,
ST LUKES HOSPITAL,IA,LINN,206,25,
METHODIST JENNIE EDMUNDSON,IA,POTTAWATTAMIE,152,17,
SOUTHEAST IOWA REGIONAL MEDICAL CENTER,IA,DES MOINES,Not Available,Not Available,1
UNIVERSITY OF IOWA HOSPITAL & CLINICS,IA,JOHNSON,250,28,
MERCYONE NORTH IOWA MEDICAL CENTER,IA,CERRO GORDO,183,32,
MERCYONE WATERLOO MEDICAL CENTER,IA,BLACK HAWK,230,30,
MERCYONE DUBUQUE MEDICAL CENTER,IA,DUBUQUE,209,27,
MERCY MEDICAL CENTER - CEDAR RAPIDS,IA,LINN,Not Available,Not Available,1
MERCYONE CLINTON MEDICAL CENTER,IA,CLINTON,154,28,
UNITYPOINT HEALTH - DES MOINES IOWA METHODIST MEDI,IA,POLK,295,15,
MERCYONE DES MOINES MEDICAL CENTER,IA,POLK,250,18,
OTTUMWA REGIONAL HEALTH CENTER,IA,WAPELLO,236,24,
BROADLAWNS MEDICAL CENTER,IA,POLK,302,62,
TRINITY - BETTENDORF,IA,SCOTT,441,13,
ALLEN HOSPITAL,IA,BLACK HAWK,330,24,
SPENCER MUNICIPAL HOSPITAL,IA,CLAY,268,30,
FINLEY HOSPITAL,IA,DUBUQUE,Not Available,Not Available,1
LAKES REGIONAL HEALTHCARE,IA,DICKINSON,237,374,
ST LUKES REGIONAL MEDICAL CENTER,IA,WOODBURY,215,14,
GRINNELL REGIONAL MEDICAL CENTER,IA,POWESHIEK,345,23,
MERCYONE SIOUXLAND MEDICAL CENTER,IA,WOODBURY,331,19,
IOWA SPECIALTY HOSPITAL - BELMOND,IA,WRIGHT,Not Available,Not Available,1
IOWA SPECIALTY HOSPITAL - CLARION,IA,WRIGHT,Not Available,Not Available,1
GRUNDY COUNTY MEMORIAL HOSPITAL,IA,GRUNDY,92,13,
CHI HEALTH - MERCY CORNING,IA,ADAMS,354,14,
POCAHONTAS COMMUNITY HOSPITAL,IA,POCAHONTAS,Not Available,Not Available,"1, 3"
JONES REGIONAL MEDICAL CENTER,IA,JONES,157,11,
HANCOCK COUNTY HEALTH SYSTEM,IA,HANCOCK,Not Available,Not Available,1
FRANKLIN GENERAL HOSPITAL,IA,FRANKLIN,226,14,
CHI HEALTH MISSOURI VALLEY,IA,HARRISON,140,17,
ADAIR COUNTY MEMORIAL HOSPITAL,IA,ADAIR,325,13,
HAWARDEN REGIONAL HEALTHCARE,IA,SIOUX,Not Available,Not Available,1
GUTTENBERG MUNICIPAL HOSPITAL,IA,CLAYTON,Not Available,Not Available,1
MERCYONE GENESIS DEWITT MEDICAL CENTER,IA,CLINTON,Not Available,Not Available,1
GUTHRIE COUNTY HOSPITAL,IA,GUTHRIE,259,19,
KEOKUK COUNTY HEALTH CENTER,IA,KEOKUK,Not Available,Not Available,"1, 3"
GUNDERSEN PALMER LUTHERAN HOSPITAL AND CLINICS,IA,FAYETTE,162,21,
COMPASS MEMORIAL HEALTHCARE,IA,IOWA,Not Available,Not Available,1
VETERANS MEMORIAL HOSPITAL,IA,ALLAMAKEE,217,17,
MERCYONE ELKADER MEDICAL CENTER,IA,CLAYTON,220,12,
COMMUNITY MEMORIAL HOSPITAL MEDICAL CENTER,IA,BREMER,Not Available,Not Available,"1, 3"
AVERA MERRILL PIONEER HOSPITAL,IA,LYON,202,64,3
DALLAS COUNTY HOSPITAL,IA,DALLAS,182,22,
MITCHELL COUNTY REGIONAL HEALTH,IA,MITCHELL,165,14,
GEORGE C GRAPE COMMUNITY HOSPITAL,IA,FREMONT,132,15,
GREENE COUNTY MEDICAL CENTER,IA,GREENE,Not Available,Not Available,1
MADISON COUNTY HEALTH CARE SYSTEM,IA,MADISON,149,15,
DAVIS COUNTY HOSPITAL,IA,DAVIS,147,11,
REGIONAL HEALTH SERVICES OF HOWARD COUNTY,IA,HOWARD,178,122,
JACKSON COUNTY REGIONAL HEALTH CENTER,IA,JACKSON,137,16,
AUDUBON COUNTY MEMORIAL HOSPITAL,IA,AUDUBON,Not Available,Not Available,1
MERCY MEDICAL CENTER-NEW HAMPTON,IA,CHICKASAW,130,12,
MANNING REGIONAL HEALTHCARE CENTER,IA,CARROLL,154,32,
STORY COUNTY HOSPITAL,IA,STORY,364,12,
HUMBOLDT COUNTY MEMORIAL HOSPITAL,IA,HUMBOLDT,166,21,
BUCHANAN COUNTY HEALTH CENTER,IA,BUCHANAN,Not Available,Not Available,1
HEGG MEMORIAL HEALTH CENTER,IA,SIOUX,142,70,
VAN BUREN COUNTY HOSPITAL,IA,VAN BUREN,198,14,
MERCYONE OELWEIN MEDICAL CENTER,IA,FAYETTE,Not Available,Not Available,"1, 3"
WAVERLY HEALTH CENTER,IA,BREMER,Not Available,Not Available,1
DECATUR COUNTY HOSPITAL,IA,DECATUR,127,11,
LUCAS COUNTY HEALTH CENTER,IA,LUCAS,208,11,
MONROE COUNTY HOSPITAL,IA,MONROE,273,12,
REGIONAL MEDICAL CENTER,IA,DELAWARE,206,11,
WASHINGTON COUNTY HOSPITAL AND CLINICS,IA,WASHINGTON,294,15,
OSCEOLA COMMUNITY HOSPITAL,IA,OSCEOLA,184,33,
SIOUX CENTER HEALTH,IA,SIOUX,176,115,
FLOYD COUNTY MEDICAL CENTER,IA,FLOYD,369,15,
CLARKE COUNTY HOSPITAL,IA,CLARKE,158,15,
VIRGINIA GAY HOSPITAL,IA,BENTON,Not Available,Not Available,1
STEWART MEMORIAL COMMUNITY HOSPITAL,IA,CALHOUN,Not Available,Not Available,1
AVERA HOLY FAMILY HOSPITAL,IA,EMMET,170,186,
CLARINDA REGIONAL HEALTH CENTER,IA,PAGE,149,55,
KOSSUTH REGIONAL HEALTH CENTER,IA,KOSSUTH,160,16,
HORN MEMORIAL HOSPITAL,IA,IDA,410,15,
KNOXVILLE HOSPITAL & CLINICS,IA,MARION,384,24,
HENRY COUNTY HEALTH CENTER,IA,HENRY,122,25,
PALO ALTO COUNTY HOSPITAL,IA,PALO ALTO,Not Available,Not Available,1
WAYNE COUNTY HOSPITAL,IA,WAYNE,Not Available,Not Available,"1, 3"
BURGESS HEALTH CENTER,IA,MONONA,Not Available,Not Available,"1, 3"
ORANGE CITY AREA HEALTH SYSTEM,IA,SIOUX,Not Available,Not Available,"1, 3"
VAN DIEST MEDICAL CENTER,IA,HAMILTON,149,17,
CHEROKEE REGIONAL MEDICAL CENTER,IA,CHEROKEE,298,26,
MONTGOMERY COUNTY MEMORIAL HOSPITAL,IA,MONTGOMERY,315,16,
JEFFERSON COUNTY HEALTH CENTER,IA,JEFFERSON,186,19,
GREATER REGIONAL MEDICAL CENTER,IA,UNION,123,11,
SHENANDOAH MEDICAL CENTER,IA,PAGE,189,39,
PELLA REGIONAL HEALTH CENTER,IA,MARION,229,14,
FLOYD VALLEY HEALTHCARE,IA,PLYMOUTH,303,299,
CRAWFORD COUNTY MEMORIAL HOSPITAL,IA,CRAWFORD,244,20,
LORING HOSPITAL,IA,SAC,182,11,
WINNMED,IA,WINNESHIEK,Not Available,Not Available,1
BOONE COUNTY HOSPITAL,IA,BOONE,259,21,
RINGGOLD COUNTY HOSPITAL,IA,RINGGOLD,Not Available,Not Available,1
MYRTUE MEDICAL CENTER,IA,SHELBY,Not Available,Not Available,1
BUENA VISTA REGIONAL MEDICAL CENTER,IA,BUENA VISTA,350,15,
CASS COUNTY MEMORIAL HOSPITAL,IA,CASS,87,15,
MERCYONE CENTERVILLE MEDICAL CENTER,IA,APPANOOSE,267,15,
MERCYONE DYERSVILLE MEDICAL CENTER,IA,DUBUQUE,Not Available,Not Available,1
MAHASKA  HEALTH PARTNERSHIP,IA,MAHASKA,286,28,
HANSEN FAMILY HOSPITAL,IA,HARDIN,324,14,
SANFORD SHELDON MEDICAL CENTER,IA,OBRIEN,246,20,
ST ANTHONY REGIONAL HOSPITAL & NURSING HOME,IA,CARROLL,282,33,
"MERCY HOSPITAL PITTSBURG, INC",KS,CRAWFORD,160,13,
SAINT JOHN HOSPITAL,KS,LEAVENWORTH,160,23,
SALINA REGIONAL HEALTH CENTER,KS,SALINE,210,17,
HAYS MEDICAL CENTER,KS,ELLIS,274,19,
ADVENTHEALTH OTTAWA,KS,FRANKLIN,501,11,
UNIVERSITY OF KANSAS HEALTH SYSTEM - ST FRANCIS CAMPUS,KS,SHAWNEE,234,19,
SUSAN B ALLEN MEMORIAL HOSPITAL,KS,BUTLER,Not Available,Not Available,1
HUTCHINSON REGIONAL MEDICAL CENTER INC,KS,RENO,286,24,
ST. CATHERINE HOSPITAL - GARDEN CITY,KS,FINNEY,182,18,
PRATT REGIONAL MEDICAL CENTER,KS,PRATT,147,16,
Irwin ACH (FT Riley),KS,GEARY,Not Available,Not Available,5
UNIVERSITY OF KANSAS HOSPITAL,KS,WYANDOTTE,358,24,
UNIVERSITY OF KANSAS HEALTH SYSTEM OLATHE HOSPITAL,KS,JOHNSON,266,20,
SOUTHWEST MEDICAL CENTER,KS,SEWARD,356,11,
"STORMONT VAIL HEALTH FLINT HILLS, LLC",KS,GEARY,110,18,
STORMONT VAIL HOSPITAL,KS,SHAWNEE,193,23,
NMC HEALTH,KS,HARVEY,190,506,
ADVENTHEALTH SHAWNEE MISSION,KS,JOHNSON,184,26,
MCPHERSON HOSPITAL,KS,MCPHERSON,197,19,
MIAMI COUNTY MEDICAL CENTER,KS,MIAMI,318,15,
LABETTE HEALTH,KS,LABETTE,222,22,
"ASCENSION VIA CHRISTI HOSPITALS WICHITA, INC.",KS,SEDGWICK,255,23,
WESLEY MEDICAL CENTER,KS,SEDGWICK,Not Available,Not Available,1
LMH,KS,DOUGLAS,221,19,
"ASCENSION VIA CHRISTI HOSPITAL MANHATTAN, INC",KS,RILEY,314,18,
PROVIDENCE MEDICAL CENTER,KS,WYANDOTTE,148,14,
CENTURA ST. CATHERINE-DODGE CITY,KS,FORD,208,14,
OVERLAND PARK REG MED CTR,KS,JOHNSON,226,14,
MENORAH MEDICAL CENTER,KS,JOHNSON,546,14,
KANSAS SURGERY & RECOVERY CENTER,KS,SEDGWICK,Not Available,Not Available,5
SAINT LUKE'S SOUTH HOSPITAL,KS,JOHNSON,Not Available,Not Available,1
KANSAS HEART HOSPITAL,KS,SEDGWICK,Not Available,Not Available,5
SALINA SURGICAL HOSPITAL,KS,SALINE,Not Available,Not Available,5
KANSAS CITY ORTHOPAEDIC INSTITUTE,KS,JOHNSON,Not Available,Not Available,5
MANHATTAN SURGICAL HOSPITAL LLC,KS,RILEY,Not Available,Not Available,5
UNIVERSITY  OF KS HLTH SYSTEM GREAT BEND CAMPUS,KS,BARTON,214,16,
ASCENTIST HOSPITAL LLC,KS,JOHNSON,Not Available,Not Available,5
"KANSAS SPINE & SPECIALTY HOSPITAL, LLC",KS,SEDGWICK,Not Available,Not Available,5
KANSAS MEDICAL CENTER LLC,KS,BUTLER,160,14,
"SUMMIT SURGICAL, LLC",KS,RENO,Not Available,Not Available,5
MINIMALLY INVASIVE SURGERY HOSPITAL,KS,JOHNSON,Not Available,Not Available,5
"VIA CHRISTI HOSPITAL WICHITA ST TERESA, INC",KS,SEDGWICK,Not Available,Not Available,1
MERCY SPECIALTY HOSPITAL SOUTHEAST KANSAS,KS,CHEROKEE,Not Available,Not Available,5
"ROCK REGIONAL HOSPITAL, LLC",KS,SEDGWICK,103,12,
"ADVENTHEALTH SOUTH OVERLAND PARK, INC",KS,JOHNSON,Not Available,Not Available,1
SCK HEALTH,KS,COWLEY,Not Available,Not Available,19
"MERCY HOSPITAL, INC",KS,MCPHERSON,Not Available,Not Available,19
RUSH COUNTY MEMORIAL HOSPITAL,KS,RUSH,Not Available,Not Available,19
GRISELL MEMORIAL HOSPITAL,KS,NESS,Not Available,Not Available,1
ELLINWOOD DISTRICT HOSPITAL,KS,BARTON,Not Available,Not Available,1
LANE COUNTY HOSPITAL,KS,LANE,142,15,
ASHLAND HEALTH CENTER,KS,CLARK,174,12,
WICHITA COUNTY HEALTH CENTER,KS,WICHITA,Not Available,Not Available,1
RAWLINS COUNTY HEALTH CENTER,KS,RAWLINS,262,11,
MERCY HOSPITAL COLUMBUS,KS,CHEROKEE,Not Available,Not Available,1
JEWELL COUNTY HOSPITAL,KS,JEWELL,130,17,
CHEYENNE COUNTY HOSPITAL,KS,CHEYENNE,Not Available,Not Available,1
ROOKS COUNTY HEALTH CENTER,KS,ROOKS,Not Available,Not Available,1
COMANCHE COUNTY HOSPITAL,KS,COMANCHE,Not Available,Not Available,1
KEARNY COUNTY HOSPITAL,KS,KEARNY,Not Available,Not Available,1
F W HUSTON MEDICAL CENTER,KS,JEFFERSON,247,19,
NEMAHA VALLEY COMMUNITY HOSPITAL,KS,NEMAHA,168,16,
ANDERSON COUNTY HOSPITAL,KS,ANDERSON,Not Available,Not Available,1
EDWARDS COUNTY MEDICAL CENTER,KS,EDWARDS,Not Available,Not Available,1
SEDAN CITY HOSPITAL,KS,CHAUTAUQUA,Not Available,Not Available,"1, 3"
HOLTON COMMUNITY HOSPITAL,KS,JACKSON,Not Available,Not Available,1
MEADE DISTRICT HOSPITAL,KS,MEADE,Not Available,Not Available,1
HAMILTON COUNTY HOSPITAL,KS,HAMILTON,Not Available,Not Available,1
STAFFORD COUNTY HOSPITAL,KS,STAFFORD,Not Available,Not Available,1
"SATANTA DISTRICT HOSPITAL, CLINICS, & LTCU",KS,HASKELL,148,11,
GRAHAM COUNTY HOSPITAL,KS,GRAHAM,Not Available,Not Available,1
LOGAN COUNTY HOSPITAL,KS,LOGAN,183,11,
ELLSWORTH COUNTY MEDICAL CENTER,KS,ELLSWORTH,Not Available,Not Available,1
OTTAWA COUNTY HEALTH CENTER,KS,OTTAWA,Not Available,Not Available,1
CALDWELL REGIONAL MEDICAL CENTER,KS,SUMNER,296,13,
HOSPITAL DISTRICT #1 OF RICE COUNTY,KS,RICE,327,33,
KIOWA DISTRICT HOSPITAL,KS,BARBER,140,11,
KIOWA COUNTY MEMORIAL HOSPITAL,KS,KIOWA,242,11,
CLARA BARTON HOSPITAL,KS,BARTON,Not Available,Not Available,1
MEDICINE LODGE MEMORIAL HOSPITAL,KS,BARBER,196,12,
STEVENS COUNTY HOSPITAL,KS,STEVENS,Not Available,Not Available,1
NESS COUNTY HOSPITAL DISTRICT #2,KS,NESS,132,13,
WAMEGO HEALTH CENTER,KS,POTTAWATOMIE,141,11,
GREAT PLAINS OF SABETHA,KS,NEMAHA,Not Available,Not Available,1
GREENWOOD COUNTY HOSPITAL,KS,GREENWOOD,295,12,
HIAWATHA COMMUNITY HOSPITAL,KS,BROWN,170,20,
STANTON COUNTY HOSPITAL,KS,STANTON,272,12,
WILSON MEDICAL CENTER,KS,WILSON,164,12,
PAWNEE VALLEY COMMUNITY HOSPITAL,KS,PAWNEE,371,13,
HOSPITAL DISTRICT #6 PATTERSON HEALTH CENTER,KS,HARPER,129,11,
SHERIDAN COUNTY HOSPITAL,KS,SHERIDAN,264,11,
NORTON COUNTY HOSPITAL,KS,NORTON,173,15,
CLOUD COUNTY HEALTH CENTER,KS,CLOUD,Not Available,Not Available,1
RUSSELL REGIONAL HOSPITAL,KS,RUSSELL,Not Available,Not Available,1
WASHINGTON COUNTY HOSPITAL,KS,WASHINGTON,Not Available,Not Available,1
DECATUR HEALTH,KS,DECATUR,182,14,
PHILLIPS COUNTY HOSPITAL,KS,PHILLIPS,144,15,
"COMMUNITY HOSPITAL, ONAGA AND ST MARYS CAMPUS",KS,POTTAWATOMIE,Not Available,Not Available,1
TREGO COUNTY LEMKE MEMORIAL HOSPITAL,KS,TREGO,184,18,
ST LUKE HOSPITAL & LIVING CENTER,KS,MARION,169,12,
HILLSBORO COMMUNITY HOSPITAL,KS,MARION,187,11,
LINDSBORG COMMUNITY HOSPITAL,KS,MCPHERSON,Not Available,Not Available,1
GREELEY COUNTY HEALTH SERVICES,KS,GREELEY,Not Available,Not Available,1
LINCOLN COUNTY HOSPITAL,KS,LINCOLN,Not Available,Not Available,5
REPUBLIC COUNTY HOSPITAL,KS,REPUBLIC,126,12,
CITIZENS MEDICAL CENTER,KS,THOMAS,Not Available,Not Available,"1, 3"
"COMMUNITY MEMORIAL HEALTHCARE, INC.",KS,MARSHALL,268,14,
OSBORNE COUNTY MEMORIAL HOSPITAL,KS,OSBORNE,167,14,
HANOVER HOSPITAL,KS,WASHINGTON,173,16,
GOVE COUNTY MEDICAL CENTER,KS,GOVE,262,11,
MINNEOLA DISTRICT HOSPITAL,KS,FORD,Not Available,Not Available,1
HODGEMAN COUNTY HEALTH CENTER,KS,HODGEMAN,Not Available,Not Available,1
GOODLAND REGIONAL MEDICAL CENTER,KS,SHERMAN,Not Available,Not Available,1
CLAY COUNTY MEDICAL CENTER,KS,CLAY,209,11,
SCOTT COUNTY HOSPITAL,KS,SCOTT,Not Available,Not Available,1
ALLEN COUNTY REGIONAL HOSPITAL,KS,ALLEN,228,22,
FREDONIA REGIONAL HOSPITAL,KS,WILSON,200,17,
MITCHELL COUNTY HOSPITAL HEALTH SYSTEMS,KS,MITCHELL,Not Available,Not Available,1
GIRARD MEDICAL CENTER,KS,CRAWFORD,130,25,
SMITH COUNTY MEMORIAL HOSPITAL,KS,SMITH,138,12,
KINGMAN HEALTHCARE CENTER,KS,KINGMAN,Not Available,Not Available,1
MORRIS COUNTY HOSPITAL,KS,MORRIS,211,11,
NEOSHO MEMORIAL REGIONAL MEDICAL CENTER,KS,NEOSHO,235,18,
MEMORIAL HOSPITAL,KS,DICKINSON,163,22,
AMBERWELL ATCHISON ASSOCIATION,KS,ATCHISON,285,14,3
WILLIAM NEWTON HOSPITAL,KS,COWLEY,153,15,
NEWMAN REGIONAL HEALTH,KS,LYON,179,16,
COFFEY COUNTY HOSPITAL,KS,COFFEY,268,16,
MORTON COUNTY HOSPITAL,KS,MORTON,Not Available,Not Available,1
"COFFEYVILLE REGIONAL MEDICAL CENTER, INC",KS,MONTGOMERY,120,25,
BOB WILSON MEMORIAL HOSPITAL,KS,GRANT,139,12,
CHILDREN'S MERCY SOUTH,KS,JOHNSON,Not Available,Not Available,19
ST ELIZABETH FT THOMAS,KY,CAMPBELL,212,19,
WHITESBURG ARH HOSPITAL,KY,LETCHER,232,11,
OWENSBORO HEALTH MUHLENBERG COMMUNITY HOSPITAL,KY,MUHLENBERG,Not Available,Not Available,1
HIGHLANDS ARH REGIONAL MEDICAL CENTER,KY,FLOYD,339,21,
KING'S DAUGHTERS' MEDICAL CENTER,KY,BOYD,Not Available,Not Available,1
SAINT JOSEPH HOSPITAL,KY,FAYETTE,Not Available,Not Available,1
SAINT JOSEPH LONDON,KY,LAUREL,243,16,
BAPTIST HEALTH HARDIN,KY,HARDIN,316,17,
THE MEDICAL CENTER (BOWLING GREEN),KY,WARREN,305,69,
UOFL HEALTH - SHELBYVILLE HOSPITAL,KY,SHELBY,190,47,
T J SAMSON COMMUNITY HOSPITAL,KY,BARREN,302,18,
ST CLAIRE REGIONAL MEDICAL CENTER,KY,ROWAN,Not Available,Not Available,1
MEADOWVIEW REGIONAL MEDICAL CENTER,KY,MASON,Not Available,Not Available,1
MIDDLESBORO ARH HOSPITAL,KY,BELL,310,11,
SPRING VIEW HOSPITAL,KY,MARION,200,18,
CHI SAINT JOSEPH FLAGET MEMORIAL HOSPITAL,KY,NELSON,494,15,
MURRAY-CALLOWAY COUNTY HOSPITAL,KY,CALLOWAY,154,26,
HAZARD ARH REGIONAL MEDICAL CENTER,KY,PERRY,224,34,
ST ELIZABETH EDGEWOOD,KY,KENTON,250,30,
OWENSBORO HEALTH REGIONAL HOSPITAL,KY,DAVIESS,227,22,
Blanchfield ACH (FT Campbell),KY,CHRISTIAN,Not Available,Not Available,5
UOFL HEALTH - JEWISH HOSPITAL and Mary & Elizabeth Hospital,KY,JEFFERSON,221,55,
AdventHealthManchester,KY,CLAY,166,14,
PIKEVILLE MEDICAL CENTER,KY,PIKE,321,27,
ST ELIZABETH FLORENCE,KY,BOONE,240,22,
BOURBON COMMUNITY HOSPITAL,KY,BOURBON,119,19,
EPHRAIM MCDOWELL REGIONAL MEDICAL CENTER,KY,BOYLE,216,31,
BAPTIST HEALTH RICHMOND,KY,MADISON,258,12,
HARLAN ARH HOSPITAL,KY,HARLAN,242,21,
JENNIE STUART MEDICAL CENTER,KY,CHRISTIAN,298,27,
DEACONESS HENDERSON HOSPITAL,KY,HENDERSON,140,19,
SAINT JOSEPH MOUNT STERLING,KY,MONTGOMERY,Not Available,Not Available,1
The Medical Center at Russellville,KY,LOGAN,Not Available,Not Available,1
UNIVERSITY OF KENTUCKY HOSPITAL,KY,FAYETTE,212,18,
TUG VALLEY ARH REGIONAL MEDICAL CENTER,KY,PIKE,398,13,
OWENSBORO HEALTH TWIN LAKES MEDICAL CENTER,KY,GRAYSON,Not Available,Not Available,1
PAINTSVILLE ARH HOSPITAL,KY,JOHNSON,296,16,
HARRISON MEMORIAL HOSPITAL,KY,HARRISON,Not Available,Not Available,1
BAPTIST HEALTH CORBIN,KY,WHITLEY,199,23,
TAYLOR REGIONAL HOSPITAL,KY,TAYLOR,Not Available,Not Available,1
"NORTON HOSPITALS, INC",KY,JEFFERSON,225,25,
CLARK REGIONAL MEDICAL CENTER,KY,CLARK,190,16,
BAPTIST HEALTH DEACONESS MADISONVILLE,KY,HOPKINS,408,11,
GEORGETOWN COMMUNITY HOSPITAL,KY,SCOTT,163,11,
MERCY HEALTH - LOURDES HOSPITAL,KY,MC CRACKEN,353,22,
BAPTIST HEALTH LEXINGTON,KY,FAYETTE,232,132,
BAPTIST HEALTH PADUCAH,KY,MC CRACKEN,217,12,
MONROE COUNTY MEDICAL CENTER,KY,MONROE,248,14,
"ROCKCASTLE COUNTY HOSPITAL, INC.",KY,ROCKCASTLE,116,11,
JACKSON PURCHASE MEDICAL CENTER,KY,GRAVES,Not Available,Not Available,1
TRISTAR GREENVIEW REGIONAL HOSPITAL,KY,WARREN,Not Available,Not Available,1
FRANKFORT REGIONAL MEDICAL CENTER,KY,FRANKLIN,265,23,
THREE RIVERS MEDICAL CENTER,KY,LAWRENCE,Not Available,Not Available,1
BAPTIST HEALTH LOUISVILLE,KY,JEFFERSON,Not Available,Not Available,1
LAKE CUMBERLAND REGIONAL HOSPITAL,KY,PULASKI,Not Available,Not Available,1
BAPTIST HEALTH LAGRANGE,KY,OLDHAM,125,11,
UNIVERSITY OF LOUISVILLE HOSPITAL,KY,JEFFERSON,182,193,
SAINT JOSEPH EAST,KY,FAYETTE,Not Available,Not Available,1
TJ HEALTH COLUMBIA,KY,ADAIR,Not Available,Not Available,1
"PINEVILLE COMMUNITY HEALTH CENTER, INC",KY,BELL,141,15,
CRITTENDEN COMMUNITY HOSPITAL,KY,CRITTENDEN,Not Available,Not Available,19
FLEMING COUNTY HOSPITAL,KY,FLEMING,Not Available,Not Available,19
MARCUM AND WALLACE MEMORIAL HOSPITAL,KY,ESTILL,Not Available,Not Available,1
THE JAMES B. HAGGIN MEMORIAL HOSPITAL,KY,MERCER,138,34,
TRIGG COUNTY HOSPITAL,KY,TRIGG,Not Available,Not Available,1
ARH OUR LADY OF THE WAY,KY,FLOYD,164,12,
METHODIST HOSPITAL UNION COUNTY,KY,UNION,Not Available,Not Available,1
MORGAN COUNTY ARH HOSPITAL,KY,MORGAN,Not Available,Not Available,1
BLUEGRASS COMMUNITY HOSPITAL,KY,WOODFORD,145,12,
CASEY COUNTY HOSPITAL,KY,CASEY,128,34,
CARROLL COUNTY MEMORIAL HOSPITAL,KY,CARROLL,Not Available,Not Available,"1, 3"
ST ELIZABETH GRANT,KY,GRANT,Not Available,Not Available,1
CAVERNA MEMORIAL HOSPITAL,KY,HART,Not Available,Not Available,5
EPHRAIM MCDOWELL FORT LOGAN HOSPITAL,KY,LINCOLN,140,21,
MARY BRECKINRIDGE ARH HOSPITAL,KY,LESLIE,Not Available,Not Available,1
CUMBERLAND COUNTY HOSPITAL,KY,CUMBERLAND,Not Available,Not Available,1
THE MEDICAL CENTER AT FRANKLIN,KY,SIMPSON,Not Available,Not Available,5
BRECKINRIDGE MEMORIAL HOSPITAL,KY,BRECKINRIDGE,145,11,
"LIVINGSTON HOSPITAL AND HEALTHCARE SERVICES, INC",KY,LIVINGSTON,Not Available,Not Available,1
WAYNE COUNTY HOSPITAL,KY,WAYNE,Not Available,Not Available,5
CALDWELL MEDICAL CENTER,KY,CALDWELL,Not Available,Not Available,5
OHIO COUNTY HOSPITAL,KY,OHIO,Not Available,Not Available,1
THE MEDICAL CENTER AT SCOTTSVILLE,KY,ALLEN,Not Available,Not Available,5
JANE TODD CRAWFORD HOSPITAL,KY,GREEN,Not Available,Not Available,1
MARSHALL COUNTY HOSPITAL,KY,MARSHALL,Not Available,Not Available,"1, 3"
KNOX COUNTY HOSPITAL,KY,KNOX,136,20,
CHI SAINT JOSEPH BEREA NF,KY,MADISON,166,14,
RUSSELL COUNTY HOSPITAL,KY,RUSSELL,Not Available,Not Available,5
MCDOWELL ARH HOSPITAL,KY,FLOYD,251,13,
THE MEDICAL CENTER AT ALBANY,KY,CLINTON,Not Available,Not Available,5
KENTUCKY RIVER MEDICAL CENTER,KY,BREATHITT,188,16,
OCHSNER LAFAYETTE GENERAL MEDICAL CENTER,LA,LAFAYETTE,394,18,
THIBODAUX REGIONAL MEDICAL CENTER,LA,LAFOURCHE,355,16,
UNIVERSITY MEDICAL CENTER NEW ORLEANS,LA,ORLEANS,864,57,
OCHSNER UNIVERSITY HOSPITAL AND CLINICS,LA,LAFAYETTE,244,38,
NATCHITOCHES REGIONAL MEDICAL CENTER,LA,NATCHITOCHES,232,15,
TERREBONNE GENERAL MEDICAL CENTER - PARISH,LA,TERREBONNE,166,11,
OCHSNER LSU HEALTH MONROE,LA,OUACHITA,457,17,
WEST CALCASIEU CAMERON HOSPITAL,LA,CALCASIEU,152,24,
OCHSNER ST MARY,LA,ST. MARY,112,16,
NORTH OAKS MEDICAL CENTER,LA,TANGIPAHOA,336,26,
OPELOUSAS GENERAL HEALTH SYSTEM,LA,ST. LANDRY,163,23,
CHRISTUS ST FRANCES CABRINI HOSPITAL,LA,RAPIDES,336,19,
LANE REGIONAL MEDICAL CENTER,LA,E. BATON ROUGE,280,29,
SAVOY MEDICAL CENTER,LA,EVANGELINE,172,35,
RAPIDES REGIONAL MEDICAL CENTER,LA,RAPIDES,257,19,
CHRISTUS OCHSNER ST PATRICK HOSPITAL,LA,CALCASIEU,374,17,
ABBEVILLE GENERAL HOSPITAL,LA,VERMILION,300,29,
OCHSNER MEDICAL CENTER ACUTE,LA,JEFFERSON,275,13,
WEST JEFFERSON MEDICAL CENTER,LA,JEFFERSON,316,13,
SLIDELL MEMORIAL HOSPITAL,LA,ST. TAMMANY,442,20,
CHRISTUS SHREVEPORT-BOSSIER HEALTH SYSTEM,LA,CADDO,Not Available,Not Available,1
ACADIA GENERAL HOSPITAL,LA,ACADIA,146,19,
ST TAMMANY PARISH HOSPITAL,LA,ST. TAMMANY,322,12,
TOURO INFIRMARY,LA,ORLEANS,202,17,
BEAUREGARD MEMORIAL HOSPITAL,LA,BEAUREGARD,293,19,
OCHSNER AMERICAN LEGION HOSPITAL,LA,JEFFRSON DAVIS,208,18,
IBERIA MEDICAL CENTER,LA,IBERIA,252,25,
LAKE CHARLES MEMORIAL HOSPITAL,LA,CALCASIEU,398,38,
OUR LADY OF THE LAKE REGIONAL MEDICAL CENTER,LA,E. BATON ROUGE,302,20,
BATON ROUGE GENERAL MEDICAL CENTER,LA,E. BATON ROUGE,289,15,
ST CHARLES PARISH HOSPITAL,LA,ST. CHARLES,140,14,
NORTHERN LOUISIANA MEDICAL CENTER,LA,LINCOLN,258,22,
SPRINGHILL MEDICAL CENTER,LA,WEBSTER,161,22,
WINN PARISH MEDICAL CENTER,LA,WINN,Not Available,Not Available,1
OCHSNER LSU HEALTH SHREVEPORT,LA,CADDO,496,49,
AVOYELLES HOSPITAL,LA,AVOYELLES,Not Available,Not Available,1
"OUR LADY OF LOURDES REGIONAL MEDICAL CENTER, INC",LA,LAFAYETTE,Not Available,Not Available,1
OAKDALE COMMUNITY HOSPITAL,LA,ALLEN,201,25,
WILLIS KNIGHTON MEDICAL CENTER,LA,CADDO,238,58,
CLAIBORNE MEMORIAL MEDICAL CENTER,LA,CLAIBORNE,132,17,
MOREHOUSE GENERAL HOSPITAL,LA,MOREHOUSE,245,19,
DESOTO REGIONAL HEALTH SYSTEM,LA,DE SOTO,Not Available,Not Available,1
FMOL HEALTH ST FRANCIS,LA,OUACHITA,440,13,
WOMANS HOSPITAL,LA,E. BATON ROUGE,Not Available,Not Available,1
ALLEN PARISH HOSPITAL,LA,ALLEN,134,16,
FRANKLIN MEDICAL CENTER,LA,FRANKLIN,266,18,
MINDEN MEDICAL CENTER,LA,WEBSTER,237,11,
LASALLE GENERAL HOSPITAL,LA,LASALLE,221,16,
RICHARDSON MEDICAL CENTER,LA,RICHLAND,Not Available,Not Available,1
GLENWOOD REGIONAL MEDICAL CENTER,LA,OUACHITA,367,24,
BYRD REGIONAL HOSPITAL,LA,VERNON,167,14,
MERCY REGIONAL MEDICAL CENTER,LA,EVANGELINE,316,20,
EAST JEFFERSON GENERAL HOSPITAL,LA,JEFFERSON,265,53,
LEONARD J CHABERT MEDICAL CENTER,LA,TERREBONNE,245,17,
CITIZENS MEDICAL CENTER,LA,CALDWELL,195,20,
"CALDWELL MEMORIAL HOSPITAL, INC",LA,CALDWELL,Not Available,Not Available,5
CHRISTUS OCHSNER LAKE AREA HOSPITAL,LA,CALCASIEU,Not Available,Not Available,1
OCHSNER MEDICAL CENTER - BATON ROUGE,LA,E. BATON ROUGE,304,22,
EAST CARROLL PARISH HOSPITAL,LA,EAST CARROLL,132,17,
SABINE MEDICAL CENTER,LA,SABINE,161,13,
PHYSICIANS MEDICAL CENTER,LA,TERREBONNE,Not Available,Not Available,5
MONROE SURGICAL HOSPITAL,LA,OUACHITA,Not Available,Not Available,5
SURGICAL SPECIALTY CENTER OF BATON ROUGE,LA,E. BATON ROUGE,Not Available,Not Available,5
PARK PLACE SURGICAL HOSPITAL,LA,LAFAYETTE,Not Available,Not Available,5
STERLING SURGICAL HOSPITAL,LA,ST. TAMMANY,Not Available,Not Available,5
LAFAYETTE SURGICAL SPECIALTY HOSPITAL,LA,LAFAYETTE,Not Available,Not Available,5
THE SPINE HOSPITAL OF LOUISIANA,LA,E. BATON ROUGE,Not Available,Not Available,5
AVALA,LA,ST. TAMMANY,Not Available,Not Available,5
OUR LADY OF THE LAKE SURGICAL HOSPITAL,LA,ST. TAMMANY,Not Available,Not Available,5
OCHSNER MEDICAL CENTER-KENNER,LA,JEFFERSON,276,11,
SPECIALISTS HOSPITAL SHREVEPORT,LA,CADDO,Not Available,Not Available,5
CHRISTUS CENTRAL LOUISIANA SURGICAL HOSPITAL,LA,RAPIDES,Not Available,Not Available,5
ST CHARLES SURGICAL HOSPITAL,LA,ORLEANS,Not Available,Not Available,5
"OMEGA HOSPITAL, LLC",LA,JEFFERSON,Not Available,Not Available,19
CYPRESS POINTE SURGICAL HOSPITAL,LA,TANGIPAHOA,Not Available,Not Available,5
ST BERNARD PARISH HOSPITAL,LA,ST. BERNARD,276,16,
OUR LADY OF THE ANGELS HOSPITAL,LA,WASHINGTON,209,16,
NEW ORLEANS EAST HOSPITAL,LA,ORLEANS,268,15,
THE GENERAL,LA,E. BATON ROUGE,252,63,
OCHSNER LSU HEALTH SHREVEPORT-ST MARY MEDICAL CENT,LA,CADDO,Not Available,Not Available,5
ACADIAN MEDICAL CENTER,LA,ST. LANDRY,278,14,
ALEXANDRIA HOSPITAL,LA,RAPIDES,Not Available,Not Available,5
Bayne-Jones ACH (Ft Johnson),LA,VERNON,Not Available,Not Available,5
ASSUMPTION COMMUNITY HOSPITAL,LA,ASSUMPTION,Not Available,Not Available,19
ST HELENA PARISH HOSPITAL,LA,ST. HELENA,146,13,
UNION GENERAL HOSPITAL,LA,UNION,Not Available,Not Available,1
OCHSNER ST MARTIN HOSPITAL,LA,ST. MARTIN,157,13,
NORTH CADDO MEDICAL CENTER,LA,CADDO,Not Available,Not Available,1
ST JAMES PARISH HOSPITAL,LA,ST. JAMES,208,17,
WEST FELICIANA PARISH HOSPITAL,LA,WEST FELICIANA,83,17,
DEQUINCY MEMORIAL HOSPITAL,LA,CALCASIEU,216,18,
PREVOST MEMORIAL HOSPITAL,LA,ASCENSION,Not Available,Not Available,"1, 3"
HOOD MEMORIAL HOSPITAL,LA,TANGIPAHOA,151,15,
BAYOU BEND HEALTH SYSTEM,LA,ST. MARY,167,11,3
BUNKIE GENERAL HOSPITAL,LA,AVOYELLES,Not Available,Not Available,"1, 3"
CHRISTUS COUSHATTA HEALTH CARE CENTER,LA,RED RIVER,Not Available,Not Available,5
RIVERSIDE MEDICAL CENTER,LA,WASHINGTON,Not Available,Not Available,1
MADISON PARISH HOSPITAL,LA,MADISON,170,191,
HARDTNER MEDICAL CENTER,LA,LASALLE,163,13,
POINTE COUPEE GENERAL HOSPITAL,LA,POINTE COUPEE,Not Available,Not Available,1
JACKSON PARISH HOSPITAL,LA,JACKSON,141,15,
RIVERLAND MEDICAL CENTER,LA,CONCORDIA,Not Available,Not Available,5
ACADIA ST LANDRY,LA,ACADIA,Not Available,Not Available,5
BIENVILLE MEDICAL CENTER,LA,BIENVILLE,Not Available,Not Available,"1, 3"
LALLIE KEMP MEDICAL CENTER,LA,TANGIPAHOA,212,14,
ABROM KAPLAN MEMORIAL HOSPITAL,LA,VERMILION,204,14,
RICHLAND PARISH HOSPITAL-DELHI,LA,RICHLAND,Not Available,Not Available,1
OCHSNER ST ANNE GENERAL HOSPITAL,LA,LAFOURCHE,268,19,
LADY OF THE SEA GENERAL HOSPITAL,LA,LAFOURCHE,Not Available,Not Available,1
REEVES MEMORIAL MEDICAL CENTER,LA,UNION,182,27,
WEST CARROLL MEMORIAL HOSPITAL,LA,WEST CARROLL,290,13,
CHILDRENS HOSPITAL,LA,ORLEANS,Not Available,Not Available,19
ST JOSEPH HOSPITAL,ME,PENOBSCOT,182,16,
NORTHERN LIGHT MERCY HOSPITAL,ME,CUMBERLAND,342,26,
MAINEHEALTH MAINE MEDICAL CENTER,ME,CUMBERLAND,546,40,
NORTHERN LIGHT  A R GOULD HOSPITAL,ME,AROOSTOOK,483,27,
YORK HOSPITAL,ME,YORK,284,16,
MAINEHEALTH MID COAST HOSPITAL,ME,CUMBERLAND,236,17,
CENTRAL MAINE MEDICAL CENTER,ME,ANDROSCOGGIN,Not Available,Not Available,"1, 3"
CARY MEDICAL CENTER,ME,AROOSTOOK,225,15,
NORTHERN LIGHT EASTERN MAINE MEDICAL CENTER,ME,PENOBSCOT,115,50,
ST MARY'S REGIONAL MEDICAL CENTER,ME,ANDROSCOGGIN,149,37,
MAINE GENERAL MEDICAL CENTER,ME,KENNEBEC,523,17,
NORTHERN LIGHT MAINE COAST HOSPITAL,ME,HANCOCK,524,22,
MAINEHEALTH PEN BAY HOSPITAL,ME,KNOX,273,22,
NORTHERN LIGHT BLUE HILL MEMORIAL HOSPITAL,ME,HANCOCK,185,17,
NORTHERN LIGHT C A DEAN HOSPITAL,ME,PISCATAQUIS,186,14,
LINCOLNHEALTH,ME,LINCOLN,254,11,
PENOBSCOT VALLEY HOSPITAL,ME,PENOBSCOT,295,11,
MOUNT DESERT ISLAND HOSPITAL,ME,HANCOCK,460,11,
CALAIS COMMUNITY HOSPITAL,ME,WASHINGTON,Not Available,Not Available,1
RUMFORD  HOSPITAL,ME,OXFORD,260,17,3
MILLINOCKET REGIONAL HOSPITAL,ME,PENOBSCOT,Not Available,Not Available,5
HOULTON REGIONAL HOSPITAL,ME,AROOSTOOK,342,20,
NORTHERN LIGHT MAYO HOSPITAL,ME,PISCATAQUIS,314,17,
BRIDGTON HOSPITAL,ME,CUMBERLAND,218,12,3
DOWN EAST COMMUNITY HOSPITAL,ME,WASHINGTON,940,14,
MAINEHEALTH WALDO HOSPITAL,ME,WALDO,236,14,
NORTHERN LIGHT SEBASTICOOK VALLEY HOSPITAL,ME,SOMERSET,470,20,
REDINGTON FAIRVIEW GENERAL HOSPITAL,ME,SOMERSET,250,15,
MAINEHEALTH STEPHENS HOSPITAL,ME,OXFORD,188,13,
MAINEHEALTH FRANKLIN HOSPITAL,ME,FRANKLIN,230,15,
NORTHERN MAINE MEDICAL CENTER,ME,AROOSTOOK,312,20,
MERITUS MEDICAL CENTER,MD,WASHINGTON,335,2594,
UNIVERSITY OF MARYLAND MEDICAL CENTER,MD,BALTIMORE CITY,291,25,
UNIVERSITY OF MD CAPITAL REGION MEDICAL CENTER,MD,PRINCE GEORGES,Not Available,Not Available,1
HOLY CROSS HOSPITAL,MD,MONTGOMERY,440,28,
FREDERICK HEALTH HOSPITAL,MD,FREDERICK,326,14,
MERCY MEDICAL CENTER INC,MD,BALTIMORE CITY,248,14,
"JOHNS HOPKINS HOSPITAL, THE",MD,BALTIMORE CITY,538,28,
SAINT AGNES HOSPITAL,MD,BALTIMORE CITY,Not Available,Not Available,5
SINAI HOSPITAL OF BALTIMORE,MD,BALTIMORE CITY,592,163,
MEDSTAR FRANKLIN SQUARE MEDICAL CENTER,MD,BALTIMORE,332,21,
ADVENTIST HEALTHCARE WHITE OAK MEDICAL CENTER,MD,MONTGOMERY,514,24,
GARRETT REGIONAL MEDICAL CENTER,MD,GARRETT,178,16,
MEDSTAR MONTGOMERY MEDICAL CENTER,MD,MONTGOMERY,391,21,
"TIDALHEALTH PENINSULA REGIONAL, INC",MD,WICOMICO,266,20,
SUBURBAN HOSPITAL,MD,MONTGOMERY,337,17,
"LUMINIS HEALTH ANNE ARUNDEL MEDICAL CENTER, INC",MD,ANNE ARUNDEL,454,4523,
MEDSTAR UNION MEMORIAL HOSPITAL,MD,BALTIMORE CITY,931,13,
WESTERN MARYLAND REGIONAL MEDICAL CENTER,MD,ALLEGANY,282,66,
MEDSTAR SAINT MARY'S HOSPITAL,MD,ST. MARYS,251,19,
JOHNS HOPKINS BAYVIEW MEDICAL CENTER,MD,BALTIMORE CITY,848,30,
UNIVERSITY OF MD SHORE MEDICAL CTR AT CHESTERTOWN,MD,KENT,334,25,
UNION HOSPITAL OF CECIL COUNTY,MD,CECIL,426,20,
CARROLL HOSPITAL CENTER,MD,CARROLL,324,116,
MEDSTAR HARBOR HOSPITAL,MD,BALTIMORE CITY,287,20,
UNIVERSITY OF MD CHARLES REGIONAL  MEDICAL CENTER,MD,CHARLES,534,13,
UNIVERSITY OF MD SHORE MEDICAL CENTER AT EASTON,MD,TALBOT,246,16,
UNIVERSITY OF MD MEDICAL CENTER MIDTOWN CAMPUS,MD,BALTIMORE CITY,392,41,
CALVERTHEALTH MEDICAL CENTER,MD,CALVERT,330,60,
NORTHWEST HOSPITAL CENTER,MD,BALTIMORE,358,30,
UNIVERSITY OF MD BALTIMORE WASHINGTON MEDICAL CENTER,MD,ANNE ARUNDEL,Not Available,Not Available,5
GREATER BALTIMORE MEDICAL CENTER,MD,BALTIMORE,457,2987,
JOHNS HOPKINS HOWARD COUNTY MEDICAL CENTER,MD,HOWARD,1166,27,
UMD UPPER CHESAPEAKE MEDICAL CENTER,MD,HARFORD,586,23,
"LUMINIS HEALTH DOCTORS COMMUNITY MEDICAL CTR, INC",MD,PRINCE GEORGES,432,1664,
MEDSTAR GOOD SAMARITAN HOSPITAL,MD,BALTIMORE CITY,281,17,
ADVENTIST HEALTHCARE SHADY GROVE MEDICAL CENTER,MD,MONTGOMERY,236,22,
UMD REHABILITATION &  ORTHOPAEDIC INSTITUTE,MD,BALTIMORE,Not Available,Not Available,5
ADVENTIST HEALTHCARE FORT WASHINGTON MEDICAL CTR,MD,PRINCE GEORGES,Not Available,Not Available,1
ATLANTIC GENERAL HOSPITAL,MD,WORCESTER,Not Available,Not Available,1
MEDSTAR SOUTHERN MARYLAND HOSPITAL CENTER,MD,PRINCE GEORGES,372,14,
UNIVERSITY OF MD ST JOSEPH MEDICAL CENTER,MD,BALTIMORE,360,18,
LEVINDALE HEBREW GERIATRIC CENTER AND HOSPITAL,MD,BALTIMORE CITY,Not Available,Not Available,5
HOLY CROSS GERMANTOWN HOSPITAL,MD,MONTGOMERY,524,31,
Walter Reed National Military Med Cen,MD,MONTGOMERY,Not Available,Not Available,5
MOUNT WASHINGTON PEDIATRIC HOSPITAL,MD,BALTIMORE CITY,Not Available,Not Available,19
KENNEDY KRIEGER INSTITUTE,MD,BALTIMORE CITY,Not Available,Not Available,19
UMASS MEMORIAL HEALTHALLIANCE HOSPITALS,MA,WORCESTER,930,29,
MOUNT AUBURN HOSPITAL,MA,MIDDLESEX,148,26,
STURDY MEMORIAL HOSPITAL,MA,BRISTOL,516,34,
MERRIMACK HEALTH LAWRENCE HOSPITAL,MA,ESSEX,566,28,
CAMBRIDGE HEALTH ALLIANCE,MA,MIDDLESEX,260,31,
CAPE COD HOSPITAL,MA,BARNSTABLE,620,31,
"COOLEY DICKINSON HOSPITAL INC,THE",MA,HAMPSHIRE,236,22,
BAYSTATE FRANKLIN MEDICAL CENTER,MA,FRANKLIN,474,24,
CARNEY HOSPITAL,MA,SUFFOLK,Not Available,Not Available,19
UMASS MEMORIAL HEALTH - HARRINGTON HOSPITAL,MA,WORCESTER,492,23,
SAINT ANNE'S HOSPITAL,MA,BRISTOL,154,36,
HOLYOKE MEDICAL CENTER,MA,HAMPDEN,482,45,
ANNA JAQUES HOSPITAL,MA,ESSEX,414,31,
BAYSTATE WING HOSPITAL,MA,HAMPDEN,406,31,
BOSTON MEDICAL CENTER,MA,SUFFOLK,129,43,
NORTHEAST HOSPITAL CORPORATION,MA,ESSEX,324,32,
NORTH SHORE MEDICAL CENTER -,MA,ESSEX,430,21,
BOSTON MEDICAL CENTER-BRIGHTON,MA,SUFFOLK,230,42,
BERKSHIRE MEDICAL CENTER,MA,BERKSHIRE,489,34,
MARLBOROUGH HOSPITAL,MA,MIDDLESEX,404,35,
SIGNATURE HEALTHCARE BROCKTON HOSPITAL,MA,PLYMOUTH,614,33,
BETH ISRAEL DEACONESS HOSPITAL PLYMOUTH,MA,PLYMOUTH,180,27,
ADCARE HOSPITAL OF WORCESTER INC,MA,WORCESTER,Not Available,Not Available,5
LOWELL GENERAL HOSPITAL,MA,MIDDLESEX,218,35,
BAYSTATE NOBLE HOSPITAL,MA,HAMPDEN,300,19,
MERCY MEDICAL CTR,MA,HAMPDEN,560,28,
MELROSEWAKEFIELD HEALTHCARE,MA,MIDDLESEX,344,37,
MASSACHUSETTS GENERAL HOSPITAL,MA,SUFFOLK,78,38,
BROWN UNIVERSITY HEALTH MORTON HOSPITAL,MA,BRISTOL,104,22,
SOUTHCOAST HOSPITALS GROUP,MA,BRISTOL,265,35,
MASSACHUSETTS EYE AND EAR INFIRMARY -,MA,SUFFOLK,Not Available,Not Available,7
BAYSTATE MEDICAL CENTER,MA,HAMPDEN,762,37,
HOLY FAMILY HOSPITAL,MA,ESSEX,298,24,
BETH ISRAEL DEACONESS HOSPITAL - NEEDHAM,MA,NORFOLK,230,32,
EMERSON HOSPITAL -,MA,MIDDLESEX,233,17,
BETH ISRAEL DEACONESS MEDICAL CENTER,MA,SUFFOLK,314,24,
NEW ENGLAND BAPTIST HOSPITAL,MA,SUFFOLK,Not Available,Not Available,5
MILFORD REGIONAL MEDICAL CENTER,MA,WORCESTER,579,31,
HEYWOOD HOSPITAL -,MA,WORCESTER,265,26,
NASHOBA VALLEY MEDICAL CENTER,MA,MIDDLESEX,Not Available,Not Available,19
SOUTH SHORE HOSPITAL,MA,NORFOLK,332,35,
NEWTON-WELLESLEY HOSPITAL,MA,MIDDLESEX,348,27,
WINCHESTER HOSPITAL,MA,MIDDLESEX,424,22,
BETH ISRAEL DEACONESS HOSPITAL - MILTON,MA,NORFOLK,664,25,
BRIGHAM AND WOMEN'S HOSPITAL,MA,SUFFOLK,274,28,
GOOD SAMARITAN MEDICAL CENTER,MA,PLYMOUTH,643,32,
TUFTS MEDICAL CENTER,MA,SUFFOLK,308,33,
BRIGHAM AND WOMEN FAULKNER HOSPITAL,MA,SUFFOLK,269,33,
NORWOOD HOSPITAL,MA,NORFOLK,Not Available,Not Available,5
FALMOUTH HOSPITAL,MA,BARNSTABLE,366,25,
UMASS MEMORIAL MEDICAL CENTER/UNIVERSITY CAMPUS,MA,WORCESTER,844,29,
"LAHEY HOSPITAL & MEDICAL CENTER, BURLINGTON",MA,MIDDLESEX,424,24,
METROWEST MEDICAL CENTER,MA,MIDDLESEX,437,53,
ST VINCENT HOSPITAL,MA,WORCESTER,142,38,
NANTUCKET COTTAGE HOSPITAL,MA,NANTUCKET,381,22,
MARTHA'S VINEYARD HOSPITAL INC,MA,DUKES,338,17,
FAIRVIEW HOSPITAL,MA,BERKSHIRE,Not Available,Not Available,1
ATHOL MEMORIAL HOSPITAL,MA,WORCESTER,375,29,
NORTH ADAMS REGIONAL HOSPITAL CORPORATION,MA,BERKSHIRE,199,19,
FRANCISCAN CHILDREN'S HOSPITAL & REHAB CENTER,MA,SUFFOLK,Not Available,Not Available,19
BOSTON CHILDREN'S HOSPITAL,MA,SUFFOLK,Not Available,Not Available,19
THE SHRINERS' HOSPITAL FOR CHILDREN - BOSTON,MA,SUFFOLK,Not Available,Not Available,19
ST JOE MERCY HOSPITAL SYSTEM LIVONIA,MI,WAYNE,483,33,
COREWELL HEALTH ZEELAND HOSPITAL,MI,OTTAWA,145,11,
PROMEDICA CHARLES AND VIRGINIA HICKMAN HOSPITAL,MI,LENAWEE,245,19,
THREE RIVERS HEALTH,MI,ST. JOSEPH,252,40,
BRONSON METHODIST HOSPITAL,MI,KALAMAZOO,247,29,
"ASCENSION PROVIDENCE HOSPITAL, SOUTHFIELD AND NOVI",MI,OAKLAND,355,37,
BEAUMONT HOSPITAL - DEARBORN,MI,WAYNE,680,20,
"LAKELAND HOSPITAL, ST JOSEPH",MI,BERRIEN,202,22,
INSIGHT HOSPITAL AND MEDICAL CENTER COLDWATER,MI,BRANCH,354,16,
SINAI-GRACE HOSPITAL,MI,WAYNE,424,40,
TRINITY HEALTH OAKLAND HOSPITAL,MI,OAKLAND,179,25,
MYMICHIGAN MEDICAL CENTER ALMA,MI,GRATIOT,398,22,
LAKE HURON MEDICAL CENTER,MI,ST. CLAIR,Not Available,Not Available,1
SPECTRUM HEALTH UNITED HOSPITAL,MI,MONTCALM,277,13,
MYMICHIGAN MEDICAL CENTER ALPENA,MI,ALPENA,433,24,
HILLSDALE HOSPITAL,MI,HILLSDALE,212,28,
SPECTRUM HEALTH,MI,KENT,240,27,
MCLAREN BAY REGION,MI,BAY,382,51,
UNIVERSITY OF MICHIGAN HEALTH SYSTEM,MI,WASHTENAW,356,32,
HENRY FORD MACOMB HOSPITAL,MI,MACOMB,544,29,
HENRY FORD HEALTH HOSPITAL,MI,WAYNE,267,16,
UPHS MARQUETTE DLP HOSPITAL,MI,MARQUETTE,227,28,
DICKINSON COUNTY MEMORIAL HOSPITAL,MI,DICKINSON,370,16,
MUNSON HEALTHCARE GRAYLING HOSPITAL,MI,CRAWFORD,260,13,
MERCY HEALTH SAINT MARY'S,MI,KENT,126,29,
TRINITY HEALTH MUSKEGON HOSPITAL,MI,MUSKEGON,262,28,
TRINITY HEALTH LIVINGSTON HOSPITAL,MI,LIVINGSTON,167,14,
COVENANT MEDICAL CENTER,MI,SAGINAW,230,24,
STRAITH HOSPITAL FOR SPECIAL SURGERY,MI,OAKLAND,Not Available,Not Available,5
HOLLAND HOSPITAL,MI,OTTAWA,200,39,
BRONSON BATTLE CREEK HOSPITAL,MI,CALHOUN,188,31,
MYMICHIGAN MEDICAL CENTER SAGINAW,MI,SAGINAW,Not Available,Not Available,1
COREWELL HEALTH WATERVLIET HOSPITAL,MI,BERRIEN,Not Available,Not Available,1
MCLAREN CENTRAL MICHIGAN,MI,ISABELLA,179,34,
MUNSON HEALTHCARE CADILLAC HOSPITAL,MI,WEXFORD,238,17,
BRONSON SOUTH HAVEN HOSPITAL,MI,VAN BUREN,220,16,
BEAUMONT HOSPITAL - GROSSE POINTE,MI,WAYNE,Not Available,Not Available,1
HENRY FORD ALLEGIANCE HEALTH,MI,JACKSON,307,28,
COREWELL HEALTH BIG RAPIDS HOSPITAL,MI,MECOSTA,228,16,
MYMICHIGAN MEDICAL CENTER WEST BRANCH,MI,OGEMAW,318,20,
MUNSON MEDICAL CENTER,MI,GRAND TRAVERSE,384,26,
PROMEDICA MONROE REGIONAL HOSPITAL,MI,MONROE,244,20,
TAWAS ST JOSEPH HOSPITAL,MI,IOSCO,257,11,
HARPER UNIVERSITY HOSPITAL,MI,WAYNE,122,13,
MCLAREN NORTHERN MICHIGAN,MI,EMMET,341,23,
UP HEALTH SYSTEM PORTAGE,MI,HOUGHTON,474,22,
COREWELL HEALTH LUDINGTON HOSPITAL,MI,MASON,222,20,
BORGESS MEDICAL CENTER,MI,KALAMAZOO,301,37,
MEMORIAL HEALTHCARE,MI,SHIAWASSEE,348,14,
BEAUMONT HOSPITAL ROYAL OAK,MI,OAKLAND,462,22,
HURLEY MEDICAL CENTER,MI,GENESEE,196,24,
MUNSON HEALTHCARE OTSEGO MEMORIAL HOSPITAL,MI,OTSEGO,340,12,
MCLAREN FLINT,MI,GENESEE,428,24,
COREWELL HEALTH WAYNE HOSPITAL,MI,WAYNE,384,21,
FOREST HEALTH MEDICAL CENTER,MI,WASHTENAW,Not Available,Not Available,5
WYANDOTTE HOSPITAL AND MEDICAL CENTER,MI,WAYNE,324,22,
BEAUMONT HOSPITAL - FARMINGTON HILLS,MI,OAKLAND,972,22,
TRINITY HEALTH ANN ARBOR HOSPITAL,MI,WASHTENAW,326,22,
HENRY FORD HEALTH ST JOHN HOSPITAL,MI,WAYNE,932,19,
MCLAREN GREATER LANSING,MI,INGHAM,391,29,
TRINITY HEALTH GRAND HAVEN HOSPITAL,MI,OTTAWA,Not Available,Not Available,1
COREWELL HEALTH TRENTON HOSPITAL,MI,WAYNE,790,12,
MYMICHIGAN MEDICAL CENTER CLARE,MI,CLARE,296,14,
MCLAREN LAPEER REGION,MI,LAPEER,258,34,
Henry Ford Health Warren Hospital,MI,MACOMB,358,29,
ASCENSION GENESYS HOSPITAL,MI,GENESEE,322,13,
MCLAREN OAKLAND,MI,OAKLAND,136,35,
UNIVERSITY OF MICHIGAN HEALTH-SPARROW CARSON,MI,MONTCALM,Not Available,Not Available,1
MCLAREN PORT HURON,MI,WAYNE,325,29,
OAKLAWN HOSPITAL,MI,CALHOUN,283,21,
MYMICHIGAN MEDICAL CENTER MIDLAND,MI,MIDLAND,Not Available,Not Available,1
MCLAREN MACOMB,MI,MACOMB,267,22,
EDWARD W SPARROW HOSPITAL,MI,INGHAM,726,31,
UNIVERSITY OF MICHIGAN HEALTH - WEST,MI,KENT,197,16,
CHIPPEWA COUNTY WAR MEMORIAL HOSPITAL,MI,CHIPPEWA,248,25,
ASCENSION RIVER DISTRICT HOSPITAL,MI,ST. CLAIR,186,20,
GARDEN CITY HOSPITAL,MI,WAYNE,175,27,
ASCENSION PROVIDENCE ROCHESTER HOSPITAL,MI,OAKLAND,383,18,
CHELSEA HOSPITAL,MI,WASHTENAW,Not Available,Not Available,1
SOUTHEAST MICHIGAN SURGICAL HOSPITAL LLC,MI,MACOMB,Not Available,Not Available,5
"BEAUMONT HOSPITAL, TROY",MI,OAKLAND,165,13,
BEAUMONT HOSPITAL - TAYLOR,MI,WAYNE,233,29,
DETROIT RECEIVING HOSPITAL,MI,WAYNE,279,71,
HEALTHSOURCE SAGINAW,MI,SAGINAW,Not Available,Not Available,5
HURON VALLEY-SINAI HOSPITAL,MI,OAKLAND,264,13,
HENRY FORD HEALTH BRIGHTON CENTER FOR RECOVERY,MI,LIVINGSTON,Not Available,Not Available,5
KARMANOS CANCER CENTER,MI,WAYNE,Not Available,Not Available,5
SURGEONS CHOICE MEDICAL CENTER,MI,OAKLAND,Not Available,Not Available,5
HENRY FORD HEALTH WEST BLOOMFIELD HOSPITAL,MI,OAKLAND,408,15,
MUNSON HEALTHCARE MANISTEE HOSPITAL,MI,MANISTEE,182,20,
STURGIS HOSPITAL,MI,ST. JOSEPH,Not Available,Not Available,19
PAUL OLIVER MEMORIAL HOSPITAL,MI,BENZIE,Not Available,Not Available,1
KALKASKA MEMORIAL HEALTH CENTER,MI,KALKASKA,Not Available,Not Available,1
SCHOOLCRAFT MEMORIAL HOSPITAL,MI,SCHOOLCRAFT,256,13,
HELEN NEWBERRY JOY HOSPITAL,MI,LUCE,249,20,
SAINT MARY'S STANDISH COMMUNITY HOSPITAL,MI,ARENAC,Not Available,Not Available,1
MACKINAC STRAITS HOSPITAL AND HEALTH CENTER,MI,MACKINAC,227,12,
BARAGA COUNTY MEMORIAL HOSPITAL,MI,BARAGA,338,26,
MUNISING MEMORIAL HOSPITAL,MI,ALGER,143,15,
SCHEURER HOSPITAL,MI,HURON,200,13,
DECKERVILLE COMMUNITY HOSPITAL,MI,SANILAC,181,13,
SHERIDAN COMMUNITY HOSPITAL,MI,MONTCALM,74,15,
HARBOR BEACH COMMUNITY HOSPITAL,MI,HURON,190,19,
MCKENZIE HEALTH SYSTEM,MI,SANILAC,580,23,
ASCENSION BORGESS LEE HOSPITAL,MI,CASS,129,20,
HILLS & DALES GENERAL HOSPITAL,MI,TUSCOLA,Not Available,Not Available,1
"ASPIRUS IRON RIVER HOSPITAL & CLINICS, INC",MI,IRON,169,25,
ASPIRUS KEWEENAW HOSPITAL AND CLINICS,MI,HOUGHTON,137,19,
MERCY HEALTH LAKESHORE CAMPUS,MI,OCEANA,Not Available,Not Available,1
BELL HOSPITAL,MI,MARQUETTE,290,20,
CHARLEVOIX AREA HOSPITAL,MI,CHARLEVOIX,256,16,
COREWELL HEALTH REED CITY HOSPITAL,MI,OSCEOLA,221,19,
EATON RAPIDS MEDICAL CENTER,MI,EATON,182,22,
MYMICHIGAN MEDICAL CENTER GLADWIN,MI,GLADWIN,Not Available,Not Available,1
UNIVERSITY OF MICHIGAN HEALTH- SPARROW CLINTON,MI,CLINTON,Not Available,Not Available,1
UNIVERSITY OF MICHIGAN HEALTH - SPARROW EATON,MI,EATON,396,14,
BEACON ALLEGAN,MI,ALLEGAN,111,13,
MCLAREN CARO REGION,MI,TUSCOLA,227,23,
MARLETTE REGIONAL HOSPITAL,MI,SANILAC,Not Available,Not Available,1
SPARROW IONIA HOSPITAL,MI,IONIA,375,13,
BRONSON LAKEVIEW HOSPITAL,MI,VAN BUREN,Not Available,Not Available,1
ASPIRUS IRONWOOD HOSPITAL,MI,GOGEBIC,362,16,
OSF ST FRANCIS HOSPITAL AND MEDICAL GROUP,MI,DELTA,304,28,
COREWELL HEALTH GERBER HOSPITAL,MI,NEWAYGO,218,16,
COREWELL HEALTH PENNOCK HOSPITAL,MI,BARRY,152,19,
MCLAREN THUMB REGION,MI,HURON,171,16,
CHILDREN'S HOSPITAL OF MICHIGAN,MI,WAYNE,Not Available,Not Available,19
NORTH MEMORIAL HEALTH HOSPITAL,MN,HENNEPIN,354,42,
ESSENTIA HEALTH ST MARY'S MEDICAL CENTER,MN,ST. LOUIS,494,50,
HENNEPIN COUNTY MEDICAL CENTER,MN,HENNEPIN,356,46,
OLMSTED MEDICAL CENTER,MN,OLMSTED,162,360,
MAYO CLINIC HOSPITAL ROCHESTER,MN,OLMSTED,327,33,
NORTHFIELD HOSPITAL,MN,RICE,211,24,
MAYO CLINIC HEALTH SYSTEM IN RED WING,MN,GOODHUE,Not Available,Not Available,1
ESSENTIA HEALTH DULUTH,MN,ST. LOUIS,Not Available,Not Available,5
CAMBRIDGE MEDICAL CENTER,MN,ISANTI,159,16,
SANFORD WORTHINGTON MEDICAL CENTER,MN,NOBLES,211,13,
ALOMERE HEALTH,MN,DOUGLAS,275,40,
CENTRACARE - ST. CLOUD HOSPITAL,MN,STEARNS,257,29,
ALLINA UNITED HOSPITAL,MN,RAMSEY,226,26,
RANGE REGIONAL HEALTH SERVICES,MN,ST. LOUIS,219,24,
MAYO CLINIC HEALTH SYSTEM - ALBERT LEA AND AUSTIN,MN,FREEBORN,371,21,
WINONA HEALTH SERVICES,MN,WINONA,205,26,
ST LUKES HOSPITAL,MN,ST. LOUIS,316,31,
FAIRVIEW LAKES HEALTH SERVICES,MN,CHISAGO,240,12,
PARK NICOLLET METHODIST HOSPITAL,MN,HENNEPIN,238,22,
RIDGEVIEW MEDICAL CENTER,MN,CARVER,283,14,
ABBOTT NORTHWESTERN HOSPITAL,MN,HENNEPIN,262,28,
GRAND ITASCA CLINIC AND HOSPITAL,MN,ITASCA,205,19,
LAKEVIEW MEMORIAL HOSPITAL,MN,WASHINGTON,248,13,
OWATONNA HOSPITAL,MN,STEELE,221,21,
ALLINA HEALTH FARIBAULT MEDICAL CENTER,MN,RICE,160,17,
ESSENTIA HEALTH ST JOSEPH'S MEDICAL CENTER,MN,CROW WING,356,22,
BUFFALO HOSPITAL,MN,WRIGHT,216,26,
M HEALTH FAIRVIEW SOUTHDALE HOSPITAL,MN,HENNEPIN,324,46,
M HEALTH FAIRVIEW UNIVERSITY OF MN MEDICAL CENTER,MN,HENNEPIN,318,50,
ESSENTIA HEALTH VIRGINIA,MN,ST. LOUIS,339,19,
CENTRACARE- RICE MEMORIAL HOSPITAL,MN,KANDIYOHI,244,11,
MAYO CLINIC HEALTH SYSTEM - MANKATO,MN,BLUE EARTH,254,22,
SANFORD BEMIDJI MEDICAL CENTER,MN,BELTRAMI,305,34,
ESSENTIA HEALTH ST MARYS - DETROIT LAKES,MN,BECKER,217,23,
ST FRANCIS REGIONAL MEDICAL CENTER,MN,SCOTT,165,23,
REGIONS HOSPITAL,MN,RAMSEY,277,55,
MERCY HOSPITAL,MN,ANOKA,252,18,
FAIRVIEW NORTHLAND REGIONAL HOSPITAL,MN,MILLE LACS,238,14,
MAYO CLINIC HEALTH SYSTEM - FAIRMONT,MN,MARTIN,198,24,
HUTCHINSON HEALTH,MN,MC LEOD,248,22,
RED LAKE HOSPITAL,MN,BELTRAMI,59,41,
M HEALTH FAIRVIEW RIDGES HOSPITAL,MN,DAKOTA,298,14,
M HEALTH FAIRVIEW ST JOHN'S HOSPITAL,MN,RAMSEY,241,11,
M HEALTH FAIRVIEW WOODWINDS HOSPITAL,MN,WASHINGTON,219,15,
MAPLE GROVE HOSPITAL,MN,HENNEPIN,231,17,
MAHNOMEN HEALTH CENTER,MN,MAHNOMEN,Not Available,Not Available,19
LAKEWOOD HEALTH CENTER,MN,LAKE OF  WOODS,189,11,
SANFORD WESTBROOK MEDICAL CENTER,MN,COTTONWOOD,113,14,
SANFORD TRACY MEDICAL CENTER,MN,LYON,Not Available,Not Available,1
SANFORD WHEATON MEDICAL CENTER,MN,TRAVERSE,Not Available,Not Available,"1, 3"
RIVERWOOD HEALTHCARE CENTER,MN,AITKIN,112,16,
OLIVIA HOSPITAL & CLINIC,MN,RENVILLE,193,22,
ASPIRUS LAKE VIEW HOSPITAL,MN,LAKE,189,13,
ESSENTIA HEALTH SANDSTONE,MN,PINE,327,31,
RIDGEVIEW SIBLEY MEDICAL CENTER,MN,SIBLEY,Not Available,Not Available,1
COOK HOSPITAL,MN,ST. LOUIS,Not Available,Not Available,1
ESSENTIA HEALTH ADA,MN,NORMAN,Not Available,Not Available,1
JOHNSON MEMORIAL HOSPITAL,MN,LAC QUI PARLE,159,11,3
SANFORD JACKSON MEDICAL CENTER,MN,JACKSON,180,11,
BIGFORK VALLEY HOSPITAL,MN,ITASCA,550,21,
NORTH SHORE HEALTH,MN,COOK,Not Available,Not Available,1
ELY - BLOOMENSON COMMUNITY HOSPITAL,MN,ST. LOUIS,136,12,3
MURRAY COUNTY MEMORIAL HOSPITAL,MN,MURRAY,Not Available,Not Available,1
RIVERVIEW HOSPITAL,MN,POLK,150,24,
ESSENTIA HEALTH HOLY TRINITY HOSPITAL,MN,BIG STONE,Not Available,Not Available,1
RAINY LAKE MEDICAL CENTER,MN,KOOCHICHING,Not Available,Not Available,1
MADELIA HEALTH,MN,WATONWAN,188,11,
CHIPPEWA COUNTY HOSPITAL,MN,CHIPPEWA,169,14,
CENTRACARE - LONG PRAIRIE HOSPITAL,MN,TODD,216,20,
SLEEPY EYE MEDICAL CENTER,MN,BROWN,235,73,
SANFORD BAGLEY MEDICAL CENTER,MN,CLEARWATER,352,41,
LAKEWOOD HEALTH SYSTEM,MN,TODD,276,22,
CENTRACARE HEALTH SYSTEM - MELROSE HOSPITAL,MN,STEARNS,Not Available,Not Available,1
WINDOM AREA HEALTH,MN,COTTONWOOD,214,18,
MAYO CLINIC HEALTH SYSTEM ST. JAMES,MN,WATONWAN,163,20,
RIVER'S EDGE HOSPITAL & CLINIC,MN,NICOLLET,167,20,
ST ELIZABETH MEDICAL CENTER,MN,WABASHA,Not Available,Not Available,1
KITTSON HEALTHCARE,MN,KITTSON,Not Available,Not Available,"1, 3"
NORTH VALLEY HEALTH CENTER,MN,MARSHALL,307,13,
MAYO CLINIC HEALTH SYSTEM - LAKE CITY,MN,WABASHA,250,12,
HENDRICKS COMMUNITY HOSPITAL,MN,LINCOLN,Not Available,Not Available,1
ESSENTIA HEALTH NORTHERN PINES MEDICAL CENTER,MN,ST. LOUIS,458,27,
APPLETON AREA HEALTH,MN,SWIFT,126,31,
ORTONVILLE AREA HEALTH SERVICES,MN,BIG STONE,151,11,
AVERA GRANITE FALLS,MN,YELLOW MEDCINE,130,176,
LIFECARE MEDICAL CENTER,MN,ROSEAU,Not Available,Not Available,1
MAYO CLINIC HEALTH SYSTEM - WASECA,MN,WASECA,123,14,
MAYO CLINIC HEALTH SYSTEM - CANNON FALLS,MN,GOODHUE,124,13,
SANFORD CANBY MEDICAL CENTER,MN,YELLOW MEDCINE,Not Available,Not Available,1
AVERA TYLER HOSPITAL,MN,LINCOLN,112,53,
CENTRACARE - PAYNESVILLE HOSPITAL,MN,STEARNS,Not Available,Not Available,1
ESSENTIA HEALTH MOOSE LAKE,MN,CARLTON,195,19,
CENTRACARE - REDWOOD,MN,REDWOOD,185,23,
CUYUNA REGIONAL MEDICAL CENTER,MN,CROW WING,125,13,
ASTERA HEALTH,MN,WADENA,296,48,
GLENCOE REGIONAL HEALTH,MN,MC LEOD,340,12,
MILLE LACS HEALTH SYSTEM,MN,MILLE LACS,Not Available,Not Available,1
ESSENTIA HEALTH FOSSTON,MN,POLK,Not Available,Not Available,1
CASS LAKE INDIAN HEALTH SERVICES HOSPITAL,MN,CASS,175,19,
AVERA MARSHALL REGIONAL MEDICAL CTR,MN,LYON,214,21,
ESSENTIA HEALTH DEER RIVER,MN,ITASCA,250,17,
MAYO CLINIC HEALTH SYSTEM NEW PRAGUE,MN,SCOTT,142,14,
CENTRACARE HEALTH - MONTICELLO,MN,WRIGHT,235,20,
STEVENS COMMUNITY MEDICAL CENTER INC,MN,STEVENS,343,14,3
COMMUNITY MEMORIAL HOSPITAL,MN,CARLTON,Not Available,Not Available,1
CENTRACARE - BENSON,MN,SWIFT,245,11,
MEEKER MEMORIAL HOSPITAL,MN,MEEKER,333,15,
WELIA HEALTH,MN,KANABEC,192,16,
CENTRACARE HEALTH SYSTEM - SAUK CENTRE,MN,STEARNS,168,24,
UNITED HOSPITAL DISTRICT,MN,FARIBAULT,144,21,
ST GABRIELS HOSPITAL,MN,MORRISON,278,19,
SANFORD LUVERNE MEDICAL CENTER,MN,ROCK,198,26,
MADISON HOSPITAL,MN,LAC QUI PARLE,114,14,
PERHAM HEALTH,MN,OTTER TAIL,192,18,
PIPESTONE COUNTY  MEDICAL CENTER,MN,PIPESTONE,180,111,
MINNESOTA VALLEY HEALTH CENTER  INC,MN,LE SUEUR,210,14,
GLACIAL RIDGE HOSPITAL,MN,POPE,192,22,
ST FRANCIS MEDICAL CENTER,MN,WILKIN,141,29,
NEW ULM MEDICAL CENTER,MN,BROWN,118,14,
PRAIRIE RIDGE HOSPITAL AND HEALTH SERVICES,MN,GRANT,235,27,
ST JOSEPHS AREA  HEALTH SERVICES,MN,HUBBARD,183,26,
SANFORD THIEF RIVER FALLS MEDICAL CENTER,MN,PENNINGTON,179,19,
GILLETTE CHILDRENS SPECIALTY HOSPITAL,MN,RAMSEY,Not Available,Not Available,19
CHILDREN'S HOSPITALS & CLINICS OF MN,MN,HENNEPIN,Not Available,Not Available,19
UNIVERSITY OF MISSISSIPPI MED CENTER,MS,HINDS,305,12,
TISHOMINGO HEALTH SERVICES INC,MS,TISHOMINGO,147,11,
NORTH MISSISSIPPI MEDICAL CENTER,MS,LEE,Not Available,Not Available,1
BAPTIST MEMORIAL HOSPITAL UNION COUNTY,MS,UNION,168,13,
Memorial Hospital Biloxi,MS,HARRISON,239,31,
MAGNOLIA REGIONAL HEALTH CENTER,MS,ALCORN,146,26,
PROGRESSIVE HEALTH GROUP OF HOUSTON,MS,CHICKASAW,Not Available,Not Available,5
JASPER GENERAL HOSPITAL,MS,JASPER,Not Available,Not Available,5
MEMORIAL HOSPITAL AT GULFPORT,MS,HARRISON,336,22,
WEBSTER GENERAL HOSPITAL/ SWING BED,MS,WEBSTER,Not Available,Not Available,1
NORTH MISSISSIPPI MEDICAL CENTER-GILMORE AMORY,MS,MONROE,Not Available,Not Available,1
WINSTON MEDICAL CENTER,MS,WINSTON,108,16,
MERIT HEALTH RIVER REGION,MS,WARREN,429,11,
BAPTIST MEMORIAL HOSPITAL NORTH MS,MS,LAFAYETTE,192,17,
GEORGE REGIONAL HEALTH SYSTEM,MS,GEORGE,Not Available,Not Available,1
MERIT HEALTH MADISON,MS,MADISON,Not Available,Not Available,1
SINGING RIVER HEALTH SYSTEM,MS,JACKSON,278,19,
NORTHWEST MISSISSISSIPPI REGIONAL MEDICAL CENTER,MS,COAHOMA,Not Available,Not Available,1
NESHOBA COUNTY GENERAL HOSPITAL,MS,NESHOBA,Not Available,Not Available,1
BAPTIST MEMORIAL HOSPITAL BOONEVILLE,MS,PRENTISS,154,26,
ST DOMINIC-JACKSON MEMORIAL HOSPITAL,MS,HINDS,301,69,
BEACHAM MEMORIAL HOSPITAL,MS,PIKE,Not Available,Not Available,5
BAPTIST MEMORIAL HOSPITAL-OKTIBBEHA COUNTY,MS,OKTIBBEHA,Not Available,Not Available,1
KING'S DAUGHTERS MEDICAL CENTER-BROOKHAVEN,MS,LINCOLN,Not Available,Not Available,1
SOUTH CENTRAL REG MED CTR,MS,JONES,Not Available,Not Available,1
YALOBUSHA GENERAL HOSPITAL,MS,YALOBUSHA,Not Available,Not Available,5
CLAY COUNTY MEDICAL CORPORATION,MS,CLAY,222,11,
OCHSNER RUSH HOSPITAL,MS,LAUDERDALE,285,18,
MERIT HEALTH CENTRAL,MS,HINDS,102,18,
WAYNE GENERAL HOSPITAL,MS,WAYNE,163,20,
FORREST GENERAL HOSPITAL,MS,FORREST,Not Available,Not Available,1
ANDERSON REGIONAL MEDICAL CENTER SOUTH CAMPUS,MS,LAUDERDALE,Not Available,Not Available,5
DELTA HEALTH SYSTEM - THE MEDICAL CENTER,MS,WASHINGTON,674,20,
MERIT HEALTH NATCHEZ,MS,ADAMS,303,11,
MARION GENERAL HOSPITAL,MS,MARION,Not Available,Not Available,1
BOLIVAR MEDICAL CENTER,MS,BOLIVAR,232,12,
MERIT HEALTH WESLEY,MS,LAMAR,Not Available,Not Available,1
SOUTH SUNFLOWER COUNTY HOSPITAL,MS,SUNFLOWER,Not Available,Not Available,5
CROSSGATES RIVER OAKS HOSPITAL,MS,RANKIN,Not Available,Not Available,1
SOUTHWEST MS REGIONAL MEDICAL CENTER,MS,PIKE,249,13,
GREENWOOD LEFLORE HOSPITAL,MS,LEFLORE,288,13,
BMH-GOLDEN TRIANGLE,MS,LOWNDES,167,18,
MISSISSIPPI BAPTIST MEDICAL CENTER,MS,HINDS,Not Available,Not Available,1
ANDERSON REGIONAL MEDICAL CENTER,MS,LAUDERDALE,270,16,
HIGHLAND COMMUNITY  HOSPITAL,MS,PEARL RIVER,Not Available,Not Available,1
SINGING RIVER GULFPORT,MS,HARRISON,389,15,
MAGEE GENERAL HOSPITAL,MS,SIMPSON,Not Available,Not Available,1
CHOCTAW HEALTH CENTER,MS,NESHOBA,Not Available,Not Available,1
WHITFIELD MEDICAL SURGICAL HOSPITAL,MS,RANKIN,Not Available,Not Available,5
MERIT HEALTH WOMEN'S HOSPITAL,MS,RANKIN,Not Available,Not Available,5
MERIT HEALTH RIVER OAKS,MS,RANKIN,Not Available,Not Available,1
BAPTIST MEMORIAL HOSPITAL DESOTO,MS,DE SOTO,357,16,
ALLIANCE HEALTH CENTER,MS,LAUDERDALE,Not Available,Not Available,5
MISSISSIPPI METHODIST REHAB CTR,MS,HINDS,Not Available,Not Available,5
OCHSNER MEDICAL CENTER-HANCOCK,MS,HANCOCK,279,13,
METHODIST HEALTHCARE - OLIVE BRANCH HOSPITAL,MS,DE SOTO,Not Available,Not Available,1
UNIVERSITY OF MISSISSIPPI MEDICAL CENTER- GRENADA,MS,GRENADA,Not Available,Not Available,1
HIGHLAND HILLS MEDICAL CENTER,MS,TATE,Not Available,Not Available,1
"ALLIANCE HEALTHCARE SYSTEM, INC",MS,MARSHALL,Not Available,Not Available,19
81st Medical Group (Keesler AFB),MS,HARRISON,Not Available,Not Available,5
JEFFERSON COUNTY HOSPITAL,MS,JEFFERSON,Not Available,Not Available,19
PANOLA MEDICAL CENTER,MS,PANOLA,Not Available,Not Available,19
GREENE COUNTY HOSPITAL,MS,GREENE,Not Available,Not Available,19
PERRY COUNTY GENERAL HOSPITAL,MS,GREENE,Not Available,Not Available,19
SHARKEY ISSAQUENA COMMUNITY HOSPITAL,MS,SHARKEY,Not Available,Not Available,19
PROGRESSIVE HEALTH GROUP OF HOUSTON,MS,CHICKASAW,Not Available,Not Available,19
SMITH COUNTY  EMERGENCY HOSPITAL,MS,SMITH,Not Available,Not Available,19
S E LACKEY MEMORIAL HOSPITAL,MS,SCOTT,174,11,
MONROE REGIONAL HOSPITAL,MS,MONROE,Not Available,Not Available,5
TALLAHATCHIE GENERAL HOSPITAL-CAH,MS,TALLAHATCHIE,106,58,
LAWRENCE COUNTY HOSPITAL CAH,MS,LAWRENCE,Not Available,Not Available,5
NOXUBEE GENERAL CRITICAL ACCESS HOSP,MS,NOXUBEE,Not Available,Not Available,19
PONTOTOC HEALTH SERVICE INC CAH,MS,PONTOTOC,176,14,
FIELD HEALTH SYSTEM,MS,WILKINSON,101,17,
TYLER HOLMES MEMORIAL HOSPITAL CAH,MS,MONTGOMERY,Not Available,Not Available,1
BAPTIST MEDICAL CENTER-YAZOO,MS,YAZOO,108,11,
BAPTIST MEDICAL CENTER-LEAKE,MS,LEAKE,Not Available,Not Available,1
OCHSNER WATKINS HOSPITAL,MS,CLARKE,Not Available,Not Available,1
SIMPSON GENERAL HOSPITAL CAH,MS,SIMPSON,Not Available,Not Available,1
NORTH SUNFLOWER MEDICAL CENTER CAH,MS,SUNFLOWER,Not Available,Not Available,5
HOLMES COUNTY HOSPITAL AND CLINICS,MS,HOLMES,Not Available,Not Available,1
CLAIBORNE COUNTY HOSPITAL,MS,CLAIBORNE,Not Available,Not Available,5
OCHSNER LAIRD HOSPITAL,MS,NESHOBA,Not Available,Not Available,1
OCHSNER SCOTT REGIONAL,MS,SCOTT,Not Available,Not Available,1
WALTHALL COUNTY GENERAL HOSPITAL CAH,MS,WALTHALL,Not Available,Not Available,5
COVINGTON COUNTY HOSPITAL CAH,MS,COVINGTON,Not Available,Not Available,"1, 3"
JEFFERSON DAVIS COMMUNITY HOSPITAL CAH,MS,JEFFERSON DAVIS,Not Available,Not Available,5
COPIAH COUNTY MEDICAL CENTER,MS,COPIAH,Not Available,Not Available,5
FRANKLIN COUNTY MEMORIAL HOSPITAL,MS,FRANKLIN,Not Available,Not Available,1
BMH-CALHOUN,MS,CALHOUN,165,19,
PEARL RIVER COUNTY HOSPITAL,MS,PEARL RIVER,Not Available,Not Available,5
CHOCTAW REGIONAL MEDICAL CENTER,MS,CHOCTAW,Not Available,Not Available,1
OCHSNER STENNIS MEMORIAL HOSPITAL,MS,KEMPER,Not Available,Not Available,1
BAPTIST MEDICAL CENTER ATTALA,MS,ATTALA,50,14,
TIPPAH COUNTY HOSPITAL,MS,TIPPAH,Not Available,Not Available,1
QUITMAN COMMUNITY HOSPITAL,MS,QUITMAN,Not Available,Not Available,5
NESHOBA COUNTY GENERAL HOSPITAL,MS,NESHOBA,Not Available,Not Available,19
MERCY HOSPITAL JOPLIN,MO,JASPER,192,23,
SSM ST JOSEPH HEALTH CENTER,MO,ST. CHARLES,315,36,
MOSAIC LIFE CARE AT ST JOSEPH,MO,BUCHANAN,192,17,
BOTHWELL REGIONAL HEALTH CENTER,MO,PETTIS,338,34,
SSM HEALTH ST. MARY'S HOSPITAL - JEFFERSON CITY,MO,COLE,272,20,
PHELPS COUNTY REGIONAL MEDICAL CENTER,MO,PHELPS,237,22,
MERCY HOSPITAL ST LOUIS,MO,ST. LOUIS,233,39,
NORTHEAST REGIONAL MEDICAL CENTER,MO,ADAIR,165,15,
MERCY HOSPITAL JEFFERSON,MO,JEFFERSON,211,15,
TEXAS COUNTY MEMORIAL HOSPITAL,MO,TEXAS,248,14,
HANNIBAL REGIONAL HOSPITAL,MO,MARION,296,24,
RESEARCH MEDICAL CENTER,MO,JACKSON,286,24,
General Leonard Wood ACH (FT Leonard Wood),MO,PULASKI,Not Available,Not Available,5
BARNES JEWISH HOSPITAL,MO,ST. LOUIS CITY,376,28,
BATES COUNTY MEMORIAL HOSPITAL,MO,BATES,142,12,
COX MEDICAL CENTERS,MO,GREENE,271,15,
TRUMAN MEDICAL CENTER HOSPITAL HILL,MO,JACKSON,332,49,
MERCY HOSPITAL WASHINGTON,MO,FRANKLIN,159,14,
CAMERON REGIONAL MEDICAL CENTER,MO,CLINTON,156,16,
MERCY HOSPITAL LEBANON,MO,LACLEDE,356,20,
NEVADA REGIONAL MEDICAL CENTER,MO,VERNON,131,13,
SAINT LUKES NORTH HOSPITAL,MO,PLATTE,257,25,
MERCY HOSPITAL SPRINGFIELD,MO,GREENE,295,32,
BOONE HOSPITAL CENTER,MO,BOONE,226,15,
PEMISCOT COUNTY MEMORIAL HOSPITAL,MO,PEMISCOT,192,58,
MOBERLY REGIONAL MEDICAL CENTER,MO,RANDOLPH,Not Available,Not Available,1
MERCY HOSPITAL SOUTH,MO,ST. LOUIS,313,36,
OZARKS HEALTHCARE,MO,HOWELL,230,26,
SSM ST CLARE HEALTH CENTER,MO,JEFFERSON,Not Available,Not Available,1
ST JOSEPH MEDICAL CENTER,MO,JACKSON,206,31,
SSM HEALTH ST MARY'S HOSPITAL - ST LOUIS,MO,ST. LOUIS,603,15,
COX MEDICAL CENTER BRANSON,MO,TANEY,175,17,
CENTERPOINT MEDICAL CENTER,MO,JACKSON,453,27,
NKC HEALTH,MO,CLAY,264,46,
WESTERN MISSOURI MEDICAL CENTER,MO,JOHNSON,469,36,
UNIVERSITY HEALTH LAKEWOOD MEDICAL CENTER,MO,JACKSON,234,16,
SSM HEALTH DEPAUL HOSPITAL ST LOUIS,MO,ST. LOUIS,384,56,
SSM HEALTH SAINT LOUIS UNIVERSITY HOSPITAL,MO,ST. LOUIS CITY,310,35,
MISSOURI BAPTIST MEDICAL CENTER,MO,ST. LOUIS,Not Available,Not Available,1
MERCY HOSPITAL SOUTHEAST,MO,CAPE GIRARDEAU,303,17,
MISSOURI DELTA MEDICAL CENTER,MO,SCOTT,375,31,
POPLAR BLUFF REGIONAL MEDICAL CENTER,MO,BUTLER,247,27,
FREEMAN HEALTH SYSTEM - FREEMAN WEST,MO,JASPER,476,22,
ST LUKES HOSPITAL OF KANSAS CITY,MO,JACKSON,448,33,
UNIVERSITY OF MISSOURI HEALTH CARE,MO,BOONE,182,21,
FITZGIBBON HOSPITAL,MO,SALINE,102,22,
MERCY HOSPITAL STODDARD,MO,STODDARD,475,19,
BARNES-JEWISH WEST COUNTY HOSPITAL,MO,ST. LOUIS,Not Available,Not Available,1
PARKLAND HEALTH CENTER,MO,ST. FRANCOIS,522,17,
GOLDEN VALLEY MEMORIAL HOSPITAL,MO,HENRY,496,28,
LIBERTY HOSPITAL,MO,CLAY,282,20,
ST LUKES HOSPITAL,MO,ST. LOUIS,278,20,
CHRISTIAN HOSPITAL NORTHEAST,MO,ST. LOUIS,Not Available,Not Available,1
SAINT FRANCIS MEDICAL CENTER,MO,CAPE GIRARDEAU,280,14,
LAKE REGIONAL HEALTH SYSTEM,MO,CAMDEN,254,19,
LEE'S SUMMIT MEDICAL CENTER,MO,JACKSON,370,13,
BARNES-JEWISH ST PETERS HOSPITAL,MO,ST. CHARLES,288,14,
ST MARY'S MEDICAL CENTER,MO,JACKSON,213,23,
CITIZENS MEMORIAL HOSPITAL,MO,POLK,320,43,
SSM ST JOSEPH HOSPITAL WEST,MO,ST. CHARLES,364,19,
BELTON REGIONAL MEDICAL CENTER,MO,CASS,210,22,
SAINT LUKE'S EAST  HOSPITAL,MO,JACKSON,354,15,
PROGRESS WEST HOSPITAL,MO,ST. CHARLES,Not Available,Not Available,1
PARKLAND HEALTH CENTER - BONNE TERRE,MO,ST. FRANCOIS,Not Available,Not Available,19
ELLETT MEMORIAL HOSPITAL,MO,ST. CLAIR,Not Available,Not Available,1
MADISON MEDICAL CENTER,MO,MADISON,252,24,
COMMUNITY HOSPITAL ASSOCIATION,MO,ATCHISON,Not Available,Not Available,"1, 3"
PUTNAM COUNTY MEMORIAL HOSPITAL,MO,PUTNAM,137,14,
SULLIVAN COUNTY MEMORIAL HOSPITAL,MO,SULLIVAN,Not Available,Not Available,1
PERSHING MEMORIAL HOSPITAL,MO,LINN,282,14,
WASHINGTON COUNTY MEMORIAL HOSPITAL,MO,WASHINGTON,664,20,
WRIGHT MEMORIAL HOSPITAL,MO,GRUNDY,158,19,
SCOTLAND COUNTY  HOSPITAL,MO,SCOTLAND,Not Available,Not Available,"1, 3"
MERCY HOSPITAL PERRY,MO,PERRY,222,34,
HARRISON COUNTY COMMUNITY HOSPITAL,MO,HARRISON,250,21,
MACON COUNTY SAMARITAN MEMORIAL HOSPITAL,MO,MACON,Not Available,Not Available,5
HERMANN AREA DISTRICT HOSPITAL,MO,GASCONADE,Not Available,Not Available,1
MERCY HOSPITAL AURORA,MO,LAWRENCE,Not Available,Not Available,1
MERCY HOSPITAL - CASSVILLE,MO,BARRY,113,18,
SALEM MEMORIAL DISTRICT HOSPITAL,MO,DENT,167,12,3
MERCY HOSPITAL LINCOLN,MO,LINCOLN,274,12,
LAFAYETTE REGIONAL HEALTH CENTER,MO,LAFAYETTE,209,16,
HEDRICK MEDICAL CENTER,MO,LIVINGSTON,279,13,
EXCELSIOR SPRINGS HOSPITAL,MO,CLAY,345,11,
CEDAR COUNTY MEMORIAL HOSPITAL,MO,CEDAR,178,13,
CASS REGIONAL MEDICAL CENTER,MO,CASS,240,12,
COX BARTON COUNTY HOSPITAL,MO,BARTON,137,14,
RAY COUNTY MEMORIAL HOSPITAL,MO,RAY,176,52,3
MOSAIC MEDICAL CENTER ALBANY,MO,GENTRY,Not Available,Not Available,1
COX MONETT HOSPITAL,MO,BARRY,190,14,
STE GENEVIEVE COUNTY MEMORIAL HOSPITAL,MO,STE. GENEVIEVE,100,15,
FREEMAN NEOSHO HOSPITAL,MO,NEWTON,Not Available,Not Available,1
CARROLL COUNTY MEMORIAL HOSPITAL,MO,CARROLL,298,17,
PIKE COUNTY MEMORIAL HOSPITAL,MO,PIKE,168,17,
MERCY ST FRANCIS HOSPITAL,MO,HOWELL,Not Available,Not Available,1
IRON COUNTY MEDICAL CENTER,MO,IRON,323,25,
MISSOURI BAPTIST SULLIVAN HOSPITAL,MO,FRANKLIN,268,13,
MERCY HOSPITAL CARTHAGE,MO,JASPER,192,14,
MOSAIC MEDICAL CENTER - MARYVILLE,MO,NODAWAY,132,17,
ST LOUIS CHILDRENS HOSPITAL,MO,ST. LOUIS CITY,Not Available,Not Available,19
THE CHILDREN'S MERCY HOSPITAL,MO,JACKSON,Not Available,Not Available,19
RANKEN JORDAN PEDIATRIC BRIDGE HOSPITAL,MO,ST. LOUIS,Not Available,Not Available,19
SHRINERS HOSPITALS FOR CHILDREN,MO,ST. LOUIS CITY,Not Available,Not Available,19
ST PETERS HEALTH,MT,LEWIS AND CLARK,234,18,
BILLINGS CLINIC HOSPITAL,MT,YELLOWSTONE,154,39,
BENEFIS HOSPITALS INC,MT,CASCADE,188,26,
ST. PATRICK HOSPITAL,MT,MISSOULA,216,39,
ST JAMES HOSPITAL,MT,SILVER BOW,183,25,
COMMUNITY MEDICAL CENTER,MT,MISSOULA,250,18,
INTERMOUNTAIN HEALTH ST VINCENT REGIONAL HOSPITAL,MT,YELLOWSTONE,150,16,
LOGAN HEALTH MEDICAL CENTER,MT,FLATHEAD,246,24,
BOZEMAN HEALTH DEACONESS HOSPITAL,MT,GALLATIN,179,33,
P H S INDIAN HOSPITAL AT BROWNING - BLACKFEET,MT,GLACIER,Not Available,Not Available,5
GREAT FALLS CLINIC HOSPITAL,MT,CASCADE,149,14,
POPLAR COMMUNITY HOSPITAL,MT,ROOSEVELT,144,13,3
FALLON MEDICAL COMPLEX HOSPITAL,MT,FALLON,Not Available,Not Available,"1, 3"
DAHL MEMORIAL HEALTHCARE ASSOCIATION INC,MT,CARTER,Not Available,Not Available,"1, 3"
GRANITE COUNTY MEDICAL CENTER,MT,GRANITE,Not Available,Not Available,5
MISSOURI RIVER MEDICAL CENTER,MT,CHOUTEAU,Not Available,Not Available,1
MCCONE COUNTY HEALTH CENTER,MT,MCCONE,Not Available,Not Available,1
MOUNTAINVIEW MEDICAL CENTER,MT,MEAGHER,112,22,
BENEFIS TETON MEDICAL CENTER,MT,TETON,93,13,
ROOSEVELT MEDICAL CENTER,MT,ROOSEVELT,Not Available,Not Available,1
PRAIRIE COMMUNITY CAH,MT,PRAIRIE,Not Available,Not Available,1
GARFIELD COUNTY HEALTH CENTER,MT,GARFIELD,Not Available,Not Available,"1, 3"
BIG SANDY MEDICAL CENTER,MT,CHOUTEAU,Not Available,Not Available,1
PHILLIPS COUNTY HOSPITAL - CAH,MT,PHILLIPS,122,41,
PIONEER MEDICAL CENTER,MT,SWEET GRASS,168,13,3
DEER LODGE MEDICAL CENTER,MT,POWELL,Not Available,Not Available,1
P H S INDIAN HOSPITAL-FT BELKNAP AT HARLEM - CAH,MT,BLAINE,Not Available,Not Available,19
FRANCES MAHON DEACONESS HOSPITAL,MT,VALLEY,Not Available,Not Available,1
LIVINGSTON HEALTHCARE,MT,PARK,146,24,
BARRETT HOSPITAL & HEALTHCARE,MT,BEAVERHEAD,342,68,
RUBY VALLEY MEDICAL CENTER,MT,MADISON,Not Available,Not Available,5
CABINET PEAKS MEDICAL CENTER,MT,LINCOLN,Not Available,Not Available,1
WHEATLAND MEMORIAL HOSPITAL,MT,WHEATLAND,Not Available,Not Available,"3, 7"
SHERIDAN MEMORIAL HOSPTIAL,MT,SHERIDAN,244,27,
CLARK FORK VALLEY HOSPITAL,MT,SANDERS,Not Available,Not Available,1
PONDERA MEDICAL CENTER,MT,PONDERA,137,37,
ST LUKE COMMUNITY HOSPITAL,MT,LAKE,135,355,
BEARTOOTH BILLINGS CLINIC,MT,CARBON,Not Available,Not Available,1
ROSEBUD HEALTH CARE CENTER,MT,ROSEBUD,Not Available,Not Available,1
LOGAN HEALTH - SHELBY,MT,TOOLE,114,65,
MADISON VALLEY MEDICAL CENTER,MT,MADISON,230,14,
STILLWATER BILLINGS CLINIC,MT,STILLWATER,Not Available,Not Available,1
MINERAL COMMUNITY HOSPITAL,MT,MINERAL,136,12,
GLENDIVE MEDICAL CENTER,MT,DAWSON,210,26,
BILLINGS CLINIC BROADWATER,MT,BROADWATER,79,17,
LOGAN HEALTH - CHESTER,MT,LIBERTY,Not Available,Not Available,1
COMMUNITY HOSPITAL OF ANACONDA,MT,DEER LODGE,149,17,
LOGAN HEALTH - WHITEFISH,MT,FLATHEAD,174,494,
NORTHERN ROCKIES MEDICAL CENTER,MT,GLACIER,134,25,
BIG HORN HOSPITAL,MT,BIG HORN,244,53,
P H S INDIAN HOSPITAL CROW / NORTHERN CHEYENNE,MT,BIG HORN,Not Available,Not Available,5
BITTERROOT HEALTH - DALY HOSPITAL,MT,RAVALLI,Not Available,Not Available,"1, 3"
TRINITY HOSPITAL,MT,ROOSEVELT,168,14,3
DANIELS MEMORIAL HOSPITAL,MT,DANIELS,114,11,3
PROVIDENCE ST JOSEPH MEDICAL CENTER,MT,LAKE,171,20,
SIDNEY HEALTH CENTER,MT,RICHLAND,198,15,
CENTRAL MONTANA MEDICAL CENTER,MT,FERGUS,Not Available,Not Available,1
ROUNDUP MEMORIAL HEALTHCARE,MT,MUSSELSHELL,Not Available,Not Available,1
HOLY ROSARY HOSPITAL,MT,CUSTER,177,20,
NORTHERN MONTANA HOSPITAL,MT,HILL,119,19,
BOZEMAN HEALTH BIG SKY MEDICAL CENTER,MT,GALLATIN,Not Available,Not Available,1
BRYAN MEDICAL CENTER,NE,LANCASTER,160,24,
CHI HEALTH GOOD SAMARITAN,NE,BUFFALO,216,17,
THE NEBRASKA MEDICAL CENTER,NE,DOUGLAS,293,36,
CHI HEALTH ST. ELIZABETH,NE,LANCASTER,175,11,
CHI HEALTH ST. FRANCIS,NE,HALL,158,20,
MARY LANNING HEALTHCARE,NE,ADAMS,154,16,
THE NEBRASKA METHODIST HOSPITAL,NE,DOUGLAS,275,21,
TWELVE CLANS UNITY HOSPITAL,NE,THURSTON,242,34,
CHI HEALTH BERGAN MERCY,NE,DOUGLAS,256,24,
REGIONAL WEST MEDICAL CENTER,NE,SCOTT BLUFF,228,29,
GREAT PLAINS HEALTH,NE,LINCOLN,112,12,
METHODIST FREMONT HEALTH,NE,DODGE,226,11,
CHI HEALTH IMMANUEL,NE,DOUGLAS,244,60,
CHI HEALTH MIDLANDS,NE,SARPY,208,12,
"COLUMBUS COMMUNITY HOSPITAL, INC",NE,PLATTE,186,19,
FAITH HEALTH,NE,MADISON,Not Available,Not Available,1
LINCOLN SURGICAL HOSPITAL,NE,LANCASTER,Not Available,Not Available,5
CHI HEALTH NEBRASKA HEART,NE,LANCASTER,Not Available,Not Available,5
NEBRASKA ORTHOPAEDIC HOSPITAL,NE,DOUGLAS,Not Available,Not Available,1
CHI HEALTH LAKESIDE,NE,DOUGLAS,280,16,
MIDWEST SURGICAL HOSPITAL LLC,NE,DOUGLAS,Not Available,Not Available,5
BELLEVUE MEDICAL CENTER,NE,SARPY,230,12,
"NEBRASKA SPINE HOSPITAL, LLC",NE,DOUGLAS,Not Available,Not Available,5
KEARNEY REGIONAL MEDICAL CENTER,NE,BUFFALO,150,14,
GRAND ISLAND REGIONAL MEDICAL CENTER,NE,HALL,145,19,
FRIEND COMMUNITY HEALTHCARE SYSTEM,NE,SALINE,Not Available,Not Available,19
HARLAN COUNTY HEALTH SYSTEM,NE,HARLAN,134,23,
FILLMORE COUNTY HOSPITAL,NE,FILLMORE,158,15,
PAWNEE COUNTY MEMORIAL HOSPITAL,NE,PAWNEE,180,32,
NIOBRARA VALLEY HOSPITAL,NE,BOYD,Not Available,Not Available,1
THAYER COUNTY HEALTH SERVICES,NE,THAYER,94,19,
KIMBALL HEALTH SERVICES,NE,KIMBALL,137,11,
KEARNEY COUNTY HEALTH SERVICES HOSPITAL,NE,KEARNEY,Not Available,Not Available,1
SAUNDERS MEDICAL CENTER,NE,SAUNDERS,Not Available,Not Available,1
HENDERSON COMMUNITY HOSPITAL,NE,YORK,127,18,3
SYRACUSE AREA HEALTH,NE,OTOE,Not Available,Not Available,1
GARDEN COUNTY HEALTH SERVICES,NE,GARDEN,252,20,
FRANKLIN COUNTY MEMORIAL HOSPITAL,NE,FRANKLIN,132,26,
GENOA COMMUNITY HOSPITAL,NE,PLATTE,Not Available,Not Available,"1, 3"
GOTHENBURG HEALTH,NE,DAWSON,Not Available,Not Available,1
ANNIE JEFFREY MEMORIAL COUNTY HEALTH CENTER,NE,POLK,124,12,
BRODSTONE HEALTHCARE,NE,NUCKOLLS,Not Available,Not Available,1
WEBSTER COUNTY COMMUNITY HOSPITAL,NE,WEBSTER,87,17,
MORRILL COUNTY COMMUNITY HOSPITAL,NE,MORRILL,140,28,
JEFFERSON COMMUNITY HEALTH & LIFE,NE,JEFFERSON,130,12,
MEMORIAL HOSPITAL,NE,HAMILTON,Not Available,Not Available,1
ST FRANCIS MEMORIAL HOSPITAL,NE,CUMING,156,11,
CHI HEALTH SCHUYLER,NE,COLFAX,132,11,
NEMAHA COUNTY HOSPITAL,NE,NEMAHA,Not Available,Not Available,1
BROWN COUNTY HOSPITAL,NE,BROWN,187,13,
ANTELOPE MEMORIAL HOSPITAL,NE,ANTELOPE,145,12,
COZAD COMMUNITY HOSPITAL,NE,DAWSON,Not Available,Not Available,1
MERRICK MEDICAL CENTER,NE,MERRICK,170,103,
AVERA ST ANTHONY'S HOSPITAL,NE,HOLT,126,80,
AVERA CREIGHTON HOSPITAL,NE,KNOX,157,21,
BUTLER COUNTY HEALTH,NE,BUTLER,Not Available,Not Available,1
ROCK COUNTY HOSPITAL,NE,HOLT,Not Available,Not Available,1
BOONE COUNTY HEALTH CENTER,NE,BOONE,100,12,
CALLAWAY DISTRICT HOSPITAL,NE,CUSTER,Not Available,Not Available,1
YORK GENERAL HEALTH CARE SERVICES,NE,YORK,194,15,3
HOWARD COUNTY MEDICAL CENTER,NE,HOWARD,Not Available,Not Available,1
MEMORIAL HEALTH CARE SYSTEMS,NE,SEWARD,Not Available,Not Available,1
DUNDY COUNTY HOSPITAL,NE,DUNDY,Not Available,Not Available,1
CHADRON HOSPITAL,NE,DAWES,172,18,
CHI HEALTH ST MARY'S,NE,OTOE,136,14,
WEST HOLT MEMORIAL HOSPITAL,NE,HOLT,136,18,
CHERRY COUNTY HOSPITAL,NE,CHERRY,Not Available,Not Available,"1, 3"
PROVIDENCE MEDICAL CENTER,NE,WAYNE,189,27,
CHI HEALTH PLAINVIEW HOSPITAL,NE,PIERCE,Not Available,Not Available,1
OSMOND GENERAL HOSPITAL,NE,PIERCE,204,11,
TRI VALLEY HEALTH SYSTEM,NE,FURNAS,Not Available,Not Available,"1, 3"
PENDER COMMUNITY HOSPITAL,NE,THURSTON,Not Available,Not Available,1
JOHNSON COUNTY HOSPITAL,NE,JOHNSON,186,14,
CHASE COUNTY COMMUNITY HOSPITAL,NE,CHASE,190,12,
"COMMUNITY MEDICAL CENTER, INC",NE,RICHARDSON,158,12,
VALLEY COUNTY HEALTH SYSTEM,NE,VALLEY,Not Available,Not Available,1
CRETE AREA MEDICAL CENTER,NE,SALINE,185,11,
OGALLALA COMMUNITY HOSPITAL,NE,KEITH,156,20,
PERKINS COUNTY HEALTH SERVICES,NE,PERKINS,146,28,3
SIDNEY REGIONAL MEDICAL CENTER,NE,CHEYENNE,141,11,
GORDON MEMORIAL HOSPITAL DISTRICT,NE,SHERIDAN,161,78,
MEMORIAL COMMUNITY HOSPITAL & HEALTH SYSTEM,NE,WASHINGTON,Not Available,Not Available,1
BOX BUTTE GENERAL HOSPITAL,NE,BOX BUTTE,147,53,
LEXINGTON REGIONAL HEALTH CENTER,NE,DAWSON,218,16,
PHELPS MEMORIAL HEALTH CENTER,NE,PHELPS,Not Available,Not Available,1
COMMUNITY HOSPITAL,NE,RED WILLOW,248,25,
"BEATRICE COMMUNITY HOSPITAL & HEALTH CENTER, INC",NE,GAGE,141,354,
JENNIE M MELHAM MEMORIAL MEDICAL CENTER,NE,CUSTER,Not Available,Not Available,1
BOYS TOWN NATIONAL RESEARCH HOSPITAL,NE,DOUGLAS,Not Available,Not Available,19
CHILDREN'S NEBRASKA,NE,DOUGLAS,Not Available,Not Available,19
RENOWN REGIONAL MEDICAL CENTER,NV,WASHOE,316,26,
SUNRISE HOSPITAL AND MEDICAL CENTER,NV,CLARK,294,46,
NORTH VISTA HOSPITAL,NV,CLARK,133,39,
UNIVERSITY MEDICAL CENTER,NV,CLARK,321,34,
NORTHEASTERN NEVADA REGIONAL HOSPITAL,NV,ELKO,362,27,
SAINT MARY'S REGIONAL MEDICAL CENTER,NV,WASHOE,208,53,
SAINT ROSE DOMINICAN HOSPITALS - ROSE DE LIMA,NV,CLARK,133,27,
CARSON TAHOE REGIONAL MEDICAL CENTER,NV,CARSON CITY,178,18,
99th Medical Group (Nellis AFB),NV,CLARK,Not Available,Not Available,5
VALLEY HOSPITAL MEDICAL CENTER,NV,CLARK,242,50,
NORTHERN NEVADA MEDICAL CENTER,NV,WASHOE,257,29,
MOUNTAINVIEW HOSPITAL,NV,CLARK,244,30,
SUMMERLIN HOSPITAL MEDICAL CENTER,NV,CLARK,Not Available,Not Available,1
HARMON HOSPITAL,NV,CLARK,Not Available,Not Available,5
SAINT ROSE DOMINICAN HOSPITALS - SIENA CAMPUS,NV,CLARK,249,19,
SPRING VALLEY HOSPITAL MEDICAL CENTER,NV,CLARK,230,50,
SOUTHERN HILLS HOSPITAL AND MEDICAL CENTER,NV,CLARK,162,25,
RENOWN SOUTH MEADOWS MEDICAL CENTER,NV,WASHOE,Not Available,Not Available,1
SAINT ROSE DOMINICAN HOSPITALS - SAN MARTIN CAMPUS,NV,CLARK,384,21,
CENTENNIAL HILLS HOSPITAL MEDICAL CENTER,NV,CLARK,316,18,
HENDERSON HOSPITAL,NV,CLARK,222,22,
SAINT ROSE DOMINICAN HOSPITALS - NORTH LAS VEGAS,NV,CLARK,Not Available,Not Available,1
WEST HENDERSON HOSPITAL,NV,CLARK,213,20,3
MOUNT GRANT GENERAL HOSPITAL,NV,MINERAL,Not Available,Not Available,1
INCLINE VILLAGE COMMUNITY HOSPITAL,NV,WASHOE,Not Available,Not Available,1
WILLIAM BEE RIRIE HOSPITAL,NV,WHITE PINE,451,41,
BATTLE MOUNTAIN GENERAL HOSPITAL,NV,LANDER,Not Available,Not Available,1
PERSHING GENERAL HOSPITAL,NV,PERSHING,184,13,
CARSON VALLEY HEALTH,NV,DOUGLAS,Not Available,Not Available,1
MESA VIEW REGIONAL HOSPITAL,NV,CLARK,124,16,
HUMBOLDT GENERAL HOSPITAL,NV,HUMBOLDT,285,15,
BOULDER CITY HOSPITAL,NV,CLARK,Not Available,Not Available,1
DESERT VIEW HOSPITAL,NV,NYE,314,30,
GROVER C DILS MEDICAL CENTER,NV,LINCOLN,Not Available,Not Available,1
BANNER CHURCHILL COMMUNITY HOSPITAL,NV,CHURCHILL,201,15,
SOUTH LYON MEDICAL CENTER,NV,LYON,Not Available,Not Available,1
CONCORD HOSPITAL,NH,MERRIMACK,339,31,
MARY HITCHCOCK MEMORIAL HOSPITAL,NH,GRAFTON,404,28,
CONCORD HOSPITAL- LACONIA,NH,BELKNAP,229,19,
ST JOSEPH HOSPITAL,NH,HILLSBOROUGH,294,18,
ELLIOT HOSPITAL,NH,HILLSBOROUGH,322,28,
FRISBIE MEMORIAL HOSPITAL,NH,STRAFFORD,968,37,
PARKLAND MEDICAL CENTER,NH,ROCKINGHAM,178,22,
WENTWORTH-DOUGLASS HOSPITAL,NH,STRAFFORD,236,16,
CHESHIRE MEDICAL CENTER,NH,CHESHIRE,432,27,
SOUTHERN NH MEDICAL CENTER,NH,HILLSBOROUGH,192,32,
EXETER HOSPITAL INC,NH,ROCKINGHAM,1103,11,
PORTSMOUTH REGIONAL HOSPITAL,NH,ROCKINGHAM,202,12,
CATHOLIC MEDICAL CENTER,NH,HILLSBOROUGH,528,24,
UPPER CONNECTICUT VALLEY HOSPITAL,NH,COOS,209,102,
COTTAGE HOSPITAL,NH,GRAFTON,Not Available,Not Available,1
LITTLETON REGIONAL HEALTHCARE,NH,GRAFTON,224,20,
WEEKS MEDICAL CENTER,NH,COOS,211,221,
NEW LONDON HOSPITAL,NH,MERRIMACK,125,16,
ALICE PECK DAY MEMORIAL HOSPITAL,NH,GRAFTON,Not Available,Not Available,1
CONCORD HOSPITAL- FRANKLIN,NH,MERRIMACK,225,23,
"MEMORIAL HOSPITAL, THE",NH,CARROLL,410,12,
VALLEY REGIONAL HOSPITAL,NH,SULLIVAN,194,17,
MONADNOCK COMMUNITY HOSPITAL,NH,HILLSBOROUGH,232,18,
ANDROSCOGGIN VALLEY HOSPITAL,NH,COOS,201,200,3
SPEARE MEMORIAL HOSPITAL,NH,GRAFTON,342,14,
HUGGINS HOSPITAL,NH,CARROLL,254,11,
HACKENSACK UNIVERSITY MEDICAL CENTER,NJ,BERGEN,249,13,
NEWARK BETH ISRAEL MEDICAL CENTER,NJ,ESSEX,246,20,
PALISADES MEDICAL CENTER,NJ,HUDSON,346,27,
HUNTERDON MEDICAL CENTER,NJ,HUNTERDON,397,29,
ST MARY'S GENERAL HOSPITAL,NJ,PASSAIC,388,34,
HOLY NAME MEDICAL CENTER,NJ,BERGEN,390,39,
CLARA MAASS MEDICAL CENTER,NJ,ESSEX,206,20,
UNIVERSITY MEDICAL CENTER OF PRINCETON AT PLAINSBORO,NJ,MIDDLESEX,445,27,
CAPE REGIONAL MEDICAL CENTER INC,NJ,CAPE MAY,338,28,
VALLEY HOSPITAL,NJ,BERGEN,338,16,
COOPER UNIVERSITY HOSPITAL,NJ,CAMDEN,279,34,
MORRISTOWN MEDICAL CENTER,NJ,MORRIS,Not Available,Not Available,1
HEIGHTS UNIVERSITY HOSPITAL,NJ,HUDSON,240,33,
CHILTON MEDICAL CENTER,NJ,MORRIS,Not Available,Not Available,1
ST JOSEPH'S UNIVERSITY MEDICAL CENTER INC,NJ,PASSAIC,380,37,
WEST JERSEY HOSPITAL,NJ,CAMDEN,Not Available,Not Available,1
ROBERT WOOD JOHNSON UNIVERSITY HOSPITAL AT RAHWAY,NJ,UNION,Not Available,Not Available,1
CAREPOINT HEALTH - BAYONNE MEDICAL CENTER,NJ,HUDSON,306,41,
TRINITAS REGIONAL MEDICAL CENTER,NJ,UNION,187,55,
NEWTON MEDICAL CENTER,NJ,SUSSEX,248,26,
VIRTUA OUR LADY OF LOURDES HOSPITAL,NJ,CAMDEN,299,18,
DEBORAH HEART AND LUNG CENTER,NJ,BURLINGTON,Not Available,Not Available,5
INSPIRA MEDICAL CENTER VINELAND,NJ,CUMBERLAND,304,22,
RIVERVIEW MEDICAL CENTER,NJ,MONMOUTH,684,16,
ROBERT WOOD JOHNSON UNIVERSITY HOSPITAL,NJ,MIDDLESEX,156,21,
RARITAN BAY MEDICAL CENTER,NJ,MIDDLESEX,412,20,
CAREPOINT HEALTH-HOBOKEN UNIVERSITY MEDICAL CENTER,NJ,HUDSON,236,62,
COMMUNITY MEDICAL CENTER,NJ,OCEAN,148,38,
CAPITAL HEALTH MEDICAL CENTER - HOPEWELL,NJ,MERCER,Not Available,Not Available,1
ENGLEWOOD HOSPITAL AND MEDICAL CENTER,NJ,BERGEN,247,23,
SHORE MEDICAL CENTER,NJ,ATLANTIC,249,12,
ROBERT WOOD JOHNSON UNIVERSITY HOSPITAL - SOMERSET,NJ,SOMERSET,308,34,
SAINT CLARE'S HOSPITAL/ DENVILLE CAMPUS,NJ,MORRIS,570,53,
OVERLOOK MEDICAL CENTER,NJ,UNION,Not Available,Not Available,1
OCEAN MEDICAL CENTER,NJ,OCEAN,308,19,
HACKENSACK MERIDIAN MOUNTAINSIDE MEDICAL,NJ,ESSEX,385,18,
VIRTUA MOUNT HOLLY HOSPITAL,NJ,BURLINGTON,288,22,
BERGEN NEW BRIDGE MEDICAL CENTER,NJ,BERGEN,188,152,
ST LUKE'S WARREN HOSPITAL,NJ,WARREN,308,22,
VIRTUA WILLINGBORO HOSPITAL,NJ,BURLINGTON,335,33,
ATLANTICARE REGIONAL MEDICAL CENTER - CITY CAMPUS,NJ,ATLANTIC,341,22,
INSPIRA MEDICAL CENTER MULLICA HILL,NJ,SALEM,384,46,
SAINT PETER'S UNIVERSITY HOSPITAL,NJ,MIDDLESEX,748,11,
JERSEY SHORE UNIVERSITY MEDICAL CENTER,NJ,MONMOUTH,911,25,
JERSEY CITY MEDICAL CENTER,NJ,HUDSON,338,23,
MONMOUTH MEDICAL CENTER,NJ,MONMOUTH,292,25,
COOPERMAN BARNABAS MEDICAL CENTER,NJ,ESSEX,Not Available,Not Available,1
CAREWELL HEALTH MEDICAL CENTER,NJ,ESSEX,242,36,
MONMOUTH MEDICAL CENTER-SOUTHERN CAMPUS,NJ,OCEAN,376,47,
JEFFERSON STRATFORD HOSPITAL,NJ,CAMDEN,243,41,
CAPITAL HEALTH REGIONAL MEDICAL CENTER,NJ,MERCER,247,30,
SAINT MICHAEL'S MEDICAL CENTER,NJ,ESSEX,235,27,
JFK UNIVERSITY MEDICAL CENTER,NJ,MIDDLESEX,452,14,
ROBERT WOOD JOHNSON UNIVERSITY HOSPITAL AT HAMILTON,NJ,MERCER,Not Available,Not Available,1
CENTRASTATE MEDICAL CENTER,NJ,MONMOUTH,335,23,
BAYSHORE MEDICAL CENTER,NJ,MONMOUTH,436,29,
SOUTHERN OCEAN MEDICAL CENTER,NJ,OCEAN,249,20,
AHS HOSPITAL CORP,NJ,WARREN,Not Available,Not Available,1
HUDSON REGIONAL HOSPITAL,NJ,HUDSON,328,15,
THE UNIVERSITY HOSPITAL,NJ,ESSEX,794,26,
HACKENSACK MERIDIAN HEALTH PASCACK VALLEY MEDICAL,NJ,BERGEN,Not Available,Not Available,1
CHILDREN'S SPECIALIZED HOSPITAL,NJ,MIDDLESEX,Not Available,Not Available,19
WEISMAN CHILDRENS REHABILITATION HOSPITAL,NJ,BURLINGTON,Not Available,Not Available,19
UNM HOSPITAL,NM,BERNALILLO,334,26,
CHRISTUS ST VINCENT REGIONAL MEDICAL CENTER,NM,SANTA FE,285,23,
CHRISTUS SOUTHERN NEW MEXICO,NM,OTERO,349,13,
SAN JUAN REGIONAL MEDICAL CENTER INC,NM,SAN JUAN,312,41,
EASTERN NEW MEXICO MEDICAL CENTER,NM,CHAVES,268,17,
LOVELACE MEDICAL CENTER,NM,BERNALILLO,334,31,
PRESBYTERIAN ESPANOLA HOSPITAL,NM,RIO ARRIBA,322,21,
LOVELACE WOMEN'S HOSPITAL,NM,BERNALILLO,178,16,
MEMORIAL MEDICAL CENTER,NM,DONA ANA,406,30,
PRESBYTERIAN HOSPITAL,NM,BERNALILLO,401,48,
PLAINS REGIONAL MEDICAL CENTER,NM,CURRY,388,15,
ARTESIA GENERAL HOSPITAL,NM,EDDY,118,11,
LOS ALAMOS MEDICAL CENTER,NM,LOS ALAMOS,448,16,
SANTA FE PHS INDIAN HOSPITAL,NM,SANTA FE,Not Available,Not Available,5
NORTHERN NAVAJO MEDICAL CENTER,NM,SAN JUAN,Not Available,Not Available,5
ZUNI COMPREHENSIVE COMMUNITY HEALTH CENTER,NM,MCKINLEY,Not Available,Not Available,5
GALLUP INDIAN MEDICAL CENTER,NM,MCKINLEY,Not Available,Not Available,5
CROWNPOINT HEALTHCARE FACILITY,NM,MCKINLEY,Not Available,Not Available,5
CARLSBAD MEDICAL CENTER,NM,EDDY,320,20,
COVENANT HEALTH HOBBS HOSPITAL,NM,LEA,309,25,
LOVELACE WESTSIDE HOSPITAL,NM,BERNALILLO,209,19,
ROOSEVELT GENERAL HOSPITAL,NM,ROOSEVELT,225,16,
MOUNTAIN VIEW REGIONAL MEDICAL CENTER,NM,DONA ANA,293,22,
LOVELACE REGIONAL HOSPITAL - ROSWELL,NM,CHAVES,173,13,
PRESBYTERIAN SANTA FE MEDICAL CENTER,NM,SANTA FE,254,21,
THREE CROSSES REGIONAL HOSPITAL LLC,NM,DONA ANA,141,11,
GUADALUPE COUNTY HOSPITAL,NM,GUADALUPE,Not Available,Not Available,19
SIERRA VISTA HOSPITAL,NM,SIERRA,178,19,
SOCORRO GENERAL HOSPITAL,NM,SOCORRO,251,22,
DR DAN C TRIGG MEMORIAL HOSPITAL,NM,QUAY,202,16,
UNION COUNTY GENERAL HOSPITAL,NM,UNION,Not Available,Not Available,1
NOR-LEA HOSPITAL DISTRICT,NM,LEA,Not Available,Not Available,5
LINCOLN COUNTY MEDICAL CENTER,NM,LINCOLN,269,29,
MINERS' COLFAX MEDICAL CENTER,NM,COLFAX,175,14,
CIBOLA GENERAL HOSPITAL,NM,CIBOLA,252,17,
MIMBRES VALLEY MEDICAL CENTER,NM,LUNA,188,25,
HOLY CROSS HOSPITAL A DIV OF TAOS HEALTH SYSTEMS,NM,TAOS,52,20,
GILA REGIONAL MEDICAL CENTER,NM,GRANT,335,19,
ALTA VISTA REGIONAL HOSPITAL,NM,SAN MIGUEL,Not Available,Not Available,5
REHOBOTH MCKINLEY CHRISTIAN HEALTH CARE SERVICES,NM,MCKINLEY,187,25,
KALEIDA HEALTH,NY,ERIE,Not Available,Not Available,1
ST JOSEPH'S MEDICAL CENTER,NY,WESTCHESTER,242,75,
BRONXCARE HOSPITAL CENTER,NY,BRONX,288,66,
"OUR LADY OF LOURDES MEMORIAL HOSPITAL, INC",NY,BROOME,Not Available,Not Available,1
ALBANY MEDICAL CENTER HOSPITAL,NY,ALBANY,445,43,
JAMAICA HOSPITAL MEDICAL CENTER,NY,QUEENS,292,42,
"NEW YORK COMMUNITY HOSPITAL OF BROOKLYN, INC.",NY,KINGS,182,19,
VASSAR BROTHERS MEDICAL CENTER,NY,DUTCHESS,Not Available,Not Available,1
MOUNT SINAI HOSPITAL,NY,NEW YORK,362,17,
NASSAU UNIVERSITY MEDICAL CENTER,NY,NASSAU,303,73,
RICHMOND UNIVERSITY MEDICAL CENTER,NY,RICHMOND,214,39,
NEWARK-WAYNE COMMUNITY HOSPITAL,NY,WAYNE,306,988,
CHENANGO MEMORIAL HOSPITAL,NY,CHENANGO,Not Available,Not Available,1
NS/LIJ HS SOUTHSIDE HOSPITAL,NY,SUFFOLK,422,28,
WYNN HOSPITAL,NY,ONEIDA,352,32,
NS/LIJ HS HUNTINGTON HOSPITAL,NY,SUFFOLK,298,22,
MOUNT SINAI WEST,NY,NEW YORK,303,39,
St Marys Healthcare,NY,MONTGOMERY,222,1454,
NORTHERN DUTCHESS HOSPITAL,NY,DUTCHESS,290,12,
NEW YORK-PRESBYTERIAN/QUEENS,NY,QUEENS,368,13,
BROOKLYN HOSPITAL CENTER - DOWNTOWN CAMPUS,NY,KINGS,248,23,
ST PETER'S HOSPITAL,NY,ALBANY,389,17,
GENEVA GENERAL HOSPITAL,NY,ONTARIO,210,14,
MONTEFIORE MEDICAL CENTER,NY,BRONX,746,16,
NIAGARA FALLS MEMORIAL MEDICAL CENTER,NY,NIAGARA,474,24,
UNITED MEMORIAL MEDICAL CENTER,NY,GENESEE,192,503,
F F THOMPSON HOSPITAL,NY,ONTARIO,322,15,
SISTERS OF CHARITY HOSPITAL,NY,ERIE,Not Available,Not Available,1
ADIRONDACK MEDICAL CENTER - SARANAC LAKE,NY,FRANKLIN,231,20,
LINCOLN MEDICAL & MENTAL HEALTH CENTER,NY,BRONX,336,50,
AURELIA OSBORN FOX MEMORIAL HOSPITAL,NY,OTSEGO,520,24,
MONTEFIORE MOUNT VERNON HOSPITAL,NY,WESTCHESTER,352,40,
ARNOT OGDEN MEDICAL CENTER,NY,CHEMUNG,331,45,
COLUMBIA MEMORIAL HOSPITAL,NY,COLUMBIA,863,38,
JONES MEMORIAL HOSPITAL,NY,ALLEGANY,278,12,
NY EYE AND EAR INFIRMARY OF MOUNT SINAI,NY,NEW YORK,Not Available,Not Available,5
NEW YORK-PRESBYTERIAN HOSPITAL,NY,NEW YORK,319,23,
KENMORE MERCY HOSPITAL,NY,ERIE,Not Available,Not Available,1
OLEAN GENERAL HOSPITAL,NY,CATTARAUGUS,203,58,
NYACK HOSPITAL,NY,ROCKLAND,272,37,
NORTH SHORE UNIVERSITY HOSPITAL,NY,NASSAU,Not Available,Not Available,1
PECONIC BAY MEDICAL CENTER,NY,SUFFOLK,485,18,
BERTRAND CHAFFEE HOSPITAL,NY,ERIE,Not Available,Not Available,1
ONEIDA HEALTH HOSPITAL,NY,MADISON,Not Available,Not Available,1
LENOX HILL HOSPITAL,NY,NEW YORK,Not Available,Not Available,1
ROCHESTER GENERAL HOSPITAL,NY,MONROE,355,4418,
GARNET HEALTH MEDICAL CENTER,NY,ORANGE,285,25,
JACOBI MEDICAL CENTER,NY,BRONX,Not Available,Not Available,1
ELMHURST HOSPITAL CENTER,NY,QUEENS,500,27,
BON SECOURS COMMUNITY HOSPITAL,NY,ORANGE,294,28,
BASSETT HEALTHCARE,NY,OTSEGO,1168,15,
ST JOSEPH'S HOSPITAL HEALTH CENTER,NY,ONONDAGA,212,54,
LONG ISLAND COMMUNITY HOSPITAL,NY,SUFFOLK,430,27,
ST JAMES HOSPITAL,NY,STEUBEN,396,20,
ELLIS HOSPITAL,NY,SCHENECTADY,287,37,
SAMARITAN MEDICAL CENTER,NY,JEFFERSON,405,35,
GOOD SAMARITAN HOSPITAL OF SUFFERN,NY,ROCKLAND,349,15,
STATEN ISLAND UNIVERSITY HOSPITAL,NY,RICHMOND,Not Available,Not Available,1
NORTHERN WESTCHESTER HOSPITAL,NY,WESTCHESTER,201,16,
HIGHLAND HOSPITAL,NY,MONROE,Not Available,Not Available,1
"WESTFIELD MEMORIAL HOSPITAL, INC",NY,CHAUTAUQUA,Not Available,Not Available,1
MOUNT SINAI BETH ISRAEL,NY,NEW YORK,262,23,
GUTHRIE CORTLAND REGIONAL MEDICAL CENTER,NY,CORTLAND,302,23,
"SAMARITAN HOSPITAL OF TROY, NEW YORK",NY,RENSSELAER,375,31,
NORTHWELL HOSPITAL GLEN COVE,NY,NASSAU,215,23,
ST FRANCIS HOSPITAL - THE HEART CENTER,NY,NASSAU,Not Available,Not Available,1
MONTEFIORE NEW ROCHELLE HOSPITAL,NY,WESTCHESTER,279,20,
JOHN T MATHER MEMORIAL HOSPITAL  OF PORT JEFFERSON,NY,SUFFOLK,274,25,
MOUNT ST. MARY'S HOSPITAL & HEALTH CENTER,NY,NIAGARA,Not Available,Not Available,1
GLENS FALLS HOSPITAL,NY,WARREN,396,41,
FLUSHING HOSPITAL MEDICAL CENTER,NY,QUEENS,239,27,
MAIMONIDES MEDICAL CENTER,NY,KINGS,372,17,
LONG ISLAND JEWISH MEDICAL CENTER,NY,NASSAU,280,16,
SOUTH BROOKLYN HEALTH,NY,KINGS,152,37,
CANTON-POTSDAM HOSPITAL,NY,ST. LAWRENCE,220,465,
MOUNT SINAI SOUTH NASSAU,NY,NASSAU,349,22,
METROPOLITAN HOSPITAL CENTER,NY,NEW YORK,189,29,
KINGS COUNTY HOSPITAL CENTER,NY,KINGS,634,14,
CROUSE HOSPITAL,NY,ONONDAGA,230,13,
BELLEVUE HOSPITAL CENTER,NY,NEW YORK,296,29,
ST ANTHONY COMMUNITY HOSPITAL,NY,ORANGE,Not Available,Not Available,1
ST JOHN'S RIVERSIDE HOSPITAL,NY,WESTCHESTER,Not Available,Not Available,1
NYU LANGONE HOSPITALS,NY,NEW YORK,292,22,
"ROME MEMORIAL HOSPITAL, INC",NY,ONEIDA,271,15,
OSWEGO HOSPITAL,NY,OSWEGO,263,31,
ERIE COUNTY MEDICAL CENTER,NY,ERIE,320,80,
WYCKOFF HEIGHTS MEDICAL CENTER,NY,KINGS,244,21,
SARATOGA HOSPITAL,NY,SARATOGA,579,117,
HEALTHALLIANCE HOSPITAL MARYS AVENUE CAMPUS,NY,ULSTER,450,32,
UNITY HOSPITAL,NY,MONROE,320,798,
"BROOKS-TLC HOSPITAL SYSTEM, INC",NY,CHAUTAUQUA,176,21,
QUEENS HOSPITAL CENTER,NY,QUEENS,450,45,
BROOKDALE HOSPITAL MEDICAL CENTER,NY,KINGS,257,29,
WESTCHESTER MEDICAL CENTER,NY,WESTCHESTER,346,75,
AUBURN  COMMUNITY  HOSPITAL,NY,CAYUGA,126,12,
NICHOLAS H NOYES MEMORIAL HOSPITAL,NY,LIVINGSTON,218,12,
UPMC CHAUTAUQUA AT WCA,NY,CHAUTAUQUA,184,64,
HARLEM HOSPITAL CENTER,NY,NEW YORK,301,25,
UNIVERSITY HOSPITAL S U N Y HEALTH SCIENCE CENTER,NY,ONONDAGA,269,18,
ST CHARLES HOSPITAL,NY,SUFFOLK,351,29,
THE UNIVERSITY OF VERMONT HEALTH NETWORK  - CHAMPL,NY,CLINTON,398,29,
MERCY MEDICAL CENTER,NY,NASSAU,396,20,
Keller ACH (West Point),NY,ORANGE,Not Available,Not Available,5
PHELPS HOSPITAL,NY,WESTCHESTER,192,23,
MONTEFIORE ST LUKE'S CORNWALL,NY,ORANGE,359,35,
CLIFTON SPRINGS HOSPITAL AND CLINIC,NY,ONTARIO,228,485,
HUDSON VALLEY HOSPITAL CENTER,NY,WESTCHESTER,201,11,
HOSPITAL FOR SPECIAL SURGERY,NY,NEW YORK,Not Available,Not Available,5
PUTNAM HOSPITAL CENTER,NY,PUTNAM,269,19,
NATHAN LITTAUER HOSPITAL,NY,FULTON,Not Available,Not Available,1
CORNING HOSPITAL,NY,STEUBEN,273,17,
MERCY HOSPITAL OF BUFFALO,NY,ERIE,Not Available,Not Available,1
STRONG MEMORIAL HOSPITAL,NY,MONROE,278,19,
GOOD SAMARITAN HOSPITAL MEDICAL CENTER,NY,SUFFOLK,396,16,
WHITE PLAINS HOSPITAL CENTER,NY,WESTCHESTER,330,25,
CAYUGA MEDICAL CENTER AT ITHACA,NY,TOMPKINS,382,28,
PLAINVIEW HOSPITAL,NY,NASSAU,Not Available,Not Available,1
CHSLI ST JOSEPH HOSPITAL,NY,NASSAU,343,13,
SUNY/DOWNSTATE UNIVERSITY HOSPITAL OF BROOKLYN,NY,KINGS,265,13,
GARNET HEALTH  MEDICAL CENTER CATSKILLS,NY,SULLIVAN,260,14,
SUNY/STONY BROOK UNIVERSITY HOSPITAL,NY,SUFFOLK,612,27,
"UNITED HEALTH SERVICES HOSPITALS, INC",NY,BROOME,394,48,
ST JOHN'S EPISCOPAL HOSPITAL AT SOUTH SHORE,NY,QUEENS,461,31,
WOODHULL MEDICAL & MENTAL HEALTH CENTER,NY,KINGS,417,29,
ST BARNABAS HOSPITAL,NY,BRONX,495,43,
ST CATHERINE OF SIENA HOSPITAL,NY,SUFFOLK,327,13,
HELEN HAYES HOSPITAL,NY,ROCKLAND,Not Available,Not Available,5
SUNNYVIEW HOSPITAL AND REHABILITATION CENTER,NY,SCHENECTADY,Not Available,Not Available,5
UNITY SPECIALTY HOSPITAL,NY,MONROE,Not Available,Not Available,5
CLIFTON-FINE HOSPITAL,NY,ST. LAWRENCE,Not Available,Not Available,19
IRA DAVENPORT MEMORIAL HOSPITAL,NY,STEUBEN,Not Available,Not Available,19
"WESTFIELD MEMORIAL HOSPITAL, INC",NY,CHAUTAUQUA,Not Available,Not Available,19
"CUBA MEMORIAL HOSPITAL, INC",NY,ALLEGANY,Not Available,Not Available,"3, 7"
ELIZABETHTOWN COMMUNITY HOSPITAL,NY,ESSEX,Not Available,Not Available,1
GARNET HEALTH MEDICAL CENTER CATSKILLS,NY,SULLIVAN,Not Available,Not Available,1
MARGARETVILLE MEMORIAL HOSPITAL,NY,DELAWARE,Not Available,Not Available,5
O'CONNOR HOSPITAL,NY,DELAWARE,Not Available,Not Available,1
RIVER HOSPITAL CLINICS,NY,JEFFERSON,Not Available,Not Available,5
ELLENVILLE REGIONAL HOSPITAL,NY,ULSTER,Not Available,Not Available,1
LITTLE FALLS HOSPITAL,NY,HERKIMER,Not Available,Not Available,1
"DELAWARE VALLEY HOSPITAL, INC",NY,DELAWARE,169,13,
SCHUYLER HOSPITAL,NY,SCHUYLER,Not Available,Not Available,1
SOLDIERS AND SAILORS MEMORIAL HOSPITAL OF YATES,NY,YATES,221,13,
GOUVERNEUR HOSPITAL,NY,ST. LAWRENCE,127,158,
"COMMUNITY MEMORIAL HOSPITAL, INC",NY,MADISON,222,138,
LEWIS COUNTY GENERAL HOSPITAL,NY,LEWIS,Not Available,Not Available,19
"CARTHAGE AREA HOSPITAL, INC",NY,JEFFERSON,Not Available,Not Available,19
MEDINA MEMORIAL HOSPITAL,NY,ORLEANS,Not Available,Not Available,1
COBLESKILL REGIONAL HOSPITAL,NY,SCHOHARIE,173,11,
THE UNIVERSITY OF VERMONT HEALTH NETWORK-ALICE HY,NY,FRANKLIN,301,85,
"SLHS MASSENA, INC",NY,ST. LAWRENCE,181,435,
WYOMING COUNTY,NY,WYOMING,181,24,
"CARTHAGE AREA HOSPITAL, INC",NY,ST. LAWRENCE,Not Available,Not Available,19
BLYTHEDALE CHILDREN'S HOSPITAL,NY,WESTCHESTER,Not Available,Not Available,19
CAROLINAS MEDICAL CENTER-NORTHEAST,NC,CABARRUS,Not Available,Not Available,1
MEMORIAL MISSION HOSPITAL AND ASHEVILLE SURGERY CE,NC,BUNCOMBE,307,19,
NORTHERN REGIONAL HOSPITAL,NC,SURRY,Not Available,Not Available,1
HIGH POINT REGIONAL HEALTH SYSTEM,NC,GUILFORD,240,18,
SCOTLAND MEMORIAL HOSPITAL,NC,SCOTLAND,Not Available,Not Available,1
UNC HEALTH CARE WAYNE,NC,WAYNE,625,17,
RUTHERFORD REGIONAL MEDICAL CENTER,NC,RUTHERFORD,288,21,
NOVANT HEALTH FORSYTH MEDICAL CENTER,NC,FORSYTH,284,13,
NOVANT HEALTH ROWAN MEDICAL CENTER,NC,ROWAN,918,26,
HARRIS REGIONAL HOSPITAL,NC,JACKSON,505,16,
PARDEE HOSPITAL HENDERSON COUNTY,NC,HENDERSON,183,17,
CENTRAL CAROLINA HOSPITAL,NC,LEE,352,25,
ATRIUM HEALTH CLEVELAND,NC,CLEVELAND,158,12,
ADVENTHEALTH HENDERSONVILLE,NC,HENDERSON,Not Available,Not Available,1
SAMPSON REGIONAL MEDICAL CENTER,NC,SAMPSON,155,17,
UNC LENOIR HEALTH CARE,NC,LENOIR,Not Available,Not Available,1
CAPE FEAR VALLEY MEDICAL CENTER,NC,CUMBERLAND,852,26,
DUKE UNIVERSITY HOSPITAL,NC,DURHAM,417,14,
CAROMONT REGIONAL MEDICAL CENTER,NC,GASTON,290,14,
IREDELL MEMORIAL HOSPITAL INC,NC,IREDELL,274,20,
ECU HEALTH MEDICAL CENTER,NC,PITT,848,15,
CALDWELL MEMORIAL HOSPITAL,NC,CALDWELL,297,15,
ONSLOW MEMORIAL HOSPITAL,NC,ONSLOW,488,91,
NORTH CAROLINA BAPTIST HOSPITAL,NC,FORSYTH,256,29,
NORTH CAROLINA SPECIALTY HOSPITAL,NC,DURHAM,Not Available,Not Available,5
SOUTHEASTERN REGIONAL MEDICAL CENTER,NC,ROBESON,306,19,
WATAUGA MEDICAL CENTER,NC,WATAUGA,211,13,
NOVANT HEALTH PRESBYTERIAN MEDICAL CENTER,NC,MECKLENBURG,621,30,
UNC ROCKINGHAM,NC,ROCKINGHAM,481,14,
UNC HOSPITALS,NC,ORANGE,301,20,
WILKES REGIONAL MEDICAL CENTER,NC,WILKES,115,16,
COLUMBUS REGIONAL HEALTHCARE SYSTEM,NC,COLUMBUS,303,19,
"WAKEMED, RALEIGH CAMPUS",NC,WAKE,586,17,
ALAMANCE REGIONAL MEDICAL CENTER,NC,ALAMANCE,370,16,
BETSY JOHNSON REGIONAL HOSPITAL,NC,HARNETT,285,44,
"BLUE RIDGE HEALTHCARE HOSPITALS, INC",NC,BURKE,311,15,
ATRIUM HEALTH ANSON,NC,ANSON,702,12,
NOVANT HEALTH THOMASVILLE MEDICAL CENTER,NC,DAVIDSON,972,21,
THE MCDOWELL HOSPITAL,NC,MC DOWELL,640,26,
JOHNSTON HEALTH,NC,JOHNSTON,Not Available,Not Available,1
"MOSES H. CONE MEMORIAL HOSPITAL, THE",NC,GUILFORD,Not Available,Not Available,1
LEXINGTON MEMORIAL HOSPITAL INC,NC,DAVIDSON,133,25,
HUGH CHATHAM MEMORIAL HOSPITAL,NC,SURRY,688,38,
ATRIUM HEALTH PINEVILLE,NC,MECKLENBURG,316,11,
VIDANT ROANOKE CHOWAN HOSPITAL,NC,HERTFORD,Not Available,Not Available,1
VIDANT EDGECOMBE HOSPITAL,NC,EDGECOMBE,280,12,
SENTARA ALBEMARLE MEDICAL CENTER,NC,PASQUOTANK,250,26,
CAROLINAS MEDICAL CENTER/BEHAV HEALTH,NC,MECKLENBURG,316,17,
REX HOSPITAL,NC,WAKE,297,19,
FIRSTHEALTH MOORE REGIONAL HOSPITAL,NC,MOORE,292,2820,
FRYE REGIONAL MEDICAL CENTER,NC,CATAWBA,215,19,
STANLY REGIONAL MEDICAL CENTER,NC,STANLY,125,13,
NMC Camp Lejeune,NC,ONSLOW,Not Available,Not Available,5
VIDANT DUPLIN HOSPITAL,NC,DUPLIN,238,15,
RANDOLPH HOSPITAL,NC,RANDOLPH,196,16,
WILSON MEDICAL CENTER,NC,WILSON,471,21,
GRANVILLE HEALTH SYSTEMS,NC,GRANVILLE,432,12,
DUKE HEALTH LAKE NORMAN HOSPITAL,NC,IREDELL,304,18,
ATRIUM HEALTH UNION,NC,UNION,157,14,
CAROLINA EAST MEDICAL CENTER,NC,CRAVEN,427,20,
MARIA PARHAM MEDICAL CENTER,NC,VANCE,690,15,
NOVANT HEALTH NEW HANOVER REGIONAL MEDICAL CENTER,NC,NEW HANOVER,351,44,
CARTERET GENERAL HOSPITAL,NC,CARTERET,1212,19,
CATAWBA VALLEY MEDICAL CENTER,NC,CATAWBA,303,15,
ATRIUM HEALTH LINCOLN,NC,LINCOLN,Not Available,Not Available,1
UNC HEALTH NASH,NC,NASH,440,15,
NOVANT HEALTH MEDICAL PARK HOSPITAL,NC,FORSYTH,Not Available,Not Available,5
Womack AMC (FT Bragg),NC,CUMBERLAND,Not Available,Not Available,5
ECU HEALTH NORTH HOSPITAL,NC,HALIFAX,378,20,
DUKE REGIONAL HOSPITAL,NC,DURHAM,358,34,
CHEROKEE INDIAN HOSPITAL AUTHORITY,NC,SWAIN,Not Available,Not Available,5
NOVANT HEALTH BRUNSWICK MEDICAL CENTER,NC,BRUNSWICK,533,24,
PERSON MEMORIAL HOSPITAL,NC,PERSON,282,20,
ATRIUM HEALTH UNIVERSITY CITY,NC,MECKLENBURG,194,15,
WILMINGTON TREATMENT CENTER,NC,NEW HANOVER,Not Available,Not Available,19
NOVANT HEALTH MATTHEWS MEDICAL CENTER,NC,MECKLENBURG,Not Available,Not Available,1
"WAKEMED, CARY HOSPITAL",NC,WAKE,609,11,
NOVANT HEALTH HUNTERSVILLE MEDICAL CENTER,NC,MECKLENBURG,Not Available,Not Available,1
HAYWOOD REGIONAL MEDICAL CENTER,NC,HAYWOOD,222,23,
CAPE FEAR VALLEY HOKE HOSPITAL,NC,HOKE,Not Available,Not Available,1
NOVANT HEALTH MINT HILL MEDICAL CENTER,NC,MECKLENBURG,378,14,
NOVANT HEALTH BALLANTYNE MEDICAL CENTER,NC,MECKLENBURG,313,13,
FIRSTHEALTH MONTGOMERY MEMORIAL HOSP,NC,MONTGOMERY,244,330,
ECU HEALTH BERTIE HOSPITAL,NC,BERTIE,504,12,
DLP SWAIN COUNTY HOSPITAL LLC,NC,SWAIN,Not Available,Not Available,1
PENDER MEMORIAL HOSPITAL,NC,PENDER,Not Available,Not Available,5
CHATHAM HOSPITAL INC,NC,CHATHAM,Not Available,Not Available,1
WASHINGTON COUNTY HOSP INC,NC,WASHINGTON,Not Available,Not Available,5
CAPE FEAR VALLEY-BLADEN COUNTY HOSPITAL,NC,BLADEN,752,14,
HIGHLANDS CASHIERS HOSPITAL,NC,MACON,Not Available,Not Available,1
LIFEBRITE COMMUNITY HOSPITAL OF STOKES,NC,STOKES,Not Available,Not Available,5
VIDANT CHOWAN HOSPITAL,NC,CHOWAN,Not Available,Not Available,1
"TRANSYLVANIA REGIONAL HOSPITAL, INC",NC,TRANSYLVANIA,260,15,
ALLEGHANY  MEMORIAL HOSPITAL,NC,ALLEGHANY,Not Available,Not Available,5
ADVENT HEALTH POLK,NC,POLK,Not Available,Not Available,1
CHARLES A CANNON JR MEMORIAL HOSPITAL,NC,AVERY,249,15,
"THE OUTER BANKS HOSPITAL, INC",NC,DARE,246,14,
ASHE MEMORIAL HOSPITAL,NC,ASHE,263,18,
ANGEL MEDICAL CENTER,NC,MACON,Not Available,Not Available,1
J ARTHUR DOSHER MEMORIAL HOSPITAL,NC,BRUNSWICK,Not Available,Not Available,1
ERLANGER MURPHY MEDICAL CENTER,NC,CHEROKEE,264,26,
BLUE RIDGE REGIONAL HOSPITAL,NC,MITCHELL,245,11,
CHI ST ALEXIUS HEALTH,ND,BURLEIGH,184,38,
TRINITY HOSPITALS,ND,WARD,429,27,
SANFORD MEDICAL CENTER FARGO,ND,CASS,344,42,
SANFORD MEDICAL CENTER BISMARCK,ND,BURLEIGH,272,15,
ALTRU HOSPITAL,ND,GRAND FORKS,190,25,
P H S INDIAN HOSP AT BELCOURT-QUENTIN N BURDICK,ND,ROLETTE,Not Available,Not Available,5
ESSENTIA HEALTH,ND,CASS,150,17,
TIOGA MEDICAL CENTER,ND,WILLIAMS,Not Available,Not Available,1
MOUNTRAIL COUNTY MEDICAL CENTER INC,ND,MOUNTRAIL,Not Available,Not Available,1
MCKENZIE COUNTY HEALTHCARE SYSTEMS INC,ND,MCKENZIE,358,12,
GARRISON MEMORIAL HOSPITAL,ND,MCLEAN,Not Available,Not Available,1
CHI ST ALEXIUS HEALTH TURTLE LAKE,ND,MCLEAN,144,16,
TRINITY KENMARE COMMUNITY HOSPITAL,ND,WARD,122,11,
COOPERSTOWN MEDICAL CENTER,ND,GRIGGS,Not Available,Not Available,1
ST ANDREW'S HOSPITAL,ND,BOTTINEAU,Not Available,Not Available,1
NELSON COUNTY HEALTH SYSTEM,ND,NELSON,121,15,
SANFORD MAYVILLE,ND,TRAILL,106,11,
SAKAKAWEA MEDICAL CENTER - CAH,ND,MERCER,158,15,
LISBON AREA HEALTH SERVICES,ND,RANSOM,253,11,
NORTHWOOD DEACONESS HEALTH CENTER,ND,GRAND FORKS,128,21,
SOUTHWEST HEALTHCARE SERVICES,ND,BOWMAN,180,17,
JACOBSON MEMORIAL HOSPITAL CARE CENTER,ND,GRANT,164,31,
CHI OAKES HOSPITAL,ND,DICKEY,214,19,
PRESENTATION MEDICAL CENTER,ND,ROLETTE,Not Available,Not Available,1
CARRINGTON HEALTH CENTER,ND,FOSTER,Not Available,Not Available,1
PEMBINA COUNTY MEMORIAL HOSPITAL,ND,PEMBINA,115,12,
UNITY MEDICAL CENTER,ND,WALSH,Not Available,Not Available,1
SOUTH CENTRAL HEALTH,ND,MCINTOSH,142,26,
ASHLEY MEDICAL CENTER,ND,MCINTOSH,120,14,
CAVALIER COUNTY MEMORIAL HOSPITAL ASSOCIATION,ND,CAVALIER,136,11,
CHI MERCY HEALTH,ND,BARNES,140,12,
ST LUKE'S HOSPITAL,ND,DIVIDE,140,15,
FIRST CARE HEALTH CENTER,ND,WALSH,208,19,
SMP HEALTH ST ALOISIUS,ND,WELLS,96,16,
LINTON HOSPITAL - CAH,ND,EMMONS,Not Available,Not Available,1
SANFORD HILLSBORO,ND,TRAILL,Not Available,Not Available,1
WEST RIVER REGIONAL MEDICAL CENTER,ND,ADAMS,Not Available,Not Available,1
TOWNER COUNTY MEDICAL CENTER,ND,TOWNER,73,11,
HEART OF AMERICA MEDICAL CENTER,ND,PIERCE,174,13,
CHI ST ALEXIUS HEALTH DEVILS LAKE,ND,RAMSEY,188,19,3
CHI ST ALEXIUS HEALTH WILLISTON,ND,WILLIAMS,161,17,
JAMESTOWN REGIONAL MEDICAL CENTER,ND,STUTSMAN,150,34,
CHI ST ALEXIUS HEALTH DICKINSON,ND,STARK,200,16,
STANDING ROCK SERVICE UNIT,ND,SIOUX,291,23,
MERCY HEALTH-ANDERSON HOSPITAL,OH,HAMILTON,Not Available,Not Available,1
UNIVERSITY HOSPITALS SAMARITAN MEDICAL CENTER,OH,ASHLAND,223,25,
"UNIVERSITY OF CINCINNATI MEDICAL CENTER, LLC",OH,HAMILTON,267,67,
RIVERSIDE METHODIST HOSPITAL,OH,FRANKLIN,340,37,
SOUTHERN OHIO MEDICAL CENTER,OH,SCIOTO,337,28,
LIMA MEMORIAL HEALTH SYSTEM,OH,ALLEN,386,11,
UNION HOSPITAL,OH,TUSCARAWAS,266,17,
MARION GENERAL HOSPITAL,OH,MARION,217,13,
MOUNT CARMEL ST ANN'S,OH,FRANKLIN,271,15,
WILSON MEMORIAL HOSPITAL,OH,SHELBY,251,11,
OHIOHEALTH O'BLENESS HOSPITAL,OH,ATHENS,375,31,
THE JEWISH HOSPITAL-MERCY HEALTH,OH,HAMILTON,193,13,
GRANT MEDICAL CENTER,OH,FRANKLIN,190,12,
SUMMA HEALTH SYSTEM,OH,SUMMIT,368,20,
FIRELANDS REGIONAL MEDICAL CENTER,OH,ERIE,253,21,
KETTERING HEALTH GREENE MEMORIAL,OH,GREENE,262,26,
AKRON GENERAL MEDICAL CENTER,OH,SUMMIT,422,13,
WOOD COUNTY HOSPITAL,OH,WOOD,292,19,
GRAND LAKE HEALTH SYSTEM,OH,AUGLAIZE,234,12,
MOUNT CARMEL EAST & WEST,OH,FRANKLIN,310,33,
WOOSTER COMMUNITY HOSPITAL,OH,WAYNE,450,12,
GENESIS HOSPITAL,OH,MUSKINGUM,186,68,
KNOX COMMUNITY HOSPITAL,OH,KNOX,248,30,
PARMA COMMUNITY GENERAL HOSPITAL,OH,CUYAHOGA,456,19,
MCCULLOUGH-HYDE MEMORIAL HOSPITAL,OH,BUTLER,232,21,
UNIVERSITY OF TOLEDO MEDICAL CENTER,OH,LUCAS,219,15,
MIAMI VALLEY HOSPITAL,OH,MONTGOMERY,181,13,
HOLZER MEDICAL CENTER,OH,GALLIA,347,23,
INSIGHT HOSPITAL AND MEDICAL CENTER TRUMBULL,OH,TRUMBULL,Not Available,Not Available,"1, 3"
MERCY HEALTH - FAIRFIELD HOSPITAL,OH,BUTLER,Not Available,Not Available,1
MERCER COUNTY JOINT TOWNSHIP COMMUNITY HOSPITAL,OH,MERCER,244,15,
METROHEALTH SYSTEM,OH,CUYAHOGA,208,20,
MH ST ELIZABETH YOUNGSTOWN HOSPITAL,OH,MAHONING,566,13,
FISHER-TITUS HOSPITAL,OH,HURON,Not Available,Not Available,1
MERCY HEALTH ST RITAS MEDICAL CENTER,OH,ALLEN,144,11,
PROMEDICA TOLEDO HOSPITAL,OH,LUCAS,Not Available,Not Available,1
88th Medical Group (Wright-Patterson AFB),OH,GREENE,Not Available,Not Available,5
MERCY MEDICAL CENTER,OH,STARK,335,29,
VAN WERT COUNTY HOSPITAL,OH,VAN WERT,265,16,
FAIRFIELD MEDICAL CENTER,OH,FAIRFIELD,168,14,
UH REGIONAL HOSPITALS,OH,GEAUGA,338,24,
ATRIUM MEDICAL CENTER,OH,WARREN,198,13,
FAIRVIEW HOSPITAL,OH,CUYAHOGA,327,22,
UNIVERSITY HOSPITALS PORTAGE MEDICAL CENTER,OH,PORTAGE,322,21,
KETTERING HEALTH MAIN CAMPUS,OH,MONTGOMERY,275,17,
EAST OHIO REGIONAL HOSPITAL,OH,BELMONT,Not Available,Not Available,"1, 3"
EUCLID HOSPITAL,OH,CUYAHOGA,192,19,
AULTMAN HOSPITAL,OH,STARK,444,20,
OHIO STATE UNIVERSITY STATE HEALTH SYSTEM,OH,FRANKLIN,546,27,
SPRINGFIELD REGIONAL MEDICAL CENTER,OH,CLARK,314,27,
LUTHERAN HOSPITAL,OH,CUYAHOGA,260,34,
MERCY HEALTH - TIFFIN HOSPITAL,OH,SENECA,130,16,
MEDINA HOSPITAL,OH,MEDINA,216,24,
MEMORIAL HOSPITAL,OH,UNION,Not Available,Not Available,1
BLANCHARD VALLEY HOSPITAL,OH,HANCOCK,194,20,
EAST LIVERPOOL CITY HOSPITAL,OH,COLUMBIANA,166,20,
LAKE HEALTH,OH,LAKE,387,60,
BELLEVUE HOSPITAL,OH,SANDUSKY,275,12,
COSHOCTON REGIONAL MEDICAL CENTER,OH,COSHOCTON,236,20,
MERCY ST VINCENT MEDICAL CENTER,OH,LUCAS,154,51,
OHIOHEALTH MANSFIELD HOSPITAL,OH,RICHLAND,308,13,
COMMUNITY HOSPITALS AND WELLNESS CENTERS,OH,WILLIAMS,218,32,
UH ST JOHN MEDICAL CENTER,OH,CUYAHOGA,300,16,
ASHTABULA COUNTY MEDICAL CENTER,OH,ASHTABULA,308,19,
ALLIANCE COMMUNITY HOSPITAL,OH,STARK,336,15,
FORT HAMILTON HUGHES MEMORIAL HOSPITAL,OH,BUTLER,305,19,
KETTERING HEALTH DAYTON,OH,MONTGOMERY,147,12,
GOOD SAMARITAN HOSPITAL,OH,HAMILTON,238,11,
UH CLEVELAND MEDICAL CENTER,OH,CUYAHOGA,500,32,
MARYMOUNT HOSPITAL,OH,CUYAHOGA,362,29,
SOUTH POINTE HOSPITAL,OH,CUYAHOGA,379,19,
UNIVERSITY HOSPITALS - ELYRIA MEDICAL CENTER,OH,LORAIN,310,14,
MARIETTA MEMORIAL HOSPITAL,OH,WASHINGTON,126,14,
POMERENE HOSPITAL,OH,HOLMES,331,24,
SUMMA WESTERN RESERVE HOSPITAL,OH,SUMMIT,198,409,
DOCTORS HOSPITAL,OH,FRANKLIN,460,18,
SOUTHWEST GENERAL HEALTH CENTER,OH,CUYAHOGA,204,22,
MEMORIAL HOSPITAL,OH,SANDUSKY,177,13,
ADENA REGIONAL MEDICAL CENTER,OH,ROSS,248,16,
MH ST JOSEPH WARREN HOSPITAL,OH,TRUMBULL,306,14,
CHRIST HOSPITAL,OH,HAMILTON,270,15,
BERGER HOSPITAL,OH,PICKAWAY,298,14,
MERCY REGIONAL MEDICAL CENTER,OH,LORAIN,453,14,
UPPER VALLEY MEDICAL CENTER,OH,MIAMI,172,13,
TRIHEALTH CLINTON REGIONAL HOSPITAL,OH,CLINTON,Not Available,Not Available,1
BETHESDA NORTH,OH,HAMILTON,275,11,
CLEVELAND CLINIC,OH,CUYAHOGA,250,12,
SALEM REGIONAL MEDICAL CENTER,OH,COLUMBIANA,178,20,
MADISON HEALTH,OH,MADISON,142,12,
MARY RUTAN HOSPITAL,OH,LOGAN,466,16,
SOUTHEASTERN OHIO REGIONAL MEDICAL CENTER,OH,GUERNSEY,288,19,
GRADY MEMORIAL HOSPITAL,OH,DELAWARE,376,18,
TRINITY MEDICAL CTR EAST &TRINITY MEDICAL CTR WEST,OH,JEFFERSON,Not Available,Not Available,1
LICKING MEMORIAL HOSPITAL,OH,LICKING,198,24,
HILLCREST HOSPITAL,OH,CUYAHOGA,Not Available,Not Available,1
MERCY HEALTH - WEST HOSPITAL,OH,HAMILTON,Not Available,Not Available,1
MERCY HEALTH - CLERMONT HOSPITAL,OH,CLERMONT,378,15,
KETTERING HEALTH MIAMISBURG,OH,MONTGOMERY,174,17,
GLENBEIGH HEALTH SOURCES,OH,ASHTABULA,Not Available,Not Available,5
BAY PARK COMMUNITY HOSPITAL,OH,LUCAS,Not Available,Not Available,1
INSTITUTE FOR ORTHOPAEDIC SURGERY,OH,ALLEN,Not Available,Not Available,5
MOUNT CARMEL NEW ALBANY SURGICAL HOSPITAL,OH,FRANKLIN,Not Available,Not Available,1
MERCY HEALTH - DEFIANCE HOSPITAL,OH,DEFIANCE,243,12,
HMHP ST ELIZABETH BOARDMAN HEALTH CENTER,OH,MAHONING,Not Available,Not Available,1
DUBLIN METHODIST HOSPITAL,OH,FRANKLIN,260,16,
CRYSTAL CLINIC ORTHOPAEDIC CENTER,OH,SUMMIT,Not Available,Not Available,5
SURGICAL HOSPITAL AT SOUTHWOODS,OH,MAHONING,Not Available,Not Available,5
WEST CHESTER HOSPITAL,OH,BUTLER,330,15,
OHIO VALLEY SURGICAL HOSPITAL,OH,CLARK,Not Available,Not Available,5
DILEY RIDGE MEDICAL CENTER,OH,FRANKLIN,Not Available,Not Available,1
UNIVERSITY HOSPITALS AHUJA MEDICAL CENTER,OH,CUYAHOGA,385,21,
SOIN MEDICAL CENTER,OH,GREENE,184,12,
KINGS DAUGHTERS MEDICAL CENTER OHIO,OH,SCIOTO,Not Available,Not Available,1
CLEVELAND CLINIC AVON HOSPITAL,OH,LORAIN,Not Available,Not Available,1
AVITA ONTARIO,OH,RICHLAND,Not Available,Not Available,1
LAKE HEALTH BEACHWOOD MEDICAL CENTER,OH,CUYAHOGA,Not Available,Not Available,5
KETTERING HEALTH TROY,OH,MIAMI,209,13,
MERCY HEALTH KINGS MILLS HOSPITAL LLC,OH,WARREN,261,11,
MOUNT CARMEL DUBLIN,OH,FRANKLIN,Not Available,Not Available,"1, 3"
PAULDING COUNTY HOSPITAL,OH,PAULDING,Not Available,Not Available,"3, 7"
TWIN CITY MEDICAL CENTER,OH,TUSCARAWAS,Not Available,Not Available,5
LODI COMMUNITY HOSPITAL,OH,MEDINA,228,13,
GREENFIELD AREA MEDICAL CENTER,OH,HIGHLAND,159,12,
MERCY ALLEN HOSPITAL,OH,LORAIN,148,15,
UHHS MEMORIAL HOSPITAL OF GENEVA,OH,ASHTABULA,225,17,
UNIVERSITY HOSPITALS CONNEAUT MEDICAL CENTER,OH,ASHTABULA,431,13,
"HENRY COUNTY HOSPITAL, INC",OH,HENRY,258,12,
MERCY HEALTH - WILLARD HOSPITAL,OH,HURON,136,17,
HARRISON COMMUNITY HOSPITAL,OH,HARRISON,Not Available,Not Available,1
MERCY HEALTH - URBANA HOSPITAL,OH,CHAMPAIGN,156,22,
OHIOHEALTH MORROW COUNTY HOSPITAL,OH,MORROW,Not Available,Not Available,5
MAGRUDER HOSPITAL,OH,OTTAWA,224,18,
HARDIN MEMORIAL HOSPITAL,OH,HARDIN,Not Available,Not Available,5
BUCYRUS COMMUNITY HOSPITAL,OH,CRAWFORD,165,11,
FOSTORIA COMMUNITY HOSPITAL,OH,SENECA,Not Available,Not Available,5
SELBY GENERAL HOSPITAL,OH,WASHINGTON,Not Available,Not Available,1
HOLZER MEDICAL CENTER JACKSON,OH,JACKSON,251,16,
"BARNESVILLE HOSPITAL ASSOCIATION, INC",OH,BELMONT,242,12,
BLUFFTON HOSPITAL,OH,ALLEN,Not Available,Not Available,1
AULTMAN ORRVILLE HOSPITAL,OH,WAYNE,298,11,3
OHIOHEALTH SHELBY HOSPITAL,OH,RICHLAND,Not Available,Not Available,5
GALION COMMUNITY HOSPITAL,OH,CRAWFORD,Not Available,Not Available,1
ADAMS COUNTY REGIONAL MEDICAL CENTER,OH,ADAMS,264,13,
COMMUNITY HOSPITALS AND WELLNESS CENTERS,OH,WILLIAMS,202,16,3
PROMEDICA DEFIANCE REGIONAL HOSPITAL,OH,DEFIANCE,Not Available,Not Available,5
WYANDOT MEMORIAL HOSPITAL,OH,WYANDOT,117,15,
HOCKING VALLEY COMMUNITY HOSPITAL,OH,HOCKING,Not Available,Not Available,5
ADENA FAYETTE MEDICAL CENTER,OH,FAYETTE,250,12,
HIGHLAND DISTRICT HOSPITAL,OH,HIGHLAND,Not Available,Not Available,1
FULTON COUNTY HEALTH CENTER,OH,FULTON,292,52,
ADENA PIKE MEDICAL CENTER,OH,PIKE,208,19,
WAYNE HOSPITAL,OH,DARKE,236,14,
CINCINNATI CHILDREN'S HOSPITAL MEDICAL CENTER,OH,HAMILTON,Not Available,Not Available,19
RAINBOW BABIES AND CHILDRENS HOSPITAL,OH,CUYAHOGA,Not Available,Not Available,19
AKRON CHILDREN'S HOSPITAL,OH,SUMMIT,Not Available,Not Available,19
CLEVELAND CLINIC CHILDREN'S HOSPITAL FOR REHAB,OH,CUYAHOGA,Not Available,Not Available,19
NATIONWIDE CHILDREN'S HOSPITAL,OH,FRANKLIN,Not Available,Not Available,19
DAYTON CHILDRENS HOSPITAL,OH,MONTGOMERY,Not Available,Not Available,19
SHRINERS HOSPITALS FOR CHILDREN,OH,MONTGOMERY,Not Available,Not Available,19
"NATIONWIDE CHILDREN'S HOSPITAL TOLEDO, LLC",OH,LUCAS,Not Available,Not Available,19
HILLCREST MEDICAL CENTER,OK,TULSA,269,29,
Integris Health Woodward Hospital,OK,WOODWARD,Not Available,Not Available,1
INTEGRIS MIAMI HOSPITAL,OK,OTTAWA,Not Available,Not Available,1
INTEGRIS HEALTH PONCA CITY,OK,KAY,130,11,
NORMAN REGIONAL,OK,CLEVELAND,270,13,
"MERCY HOSPITAL OKLAHOMA CITY, INC",OK,OKLAHOMA,Not Available,Not Available,1
ALLIANCEHEALTH DURANT,OK,BRYAN,172,12,
HILLCREST HOSPITAL PRYOR,OK,MAYES,184,16,
INTEGRIS HEALTH ENID HOSPITAL,OK,GARFIELD,172,16,
ASCENSION ST JOHN JANE PHILLIPS,OK,WASHINGTON,232,26,
GREAT PLAINS REGIONAL MEDICAL CENTER,OK,BECKHAM,158,17,
MERCY HOSPITAL ADA,OK,PONTOTOC,222,14,
JACKSON COUNTY MEMORIAL HOSPITAL AUTHORITY,OK,JACKSON,364,13,
"DUNCAN REGIONAL HOSPITAL, INC",OK,STEPHENS,237,21,
SAINT FRANCIS HOSPITAL MUSKOGEE,OK,MUSKOGEE,212,12,
ST MARY'S REGIONAL MEDICAL CENTER,OK,GARFIELD,262,17,
"INTEGRIS BAPTIST MEDICAL CENTER, INC",OK,OKLAHOMA,151,15,
MCALESTER REGIONAL HEALTH CENTER,OK,PITTSBURG,157,16,
SSM HEALTH ST ANTHONY HOSPITAL - OKLAHOMA CITY,OK,OKLAHOMA,165,27,
HILLCREST HOSPITAL CLAREMORE,OK,ROGERS,177,15,
"MERCY HOSPITAL ARDMORE, INC",OK,CARTER,298,15,
STILLWATER MEDICAL CENTER,OK,PAYNE,196,13,
GRADY MEMORIAL HOSPITAL,OK,GRADY,Not Available,Not Available,1
MEMORIAL HEALTH,OK,COMANCHE,Not Available,Not Available,1
MUSCOGEE (CREEK) NATION MEDICAL CENTER,OK,OKMULGEE,Not Available,Not Available,1
OKLAHOMA STATE UNIVERSITY MEDICAL CENTER,OK,TULSA,111,18,
PUSHMATAHA HOSPITAL,OK,PUSHMATAHA,146,16,
NORTHEASTERN HEALTH SYSTEM,OK,CHEROKEE,276,13,
"SAINT FRANCIS HOSPITAL, INC",OK,TULSA,274,14,
O U MEDICAL CENTER,OK,OKLAHOMA,232,18,
SSM HEALTH ST ANTHONY HOSPITAL - MIDWEST,OK,OKLAHOMA,124,14,
SOUTHWESTERN MEDICAL CENTER,OK,COMANCHE,197,20,
HILLCREST HOSPITAL CUSHING,OK,PAYNE,112,12,
CHOCTAW MEMORIAL HOSPITAL,OK,CHOCTAW,Not Available,Not Available,1
INTEGRIS SOUTHWEST MEDICAL CENTER,OK,OKLAHOMA,214,22,
SEQUOYAH COUNTY-CITY OF SALLISAW HOSPITAL AUTHORIT,OK,SEQUOYAH,155,11,
INTEGRIS GROVE HOSPITAL,OK,DELAWARE,195,12,
ASCENSION ST JOHN MEDICAL CENTER,OK,TULSA,273,18,
SSM HEALTH ST ANTHONY HOSPITAL - SHAWNEE,OK,POTTAWATOMIE,153,16,
PURCELL MUNICIPAL HOSPITAL,OK,MCCLAIN,Not Available,Not Available,1
WAGONER COMMUNITY HOSPITAL,OK,WAGONER,Not Available,Not Available,1
LAWTON INDIAN HOSPITAL,OK,COMANCHE,Not Available,Not Available,5
CHEROKEE NATION W W HASTINGS INDIAN HOSPITAL,OK,CHEROKEE,Not Available,Not Available,5
CHOCTAW NATION HEALTH SERVICES AUTHORITY,OK,LATIMER,Not Available,Not Available,5
CLAREMORE INDIAN HOSPITAL,OK,ROGERS,Not Available,Not Available,5
MEMORIAL HOSPITAL,OK,ADAIR,228,16,3
CHICKASAW NATION MEDICAL CENTER,OK,PONTOTOC,Not Available,Not Available,5
HILLCREST HOSPITAL HENRYETTA,OK,OKMULGEE,Not Available,Not Available,1
NORTHWEST SURGICAL HOSPITAL,OK,OKLAHOMA,Not Available,Not Available,5
"LAKESIDE WOMEN'S HOSPITAL, A MEMBER OF INTEGRIS HE",OK,OKLAHOMA,Not Available,Not Available,5
SURGICAL HOSPITAL OF OKLAHOMA,OK,OKLAHOMA,Not Available,Not Available,5
HILLCREST HOSPITAL SOUTH,OK,TULSA,Not Available,Not Available,1
"COMMUNITY HOSPITAL, LLC",OK,OKLAHOMA,Not Available,Not Available,1
OKLAHOMA SPINE HOSPITAL,OK,OKLAHOMA,Not Available,Not Available,"3, 7"
"OKLAHOMA SURGICAL HOSPITAL, LLC",OK,TULSA,Not Available,Not Available,1
INTEGRIS CANADIAN VALLEY HOSPITAL,OK,CANADIAN,150,13,
OKLAHOMA CENTER FOR ORTHOPAEDIC & MULTI-SP,OK,OKLAHOMA,Not Available,Not Available,"3, 7"
LINDSAY MUNICIPAL HOSPITAL,OK,GARVIN,Not Available,Not Available,5
"OKLAHOMA HEART HOSPITAL, LLC",OK,OKLAHOMA,Not Available,Not Available,1
TULSA SPINE & SPECIALTY HOSPITAL,OK,TULSA,Not Available,Not Available,1
"SAINT FRANCIS HOSPITAL SOUTH, LLC",OK,TULSA,Not Available,Not Available,1
ONECORE HEALTH,OK,OKLAHOMA,Not Available,Not Available,5
MCBRIDE ORTHOPEDIC HOSPITAL,OK,OKLAHOMA,Not Available,Not Available,7
"SUMMIT MEDICAL CENTER, LLC",OK,OKLAHOMA,Not Available,Not Available,7
ST JOHN OWASSO,OK,TULSA,209,18,
"BAILEY MEDICAL CENTER, LLC",OK,TULSA,Not Available,Not Available,1
"OKLAHOMA HEART HOSPITAL SOUTH, LLC",OK,OKLAHOMA,Not Available,Not Available,1
ASCENSION ST JOHN BROKEN ARROW,OK,TULSA,Not Available,Not Available,1
INTEGRIS HEALTH EDMOND HOSPITAL,OK,OKLAHOMA,251,11,
"SAINT FRANCIS HOSPITAL VINITA, INC",OK,CRAIG,Not Available,Not Available,1
INTEGRIS COMMUNITY HOSPITAL - COUNCIL CROSSING,OK,OKLAHOMA,Not Available,Not Available,1
VALLEY COMMUNITY HOSPITAL,OK,GARVIN,Not Available,Not Available,5
COUNCIL OAK COMPREHENSIVE HEALTHCARE,OK,TULSA,Not Available,Not Available,5
CLINTON REGIONAL HOSPITAL,OK,CUSTER,Not Available,Not Available,"1, 3"
CARRUS LAKESIDE HOSPITAL,OK,CREEK,122,71,3
EXCEPTIONAL COMMUNITY HOSPITAL ARDMORE,OK,CARTER,Not Available,Not Available,5
STILLWATER MEDICAL - PERRY,OK,NOBLE,Not Available,Not Available,19
STILLWATER MEDICAL-BLACKWELL,OK,KAY,Not Available,Not Available,19
HARPER COUNTY COMMUNITY HOSPITAL,OK,HARPER,Not Available,Not Available,19
ELKVIEW GENERAL HOSPITAL,OK,KIOWA,Not Available,Not Available,19
CLINTON REGIONAL HOSPITAL,OK,CUSTER,Not Available,Not Available,19
ATOKA COUNTY MEDICAL CENTER,OK,ATOKA,144,12,
PRAGUE REGIONAL MEMORIAL HOSPITAL,OK,LINCOLN,Not Available,Not Available,1
"MERCY HOSPITAL WATONGA, INC",OK,BLAINE,280,17,
ROGER MILLS MEMORIAL HOSPITAL,OK,ROGER MILLS,Not Available,Not Available,1
MERCY HOSPITAL TISHOMINGO INC,OK,JOHNSTON,Not Available,Not Available,1
ASCENSION ST JOHN NOWATA,OK,NOWATA,Not Available,Not Available,1
MERCY HOSPITAL MARIETTA,OK,LOVE,Not Available,Not Available,"3, 7"
CIMARRON MEMORIAL HOSPITAL,OK,CIMARRON,Not Available,Not Available,"1, 3"
"PAWHUSKA HOSPITAL, INC",OK,OSAGE,Not Available,Not Available,"1, 3"
"MERCY HOSPITAL HEALDTON, INC.",OK,CARTER,Not Available,Not Available,1
JEFFERSON COUNTY HOSPITAL,OK,JEFFERSON,158,12,
ASCENSION ST JOHN SAPULPA,OK,CREEK,Not Available,Not Available,1
"MERCY HOSPITAL KINGFISHER, INC",OK,KINGFISHER,82,21,
THE PHYSICIANS' HOSPITAL IN ANADARKO,OK,CADDO,126,14,3
RURAL WELLNESS STROUD HOSPITAL,OK,LINCOLN,Not Available,Not Available,1
MERCY HOSPITAL LOGAN COUNTY,OK,LOGAN,76,14,
RURAL WELLNESS FAIRFAX HOSPITAL,OK,OSAGE,228,12,
"COAL COUNTY GENERAL HOSPITAL, INC.",OK,COAL,Not Available,Not Available,"1, 3"
CLEVELAND AREA HOSPITAL,OK,PAWNEE,Not Available,Not Available,1
HOLDENVILLE GENERAL HOSPITAL,OK,HUGHES,Not Available,Not Available,1
BEAVER COUNTY MEMORIAL HOSPITAL,OK,BEAVER,323,11,
"WEATHERFORD REGIONAL HOSPITAL, INC OF WEATHERFORD",OK,CUSTER,Not Available,Not Available,"1, 3"
CORDELL MEMORIAL HOSPITAL,OK,WASHITA,Not Available,Not Available,1
ALLIANCEHEALTH MADILL,OK,MARSHALL,Not Available,Not Available,1
OKEENE MUNICIPAL HOSPITAL,OK,BLAINE,333,12,
ARBUCKLE MEMORIAL HOSPITAL AUTHORITY,OK,MURRAY,Not Available,Not Available,"1, 3"
FAIRVIEW REGIONAL MEDICAL CENTER AUTHORITY,OK,MAJOR,Not Available,Not Available,1
MANGUM REGIONAL MEDICAL CENTER,OK,GREER,Not Available,Not Available,1
DRUMRIGHT REGIONAL HOSPITAL,OK,CREEK,Not Available,Not Available,7
SEILING MUNICIPAL HOSPITAL,OK,DEWEY,Not Available,Not Available,1
CREEK NATION COMMUNITY HOSPITAL,OK,OKFUSKEE,Not Available,Not Available,1
CARNEGIE TRI-COUNTY MUNICIPAL HOSPITAL,OK,CADDO,Not Available,Not Available,"1, 3"
"HASKELL REGIONAL HOSPITAL, INC",OK,HASKELL,Not Available,Not Available,1
NEWMAN MEMORIAL HOSPITAL,OK,ELLIS,280,12,
EASTERN OKLAHOMA MEDICAL CENTER,OK,LE FLORE,206,26,
HARMON MEMORIAL HOSPITAL,OK,HARMON,Not Available,Not Available,"1, 3"
MEMORIAL HOSPITAL OF TEXAS COUNTY AUTHORITY,OK,TEXAS,190,13,3
SHARE MEDICAL CENTER,OK,WOODS,Not Available,Not Available,"1, 3"
MCCURTAIN MEMORIAL HOSPITAL,OK,MCCURTAIN,Not Available,Not Available,1
J D MCCARTY CENTER FOR CHILDREN,OK,CLEVELAND,Not Available,Not Available,19
"THE CHILDREN'S CENTER, INC",OK,OKLAHOMA,Not Available,Not Available,19
MID-COLUMBIA MEDICAL CENTER,OR,WASCO,162,17,
ASANTE THREE RIVERS MEDICAL CENTER,OR,JOSEPHINE,234,17,
PROVIDENCE ST VINCENT MEDICAL CENTER,OR,WASHINGTON,393,31,
ASANTE ASHLAND COMMUNITY HOSPITAL,OR,JACKSON,185,13,
LEGACY EMANUEL MEDICAL CENTER,OR,MULTNOMAH,267,25,
OHSU HOSPITAL AND CLINICS,OR,MULTNOMAH,242,25,
GOOD SAMARITAN REGIONAL MEDICAL CENTER,OR,BENTON,278,24,
LEGACY GOOD SAMARITAN MEDICAL CENTER,OR,MULTNOMAH,162,30,
ASANTE ROGUE REGIONAL MEDICAL CENTER,OR,JACKSON,272,15,
MCKENZIE-WILLAMETTE MEDICAL CENTER,OR,LANE,118,18,
HILLSBORO MEDICAL CENTER,OR,WASHINGTON,148,13,
SAMARITAN ALBANY GENERAL HOSPITAL,OR,LINN,198,19,
LEGACY MOUNT HOOD MEDICAL CENTER,OR,MULTNOMAH,202,23,
MERCY MEDICAL CENTER,OR,DOUGLAS,234,20,
LEGACY SILVERTON MEDICAL CENTER,OR,MARION,127,13,
PROVIDENCE NEWBERG MEDICAL CENTER,OR,YAMHILL,340,11,
PROVIDENCE WILLAMETTE FALLS MEDICAL CENTER,OR,CLACKAMAS,471,28,
ST CHARLES MEDICAL CENTER - BEND,OR,DESCHUTES,259,17,
SKY LAKES MEDICAL CENTER,OR,KLAMATH,332,24,
SALEM HOSPITAL,OR,MARION,285,88,
SAINT ALPHONSUS MEDICAL CENTER ONTARIO,OR,MALHEUR,208,15,
SANTIAM HOSPITAL & CLINICS,OR,MARION,Not Available,Not Available,1
ADVENTIST HEALTH PORTLAND,OR,MULTNOMAH,353,21,
PROVIDENCE PORTLAND MEDICAL CENTER,OR,MULTNOMAH,284,36,
WILLAMETTE VALLEY MEDICAL CENTER,OR,YAMHILL,274,15,
PROVIDENCE MEDFORD MEDICAL CENTER,OR,JACKSON,194,13,
PROVIDENCE MILWAUKIE HOSPITAL,OR,CLACKAMAS,324,17,
LEGACY MERIDIAN PARK MEDICAL CENTER,OR,WASHINGTON,197,14,
BAY AREA HOSPITAL,OR,COOS,182,18,
KAISER SUNNYSIDE MEDICAL CENTER,OR,CLACKAMAS,Not Available,Not Available,5
SACRED HEART MEDICAL CENTER - RIVERBEND,OR,LANE,419,21,
KAISER FOUNDATION HOSPITAL WESTSIDE,OR,WASHINGTON,Not Available,Not Available,5
PEACEHEALTH COTTAGE GROVE COMMUNITY MEDICAL CENTER,OR,LANE,Not Available,Not Available,1
SAMARITAN NORTH LINCOLN HOSPITAL,OR,LINCOLN,310,21,
PROVIDENCE SEASIDE HOSPITAL,OR,CLATSOP,165,34,
SOUTHERN COOS HOSPITAL & HEALTH CENTER,OR,COOS,126,61,
BLUE MOUNTAIN HOSPITAL,OR,GRANT,137,12,
WALLOWA MEMORIAL HOSPITAL,OR,WALLOWA,Not Available,Not Available,1
HARNEY DISTRICT HOSPITAL,OR,HARNEY,107,19,
SALEM HEALTH WEST VALLEY,OR,POLK,Not Available,Not Available,"1, 3"
LAKE DISTRICT HOSPITAL,OR,LAKE,Not Available,Not Available,1
PIONEER MEMORIAL HOSPITAL,OR,MORROW,Not Available,Not Available,1
LOWER UMPQUA HOSPITAL DISTRICT,OR,DOUGLAS,Not Available,Not Available,1
COQUILLE VALLEY HOSPITAL,OR,COOS,122,17,
ST CHARLES MEDICAL CENTER PRINEVILLE,OR,CROOK,Not Available,Not Available,1
SAMARITAN PACIFIC COMMUNITY HOSPITAL,OR,LINCOLN,309,19,
ST. ALPHONSUS MEDICAL CENTER - BAKER CITY,OR,BAKER,130,16,
PEACE HARBOR MEDICAL CENTER,OR,LANE,222,18,
ADVENTIST HEALTH TILLAMOOK,OR,TILLAMOOK,Not Available,Not Available,5
PROVIDENCE HOOD RIVER MEMORIAL HOSPITAL,OR,HOOD RIVER,Not Available,Not Available,1
ST ANTHONY HOSPITAL,OR,UMATILLA,278,15,
COLUMBIA MEMORIAL HOSPITAL,OR,CLATSOP,183,16,
GRANDE RONDE HOSPITAL,OR,UNION,99,12,
CURRY GENERAL HOSPITAL,OR,CURRY,206,15,
SAMARITAN LEBANON COMMUNITY HOSPITAL,OR,LINN,Not Available,Not Available,1
ST CHARLES MADRAS,OR,JEFFERSON,242,16,
GOOD SHEPHERD MEDICAL CENTER,OR,UMATILLA,183,17,
SHRINERS HOSPITAL FOR CHILDREN - PORTLAND,OR,MULTNOMAH,Not Available,Not Available,19
GEISINGER-COMMUNITY MEDICAL CENTER,PA,LACKAWANNA,156,72,
UPMC MCKEESPORT HOSPITAL,PA,ALLEGHENY,222,56,
GEISINGER-BLOOMSBURG HOSPITAL,PA,COLUMBIA,294,42,
PENN STATE HEALTH HOLY SPIRIT MEDICAL CENTER,PA,CUMBERLAND,410,60,
GEISINGER MEDICAL CENTER,PA,MONTOUR,380,44,
SAINT VINCENT HOSPITAL,PA,ERIE,167,12,
JEFFERSON LANSDALE HOSPITAL,PA,MONTGOMERY,585,20,
WELLSPAN EVANGELICAL COMMUNITY HOSPITAL,PA,UNION,Not Available,Not Available,1
UPMC JAMESON,PA,LAWRENCE,258,26,
KENSINGTON HOSPITAL,PA,PHILADELPHIA,Not Available,Not Available,5
TEMPLE HEALTH - CHESTNUT HILL HOSPITAL,PA,PHILADELPHIA,Not Available,Not Available,1
TEMPLE UNIVERSITY HOSPITAL,PA,PHILADELPHIA,314,11,
UPMC MERCY,PA,ALLEGHENY,244,68,
SCHUYLKILL MEDICAL CENTER - SOUTH JACKSON STREET,PA,SCHUYLKILL,959,20,
ALLEGHENY VALLEY HOSPITAL,PA,ALLEGHENY,443,28,
ST LUKE'S HOSPITAL - UPPER BUCKS CAMPUS,PA,BUCKS,252,19,
HERITAGE VALLEY BEAVER,PA,BEAVER,581,15,
HERITAGE VALLEY SEWICKLEY,PA,ALLEGHENY,Not Available,Not Available,1
UPMC SOMERSET,PA,SOMERSET,239,28,
UNIONTOWN HOSPITAL,PA,FAYETTE,Not Available,Not Available,1
"WASHINGTON HOSPITAL, THE",PA,WASHINGTON,278,25,
READING HOSPITAL,PA,BERKS,306,24,
UPMC WILLIAMSPORT,PA,LYCOMING,236,26,
WELLSPAN YORK HOSPITAL,PA,YORK,501,27,
GEISINGER-LEWISTOWN HOSPITAL,PA,MIFFLIN,250,16,
ST LUKES HOSPITAL,PA,NORTHAMPTON,276,68,
ALLEGHENY GENERAL HOSPITAL,PA,ALLEGHENY,283,19,
PENN HIGHLANDS HUNTINGDON,PA,HUNTINGDON,Not Available,Not Available,1
ST LUKE'S HOSPITAL - GRAND VIEW CAMPUS,PA,BUCKS,480,68,
UPMC CARLISLE,PA,CUMBERLAND,350,40,
CONEMAUGH NASON MEDICAL CENTER,PA,BLAIR,Not Available,Not Available,1
UPMC HAMOT,PA,ERIE,228,17,
GETTYSBURG HOSPITAL,PA,ADAMS,382,18,
WELLSPAN GOOD SAMARITAN HOSPITAL,PA,LEBANON,486,16,
UPMC PINNACLE HOSPITALS,PA,DAUPHIN,324,38,
UPMC LITITZ,PA,LANCASTER,133,17,
LOWER BUCKS HOSPITAL,PA,BUCKS,266,51,
UPMC ALTOONA,PA,BLAIR,213,28,
ROBERT PACKER HOSPITAL,PA,BRADFORD,462,20,
PENN HIGHLANDS DUBOIS,PA,CLEARFIELD,378,25,
WEST PENN HOSPITAL,PA,ALLEGHENY,Not Available,Not Available,1
UPMC NORTHWEST,PA,VENANGO,356,19,
INDEPENDENCE HEALTH SYSTEM CLARION HOSPITAL,PA,CLARION,370,19,
PENN STATE HEALTH ST. JOSEPH,PA,BERKS,218,12,
HOLY REDEEMER HOSPITAL AND MEDICAL CENTER,PA,MONTGOMERY,Not Available,Not Available,1
LANCASTER GENERAL HOSPITAL,PA,LANCASTER,308,19,
UPMC MEMORIAL,PA,YORK,300,24,
UPMC ST MARGARET,PA,ALLEGHENY,304,18,
UPMC PASSAVANT,PA,ALLEGHENY,498,20,
CONEMAUGH MEMORIAL MEDICAL CENTER,PA,CAMBRIA,237,47,
HOSPITAL OF UNIV OF PENNSYLVANIA,PA,PHILADELPHIA,325,46,
CHAN SOON- SHIONG MEDICAL CENTER AT WINDBER,PA,SOMERSET,178,12,
MEADVILLE MEDICAL CENTER,PA,CRAWFORD,216,11,
MAGEE WOMENS HOSPITAL OF UPMC HEALTH SYSTEM,PA,ALLEGHENY,Not Available,Not Available,1
JEFFERSON HEALTH- NORTHEAST,PA,PHILADELPHIA,Not Available,Not Available,1
SUBURBAN COMMUNITY HOSPITAL,PA,MONTGOMERY,313,29,3
UPMC BEDFORD MEMORIAL,PA,BEDFORD,290,24,
POTTSTOWN HOSPITAL,PA,MONTGOMERY,268,27,
WAYNE MEMORIAL HOSPITAL,PA,WAYNE,Not Available,Not Available,1
PHOENIXVILLE HOSPITAL,PA,CHESTER,399,20,
LEHIGH VALLEY HOSPITAL,PA,LEHIGH,311,63,
WILKES-BARRE GENERAL HOSPITAL,PA,LUZERNE,575,30,
WELLSPAN WAYNESBORO HOSPITAL,PA,FRANKLIN,152,12,
BRYN MAWR HOSPITAL,PA,MONTGOMERY,392,30,
JEFFERSON EINSTEIN PHILADELPHIA HOSPITAL,PA,PHILADELPHIA,134,51,
EXCELA HEALTH WESTMORELAND REGIONAL HOSPITAL,PA,WESTMORELAND,220,24,
WARREN GENERAL HOSPITAL,PA,WARREN,222,18,
PENN HIGHLANDS MON VALLEY,PA,WASHINGTON,308,38,
UPMC GREENE,PA,GREENE,415,18,
WELLSPAN CHAMBERSBURG HOSPITAL,PA,FRANKLIN,348,11,
PAOLI HOSPITAL,PA,CHESTER,498,20,
MERCY CATHOLIC MEDICAL CENTER- MERCY FITZGERALD,PA,DELAWARE,Not Available,Not Available,1
CANONSBURG GENERAL HOSPITAL,PA,WASHINGTON,Not Available,Not Available,1
ST LUKE'S HOSPITAL - EASTON CAMPUS,PA,NORTHAMPTON,366,20,
ACMH HOSPITAL,PA,ARMSTRONG,209,13,
UPMC PRESBYTERIAN SHADYSIDE,PA,ALLEGHENY,289,25,
INDEPENDENCE HEALTH SYSTEM BUTLER MEMORIAL HOSPITA,PA,BUTLER,167,15,
INDIANA REGIONAL MEDICAL CENTER,PA,INDIANA,303,29,
THOMAS JEFFERSON UNIVERSITY HOSPITAL,PA,PHILADELPHIA,268,18,
UPMC HORIZON,PA,MERCER,484,26,
CHESTER COUNTY HOSPITAL,PA,CHESTER,410,62,
CROZER CHESTER MEDICAL CENTER,PA,DELAWARE,Not Available,Not Available,"1, 3"
ST LUKE'S MINERS MEMORIAL HOSPITAL,PA,SCHUYLKILL,Not Available,Not Available,1
PENN HIGHLANDS CONNELLSVILLE,PA,FAYETTE,Not Available,Not Available,1
LEHIGH VALLEY HOSPITAL - HAZLETON,PA,LUZERNE,534,16,
MAIN LINE HOSPITAL LANKENAU,PA,MONTGOMERY,Not Available,Not Available,1
LECOM MEDICAL CENTER AND BEHAVIORAL HEALTH PAV,PA,ERIE,156,64,
PUNXSUTAWNEY AREA HOSPITAL,PA,JEFFERSON,Not Available,Not Available,1
LEHIGH VALLEY HOSPITAL - POCONO,PA,MONROE,741,25,
DOYLESTOWN HOSPITAL,PA,BUCKS,385,29,
NAZARETH HOSPITAL,PA,PHILADELPHIA,372,12,
SHARON REGIONAL MEDICAL CENTER,PA,MERCER,416,13,3
EXCELA HEALTH - FRICK HOSPITAL,PA,WESTMORELAND,Not Available,Not Available,1
EXCELA HEALTH LATROBE HOSPITAL,PA,WESTMORELAND,180,36,
RIDDLE MEMORIAL HOSPITAL,PA,DELAWARE,531,19,
PENN PRESBYTERIAN MEDICAL CENTER,PA,PHILADELPHIA,256,16,
WELLSPAN EPHRATA COMMUNITY HOSPITAL,PA,LANCASTER,287,28,
PENNSYLVANIA HOSPITAL,PA,PHILADELPHIA,215,16,
ST CLAIR HOSPITAL,PA,ALLEGHENY,269,21,
JEFFERSON ABINGTON HOSPITAL,PA,MONTGOMERY,472,14,
UPMC HANOVER,PA,YORK,828,28,
REGIONAL HOSPITAL OF SCRANTON,PA,LACKAWANNA,440,21,
MILTON S HERSHEY MEDICAL CENTER,PA,DAUPHIN,368,16,
ST MARY MEDICAL CENTER,PA,BUCKS,323,13,
JEFFERSON HOSPITAL,PA,ALLEGHENY,280,17,
GROVE CITY MEDICAL CENTER,PA,MERCER,Not Available,Not Available,1
FORBES HOSPITAL,PA,ALLEGHENY,213,27,
MOUNT NITTANY MEDICAL CENTER,PA,CENTRE,498,13,
GEISINGER WYOMING VALLEY MEDICAL CENTER,PA,LUZERNE,334,46,
VALLEY FORGE MEDICAL CENTER,PA,MONTGOMERY,Not Available,Not Available,5
EAGLEVILLE HOSPITAL,PA,MONTGOMERY,Not Available,Not Available,19
ROXBOROUGH MEMORIAL HOSPITAL,PA,PHILADELPHIA,377,20,
EDGEWOOD SURGICAL HOSPITAL,PA,MERCER,Not Available,Not Available,5
SURGICAL INSTITUTE OF READING,PA,BERKS,Not Available,Not Available,5
ROTHMAN ORTHOPAEDIC SPECIALTY HOSPITAL,PA,BUCKS,Not Available,Not Available,5
ADVANCED SURGICAL HOSPITAL,PA,WASHINGTON,Not Available,Not Available,7
PHYSICIANS CARE SURGICAL HOSPITAL,PA,MONTGOMERY,Not Available,Not Available,5
OSS ORTHOPAEDIC HOSPITAL,PA,YORK,Not Available,Not Available,5
WELLSPAN SURGERY AND REHABILITATION HOSPITAL,PA,YORK,Not Available,Not Available,5
UPMC EAST,PA,ALLEGHENY,356,18,
JEFFERSON EINSTEIN MONTGOMERY HOSPITAL,PA,MONTGOMERY,417,17,
ST LUKE'S HOSPITAL - MONROE CAMPUS,PA,MONROE,Not Available,Not Available,1
WILLS EYE HOSPITAL,PA,PHILADELPHIA,Not Available,Not Available,5
GEISINGER ST. LUKE'S  HOSPITAL,PA,SCHUYLKILL,Not Available,Not Available,1
"AHN EMERUS WESTMORELAND, LLC",PA,WESTMORELAND,Not Available,Not Available,1
AHN WEXFORD HOSPITAL,PA,ALLEGHENY,Not Available,Not Available,1
ST LUKE'S HOSPITAL - CARBON CAMPUS,PA,CARBON,394,20,
PENN STATE HEALTH HAMPDEN MEDICAL CENTER,PA,CUMBERLAND,542,18,
LEHIGH VALLEY HOSPITAL - DICKSON CITY,PA,LACKAWANNA,422,12,
PENN STATE HEALTH LANCASTER MEDICAL CENTER,PA,LANCASTER,416,17,
LEHIGH VALLEY HOSPITAL - MACUNGIE,PA,LEHIGH,Not Available,Not Available,"1, 3"
GEISINGER JERSEY SHORE HOSPITAL,PA,LYCOMING,233,15,
UPMC MUNCY,PA,LYCOMING,244,15,
CONEMAUGH MEYERSDALE MEDICAL CENTER,PA,SOMERSET,Not Available,Not Available,1
FULTON COUNTY MEDICAL CENTER,PA,FULTON,235,11,
BUCKTAIL MEDICAL CENTER,PA,CLINTON,Not Available,Not Available,"1, 3"
TROY COMMUNITY HOSPITAL,PA,BRADFORD,313,17,
ENDLESS MOUNTAINS HEALTH SYSTEMS,PA,SUSQUEHANNA,189,11,
PENN HIGHLANDS TYRONE,PA,BLAIR,133,14,
LECOM HEALTH CORRY MEMORIAL HOSPITAL,PA,ERIE,Not Available,Not Available,1
BARNES-KASSON COUNTY HOSPITAL,PA,SUSQUEHANNA,Not Available,Not Available,"1, 3"
PENN HIGHLANDS BROOKVILLE,PA,JEFFERSON,244,21,
UPMC COLE,PA,POTTER,Not Available,Not Available,1
TITUSVILLE AREA HOSPITAL,PA,CRAWFORD,Not Available,Not Available,1
PENN HIGHLANDS ELK,PA,ELK,420,19,
UPMC WELLSBORO,PA,TIOGA,504,24,
CONEMAUGH MINERS MEDICAL CENTER,PA,CAMBRIA,Not Available,Not Available,1
UPMC KANE,PA,MC KEAN,Not Available,Not Available,"1, 3"
UPMC CHILDREN'S HOSPITAL OF PITTSBURGH,PA,ALLEGHENY,Not Available,Not Available,19
CHILDREN'S HOSPITAL OF PHILADELPHIA,PA,PHILADELPHIA,Not Available,Not Available,19
CHILDREN'S HOME OF PITTSBURGH,PA,ALLEGHENY,Not Available,Not Available,19
ST CHRISTOPHER'S HOSPITAL FOR CHILDREN,PA,PHILADELPHIA,Not Available,Not Available,19
SHRINERS HOSPITALS FOR CHILDREN - PHILADELPHIA,PA,PHILADELPHIA,Not Available,Not Available,19
PRESBYTERIAN COMMUNITY HOSPITAL,PR,SAN JUAN,Not Available,Not Available,5
HOSPITAL METROPOLITANO DR PILA,PR,PONCE,Not Available,Not Available,5
"ASOCIACION HOSPITAL DEL MAESTRO, INC",PR,SAN JUAN,Not Available,Not Available,5
HOPE MEDICAL CENTER,PR,HUMACAO,Not Available,Not Available,5
DOCTORS' CENTER HOSPITAL SAN JUAN,PR,SAN JUAN,Not Available,Not Available,5
RYDER MEMORIAL HOSPITAL INC,PR,HUMACAO,Not Available,Not Available,5
HOSPITAL GENERAL DE CASTANER,PR,LARES,Not Available,Not Available,5
"HOSPITAL MENONITA HUMACAO, INC",PR,HUMACAO,Not Available,Not Available,5
HOSPITAL ONCOLOGICO DR ISAAC GONZALEZ MARTINEZ,PR,SAN JUAN,Not Available,Not Available,5
HOSPITAL MENONITA DE CAYEY,PR,CAYEY,Not Available,Not Available,5
BELLA VISTA HOSPITAL,PR,MAYAGUEZ,Not Available,Not Available,5
SAN JUAN MUNICIPALITY HOSPITAL,PR,SAN JUAN,Not Available,Not Available,5
AUXILIO MUTUO HOSPITAL,PR,SAN JUAN,Not Available,Not Available,5
HOSPITAL MENONITA DE AIBONITO,PR,AIBONITO,Not Available,Not Available,5
HOSPITAL PAVIA SANTURCE,PR,SAN JUAN,Not Available,Not Available,5
HOSPITAL DE LA CONCEPCION,PR,SAN GERMAN,Not Available,Not Available,5
HOSPITAL DAMAS INC,PR,PONCE,233,46,
BAYAMON MEDICAL CENTER,PR,BAYAMON,227,23,
HOSPITAL EPISCOPAL SAN LUCAS II,PR,PONCE,Not Available,Not Available,5
HOSPITAL MENONITA GUAYAMA,PR,GUAYANILLA,315,11,
HOSPITAL UNIVERSITARIO DE ADULTO,PR,SAN JUAN,Not Available,Not Available,5
HOSPITAL  COMUNITARIO BUEN SAMARITANO INC,PR,AGUADILLA,Not Available,Not Available,5
HOSPITAL PAVIA ARECIBO,PR,ARECIBO,Not Available,Not Available,5
HOSPITAL SAN FRANCISCO,PR,SAN JUAN,Not Available,Not Available,5
DOCTORS' CENTER BAYAMON,PR,BAYAMON,Not Available,Not Available,5
MAYAGUEZ MEDICAL CENTER DR RAMON EMETERIO BETANCES,PR,MAYAGUEZ,Not Available,Not Available,5
HOSPITAL MENONITA CAGUAS INC,PR,CAGUAS,Not Available,Not Available,5
HOSPITAL UNIVERSITARIO DR RUIZ ARNAU,PR,BAYAMON,Not Available,Not Available,5
METROPOLITAN HOSPITAL,PR,SAN JUAN,Not Available,Not Available,5
HOSPITAL ESPANOL AUXILIO MUTUO SAN PABLO,PR,BAYAMON,Not Available,Not Available,5
HOSPITAL PAVIA YAUCO,PR,YAUCO,Not Available,Not Available,5
HOSPITAL SAN CARLOS BORROMEO,PR,MOCA,Not Available,Not Available,5
"HOSPITAL UPR, DR  FEDERICO TRILLA",PR,CAROLINA,Not Available,Not Available,5
HOSPITAL MENONITA PONCE,PR,PONCE,Not Available,Not Available,5
MANATI MEDICAL CENTER DR OTERO LOPEZ,PR,MANATI,581,19,
CENTRO MEDICO WILMA N VAZQUEZ,PR,VEGA BAJA,Not Available,Not Available,5
HOSPITAL METROPOLITANO  DR SUSONI,PR,ARECIBO,Not Available,Not Available,5
"DOCTORS' CENTER HOSPITAL, INC",PR,MANATI,Not Available,Not Available,5
HOSPITAL PAVIA CAGUAS,PR,CAGUAS,Not Available,Not Available,5
PROFESSIONAL HOSPITAL GUAYNABO INC,PR,GUAYNABO,Not Available,Not Available,5
HOSPITAL PEREA,PR,MAYAGUEZ,Not Available,Not Available,5
CENTRO CARDIOVASCULAR DE PUERTO RICO Y EL CARIBE,PR,SAN JUAN,Not Available,Not Available,5
ASEM,PR,SAN JUAN,Not Available,Not Available,5
"HOSPITAL PAVIA HATO REY, INC",PR,SAN JUAN,Not Available,Not Available,5
HOSPITAL METROPOLITANO DE LA MONTANA,PR,UTUADO,Not Available,Not Available,5
CARIBBEAN MEDICAL CENTER,PR,FAJARDO,Not Available,Not Available,5
DOCTORS CENTER HOSPITAL  CAROLINA LLC,PR,SAN JUAN,Not Available,Not Available,"1, 3"
THE SAN JORGE HOSPITAL INC,PR,SAN JUAN,Not Available,Not Available,5
HOSPITAL  CENTRO COMPRENSIVO DEL CANCER,PR,SAN JUAN,Not Available,Not Available,5
DOCTORS CENTER HOSPITAL ORLANDO HEALTH DORADO,PR,DORADO,Not Available,Not Available,"3, 7"
PUERTO RICO WOMEN AND CHILDREN HOSPITAL LLC,PR,BAYAMON,Not Available,Not Available,1
HOSPITAL EPISCOPAL  SAN LUCAS METRO,PR,SAN JUAN,Not Available,Not Available,19
CENTRO MEDICO DEL NORESTE,PR,FAJARDO,Not Available,Not Available,19
UNIVERSITY PEDIATRIC HOSPITAL,PR,SAN JUAN,Not Available,Not Available,19
ROGER WILLIAMS MEDICAL CENTER,RI,PROVIDENCE,372,78,
OUR LADY OF FATIMA HOSPITAL,RI,PROVIDENCE,290,51,
NEWPORT HOSPITAL,RI,NEWPORT,140,39,
RHODE ISLAND HOSPITAL,RI,PROVIDENCE,311,36,
SOUTH COUNTY HOSPITAL INC,RI,WASHINGTON,446,39,
KENT COUNTY MEMORIAL HOSPITAL,RI,KENT,655,41,
WOMEN & INFANTS HOSPITAL OF RHODE ISLAND,RI,PROVIDENCE,401,14,
LANDMARK MEDICAL CENTER,RI,PROVIDENCE,490,27,
THE MIRIAM HOSPITAL,RI,PROVIDENCE,228,22,
WESTERLY HOSPITAL,RI,WASHINGTON,87,19,
PIEDMONT MEDICAL CENTER,SC,YORK,390,32,
MUSC MEDICAL CENTER,SC,CHARLESTON,261,21,
MCLEOD MEDICAL CENTER - DILLON,SC,DILLON,268,17,
SPARTANBURG MEDICAL CENTER,SC,SPARTANBURG,402,18,
PRISMA HEALTH OCONEE MEMORIAL HOSPITAL,SC,OCONEE,259,21,
CAROLINA PINES REGIONAL MEDICAL CENTER,SC,DARLINGTON,68,16,
CANNON MEMORIAL HOSPITAL,SC,PICKENS,125,12,
PRISMA HEALTH BAPTIST EASLEY HOSPITAL,SC,PICKENS,336,23,
PRISMA HEALTH RICHLAND HOSPITAL,SC,RICHLAND,348,34,
MUSC HEALTH CHESTER MEDICAL CENTER,SC,CHESTER,Not Available,Not Available,1
TIDELANDS GEORGETOWN MEMORIAL HOSPITAL,SC,GEORGETOWN,Not Available,Not Available,1
ST FRANCIS-DOWNTOWN,SC,GREENVILLE,235,29,
MUSC HEALTH COLUMBIA MEDICAL CENTER DOWNTOWN,SC,RICHLAND,Not Available,Not Available,1
ANMED HEALTH,SC,ANDERSON,519,15,
COLLETON MEDICAL CENTER,SC,COLLETON,200,20,
PRISMA HEALTH GREER MEMORIAL HOSPITAL,SC,SPARTANBURG,316,11,
MUSC HEALTH LANCASTER MEDICAL CENTER,SC,LANCASTER,332,11,
PRISMA HEALTH HILLCREST HOSPITAL,SC,GREENVILLE,321,12,
PRISMA HEALTH LAURENS COUNTY HOSPITAL,SC,LAURENS,250,18,
CHEROKEE MEDICAL CENTER,SC,CHEROKEE,279,27,
KERSHAWHEALTH,SC,KERSHAW,293,17,
CONWAY MEDICAL CENTER,SC,HORRY,247,19,
MCLEOD REGIONAL MEDICAL CENTER-PEE DEE,SC,FLORENCE,650,19,
NEWBERRY COUNTY MEMORIAL HOSPITAL,SC,NEWBERRY,186,12,
MUSC HEALTH MARION MEDICAL CENTER,SC,MARION,418,18,
BON SECOURS-ST FRANCIS XAVIER HOSPITAL,SC,CHARLESTON,215,12,
BEAUFORT COUNTY MEMORIAL HOSPITAL,SC,BEAUFORT,339,18,
PRISMA HEALTH TUOMEY HOSPITAL,SC,SUMTER,269,25,
SELF REGIONAL HEALTHCARE,SC,GREENWOOD,263,12,
HAMPTON REGIONAL MEDICAL CENTER,SC,HAMPTON,Not Available,Not Available,1
LEXINGTON MEDICAL CENTER,SC,LEXINGTON,171,28,
PRISMA HEALTH GREENVILLE MEMORIAL HOSPITAL,SC,GREENVILLE,158,33,
TRIDENT MEDICAL CENTER,SC,CHARLESTON,749,17,
NOVANT HEALTH HILTON HEAD MEDICAL CENTER,SC,BEAUFORT,273,21,
AIKEN REGIONAL MEDICAL CENTER,SC,AIKEN,325,13,
GRAND STRAND REGIONAL MEDICAL CENTER,SC,HORRY,244,15,
PRISMA HEALTH BAPTIST,SC,RICHLAND,195,45,
ROPER HOSPITAL,SC,CHARLESTON,Not Available,Not Available,1
NOVANT HEALTH EAST COOPER MEDICAL CENTER,SC,CHARLESTON,198,15,
MUSC HEALTH FLORENCE MEDICAL CENTER,SC,FLORENCE,222,23,
TIDELANDS WACCAMAW COMMUNITY HOSPITAL,SC,HORRY,351,13,
NH Beaufort,SC,BEAUFORT,Not Available,Not Available,5
COASTAL CAROLINA HOSPITAL,SC,JASPER,Not Available,Not Available,1
PRISMA HEALTH  PATEWOOD HOSPITAL,SC,GREENVILLE,Not Available,Not Available,5
PELHAM MEDICAL CENTER,SC,GREENVILLE,589,11,
MOUNT PLEASANT HOSPITAL,SC,CHARLESTON,205,13,
MCLEOD LORIS  HOSPITAL,SC,HORRY,Not Available,Not Available,1
PRISMA HEALTH BAPTIST PARKRIDGE,SC,LEXINGTON,244,11,
MCLEOD HEALTH CHERAW,SC,CHESTERFIELD,345,19,
UNION MEDICAL CENTER,SC,UNION,210,18,
MCLEOD HEALTH CLARENDON,SC,CLARENDON,276,12,
ROPER ST FRANCIS HOSPITAL-BERKELEY INC,SC,DORCHESTER,Not Available,Not Available,1
ALLENDALE COUNTY HOSPITAL,SC,ALLENDALE,Not Available,Not Available,5
ABBEVILLE AREA MEDICAL CENTER,SC,ABBEVILLE,Not Available,Not Available,1
EDGEFIELD COUNTY HEALTHCARE AN AFFILIATE OF SELF R,SC,LAURENS,Not Available,Not Available,1
SHRINERS HOSPITALS FOR CHILDREN,SC,GREENVILLE,Not Available,Not Available,19
"PRAIRIE LAKES HEALTHCARE SYSTEM, INC",SD,CODINGTON,108,12,
BROOKINGS HEALTH SYSTEM,SD,BROOKINGS,148,18,
AVERA SACRED HEART HOSPITAL,SD,YANKTON,134,315,
AVERA ST LUKES,SD,BROWN,124,21,
AVERA ST MARY'S HOSPITAL,SD,HUGHES,161,437,
AVERA MCKENNAN HOSPITAL & UNIVERSITY HEALTH CENTER,SD,MINNEHAHA,82,21,
SANFORD USD MEDICAL CENTER,SD,MINNEHAHA,232,17,
MONUMENT HEALTH SPEARFISH HOSPITAL,SD,LAWRENCE,179,14,
MONUMENT HEALTH RAPID CITY HOSPITAL,SD,PENNINGTON,192,29,
PHS INDIAN HOSPITAL AT ROSEBUD,SD,TODD,Not Available,Not Available,5
DUNES SURGICAL HOSPITAL,SD,UNION,Not Available,Not Available,5
SIOUX FALLS SPECIALTY HOSPITAL,SD,MINNEHAHA,Not Available,Not Available,5
BLACK HILLS SURGICAL HOSPITAL LLC,SD,PENNINGTON,Not Available,Not Available,5
SAME DAY SURGERY CENTER LLC,SD,PENNINGTON,Not Available,Not Available,5
AVERA HEART HOSPITAL OF SOUTH DAKOTA,SD,LINCOLN,Not Available,Not Available,1
SANFORD MEDICAL CENTER ABERDEEN,SD,BROWN,Not Available,Not Available,1
PINE RIDGE IHS HOSPITAL,SD,OGLALA LAKOTA COUNTY,Not Available,Not Available,5
LANDMANN JUNGMAN MEMORIAL HOSPITAL CORPORATION,SD,BON HOMME,Not Available,Not Available,19
MADISON REGIONAL HEALTH SYSTEM,SD,LAKE,Not Available,Not Available,1
FAULKTON AREA MEDICAL CENTER,SD,FAULK,Not Available,Not Available,1
AVERA MISSOURI RIVER HEALTH CENTER,SD,POTTER,149,15,
DOUGLAS COUNTY MEMORIAL HOSPITAL-CAH,SD,DOUGLAS,Not Available,Not Available,1
PLATTE HEALTH CENTER,SD,CHARLES MIX,155,11,
SANFORD CLEAR LAKE MEDICAL CENTER,SD,DEUEL,148,18,
EUREKA COMMUNITY HEALTH SERVICES - CAH,SD,MC PHERSON,108,17,
COMMUNITY MEMORIAL HOSPITAL,SD,GREGORY,312,15,
AVERA FLANDREAU HOSPITAL - CAH,SD,MOODY,166,138,
SANFORD HOSPITAL WEBSTER - CAH,SD,DAY,Not Available,Not Available,1
MARSHALL COUNTY HEALTHCARE CENTER - CAH,SD,MARSHALL,192,18,
FREEMAN MEDICAL CENTER - CAH,SD,HUTCHINSON,168,18,
BENNETT COUNTY HOSPITAL AND NURSING HOME - CAH,SD,BENNETT,168,11,
WAGNER COMMUNITY MEMORIAL HOSPITAL - CAH,SD,CHARLES MIX,225,165,
COMMUNITY MEMORIAL HOSPITAL,SD,SPINK,192,60,
BOWDLE HOSPITAL - CAH,SD,EDMUNDS,Not Available,Not Available,1
HANS P PETERSON MEMORIAL HOSPITAL - CAH,SD,HAAKON,135,11,
MONUMENT HEALTH LEAD-DEADWOOD HOSPITAL,SD,LAWRENCE,100,16,
MONUMENT HEALTH STURGIS HOSPITAL,SD,MEADE,169,15,3
FALL RIVER HOSPITAL - CAH,SD,FALL RIVER,122,13,
MONUMENT HEALTH CUSTER HOSPITAL,SD,CUSTER,87,11,
AVERA WESKOTA MEMORIAL MEDICAL CENTER - CAH,SD,JERAULD,Not Available,Not Available,1
MOBRIDGE REGIONAL HOSPITAL - CAH,SD,WALWORTH,188,16,
MILBANK AREA HOSPITAL/AVERA HEALTH,SD,GRANT,234,64,
ST MICHAEL'S HOSPITAL - CAH,SD,BON HOMME,129,40,
PIONEER MEMORIAL HOSPITAL - CAH,SD,TURNER,Not Available,Not Available,1
SANFORD CHAMBERLAIN MEDICAL CENTER,SD,BRULE,358,18,
AVERA ST BENEDICT HEALTH CENTER - CAH,SD,HUTCHINSON,132,47,
AVERA DELLS AREA HOSPITAL  - CAH,SD,MINNEHAHA,110,42,
AVERA DE SMET MEMORIAL HOSPITAL - CAH,SD,KINGSBURY,124,12,
SANFORD CANTON-INWOOD MEDICAL CENTER - CAH,SD,LINCOLN,Not Available,Not Available,"1, 3"
WINNER REGIONAL HEALTHCARE CENTER - CAH,SD,TRIPP,Not Available,Not Available,1
HURON REGIONAL MEDICAL CENTER,SD,BEADLE,152,14,
SANFORD VERMILLION MEDICAL CENTER,SD,CLAY,94,15,
AVERA HAND COUNTY MEMORIAL HOSPITAL AND CLINIC,SD,HAND,156,26,
AVERA GREGORY HOSPITAL,SD,GREGORY,184,52,
COTEAU DES PRAIRIES HEALTH CARE SYSTEM,SD,ROBERTS,61,30,
AVERA QUEEN OF PEACE,SD,DAVISON,111,318,
EAGLE BUTTE INDIAN HEALTH SERVICE HOSPITAL,SD,DEWEY,208,27,
LIFESCAPE,SD,MINNEHAHA,Not Available,Not Available,19
JACKSON-MADISON COUNTY GENERAL HOSPITAL,TN,MADISON,258,14,
HIGHPOINT HEALTH-SUMNER WITH ASCENSION SAINT THOMA,TN,SUMNER,720,11,
TRISTAR SKYLINE MEDICAL CENTER,TN,DAVIDSON,998,28,
UNITY MEDICAL CENTER,TN,COFFEE,299,15,
HENDERSON COUNTY COMMUNITY HOSPITAL,TN,HENDERSON,Not Available,Not Available,"3, 7"
CUMBERLAND MEDICAL CENTER,TN,CUMBERLAND,860,18,
BLOUNT MEMORIAL HOSPITAL,TN,BLOUNT,316,22,
WELLMONT BRISTOL REGIONAL MEDICAL CENTER,TN,SULLIVAN,414,14,
"UNIVERSITY HEALTH SYSTEM, INC",TN,KNOX,753,21,
BAPTIST MEMORIAL HOSPITAL - CARROLL COUNTY,TN,CARROLL,217,16,
WELLMONT HOLSTON VALLEY MEDICAL CENTER,TN,SULLIVAN,308,21,
SYCAMORE SHOALS HOSPITAL,TN,CARTER,Not Available,Not Available,1
SOUTHERN TENNESSEE REGIONAL HEALTH SYSTEM PULASKI,TN,GILES,233,29,
WILLIAMSON MEDICAL CENTER,TN,WILLIAMSON,285,24,
MORRISTOWN HAMBLEN HOSPITAL ASSOCIATION,TN,HAMBLEN,292,21,
ROANE MEDICAL CENTER,TN,ROANE,291,25,
HAWKINS COUNTY MEMORIAL HOSPITAL,TN,HAWKINS,Not Available,Not Available,1
LAFOLLETTE MEDICAL CENTER,TN,CAMPBELL,174,21,
METHODIST MEDICAL CENTER OF OAK RIDGE,TN,ANDERSON,390,28,
VANDERBILT CLARKSVILLE HOSPITAL,TN,MONTGOMERY,924,22,
VANDERBILT UNIVERSITY MEDICAL CENTER,TN,DAVIDSON,426,26,
TRISTAR HORIZON MEDICAL CENTER,TN,DICKSON,380,20,
BAPTIST MEMORIAL HOSPITAL,TN,SHELBY,222,15,
METHODIST HOSPITALS OF MEMPHIS,TN,SHELBY,351,42,
GREENEVILLE COMMUNITY HOSPITAL,TN,GREENE,457,14,
SAINT THOMAS RUTHERFORD HOSPITAL,TN,RUTHERFORD,258,25,
TENNOVA HEALTHCARE-JEFFERSON MEMORIAL HOSPITAL,TN,JEFFERSON,661,17,
CLAIBORNE MEDICAL CENTER,TN,CLAIBORNE,193,20,
SOUTHERN TENNESSEE REGIONAL HEALTH SYSTEM WINCHEST,TN,FRANKLIN,286,13,
COOKEVILLE REGIONAL MEDICAL CENTER,TN,PUTNAM,387,19,
WEST TENNESSEE HEALTHCARE MILAN HOSPITAL,TN,GIBSON,287,22,
VOLUNTEER COMMUNITY HOSPITAL,TN,WEAKLEY,210,19,
JOHNSON CITY MEDICAL CENTER,TN,WASHINGTON,251,18,
TRISTAR NORTHCREST MEDICAL CENTER,TN,ROBERTSON,324,24,
STARR REGIONAL MEDICAL CENTER ATHENS,TN,MC MINN,166,12,
DYERSBURG REGIONAL MEDICAL CENTER,TN,DYER,328,18,
MAURY REGIONAL HOSPITAL,TN,MAURY,358,22,
LECONTE MEDICAL CENTER,TN,SEVIER,447,28,
ASCENSION SAINT THOMAS HOSPITAL,TN,DAVIDSON,224,42,
SWEETWATER HOSPITAL ASSOCIATION,TN,MONROE,Not Available,Not Available,1
"MEMORIAL HEALTHCARE SYSTEM, INC",TN,HAMILTON,280,13,
LINCOLN MEDICAL CENTER,TN,LINCOLN,203,17,
ERLANGER MEDICAL CENTER,TN,HAMILTON,232,16,
HARDIN MEDICAL CENTER,TN,HARDIN,Not Available,Not Available,1
FORT LOUDOUN MEDICAL CENTER,TN,LOUDON,466,18,
METRO NASHVILLE GENERAL HOSPITAL,TN,DAVIDSON,241,36,
PHYSICIANS REGIONAL MEDICAL CENTER,TN,KNOX,476,18,
FORT SANDERS REGIONAL MEDICAL CENTER,TN,KNOX,502,38,
BAPTIST MEMORIAL HOSPITAL UNION CITY,TN,OBION,Not Available,Not Available,1
BAPTIST MEMORIAL HOSPITAL TIPTON,TN,TIPTON,262,15,
WEST TENNESSEE HEALTHCARE HENRY COUNTY HOSPITAL,TN,HENRY,428,20,
VANDERBILT BEDFORD HOSPITAL,TN,BEDFORD,242,11,
VANDERBILT TULLAHOMA-HARTON HOSPITAL,TN,COFFEE,183,12,
DEKALB COMMUNITY HOSPITAL,TN,DE KALB,246,18,
TRISTAR SUMMIT MEDICAL CENTER,TN,DAVIDSON,968,19,
SAINT THOMAS RIVER PARK HOSPITAL,TN,WARREN,228,13,
REGIONAL ONE HEALTH,TN,SHELBY,451,47,
TENNOVA HEALTHCARE - NEWPORT MEDICAL CENTER,TN,COCKE,482,12,
PARKRIDGE MEDICAL CENTER,TN,HAMILTON,651,21,
DELTA SPECIALTY HOSPITAL,TN,SHELBY,Not Available,Not Available,5
TRISTAR CENTENNIAL MEDICAL CENTER,TN,DAVIDSON,211,25,
PARKWEST MEDICAL CENTER,TN,KNOX,760,29,
SOUTHERN TENNESSEE REGIONAL HEALTH SYSTEM LAWRENCE,TN,LAWRENCE,211,15,
INDIAN PATH COMMUNITY HOSPITAL,TN,SULLIVAN,362,11,
ST FRANCIS HOSPITAL,TN,SHELBY,210,18,
FRANKLIN WOODS COMMUNITY HOSPITAL,TN,WASHINGTON,Not Available,Not Available,1
AFFILIATE OF VITRUVIAN HEALTH,TN,BRADLEY,302,15,
LIVINGSTON REGIONAL HOSPITAL,TN,OVERTON,396,12,
SAINT THOMAS HIGHLANDS HOSPITAL,TN,WHITE,394,12,
VANDERBILT WILSON COUNTY HOSPITAL,TN,WILSON,356,20,
TRISTAR HENDERSONVILLE MEDICAL CENTER,TN,SUMNER,398,24,
TRISTAR SOUTHERN HILLS MEDICAL CENTER,TN,DAVIDSON,353,23,
STONES RIVER HOSPITAL,TN,CANNON,144,14,
SAINT THOMAS HOSPITAL FOR SPINAL SURGERY,TN,DAVIDSON,Not Available,Not Available,5
TRISTAR STONECREST MEDICAL CENTER,TN,RUTHERFORD,394,13,
SAINT FRANCIS BARTLETT MEDICAL CENTER,TN,SHELBY,240,18,
TRUSTPOINT HOSPITAL,TN,RUTHERFORD,Not Available,Not Available,5
HAYWOOD COUNTY COMMUNITY HOSPITAL,TN,HAYWOOD,Not Available,Not Available,"3, 7"
TRISTAR ASHLAND CITY MEDICAL CENTER,TN,CHEATHAM,Not Available,Not Available,19
WAYNE MEDICAL CENTER,TN,WAYNE,Not Available,Not Available,19
SAINT THOMAS HICKMAN HOSPITAL,TN,HICKMAN,176,13,
HIGHPOINT HEALTH-TROUSDALE WITH ASCENSION SAINT,TN,TROUSDALE,Not Available,Not Available,1
ASCENSION SAINT THOMAS THREE RIVERS,TN,HUMPHREYS,288,16,
JOHNSON COUNTY COMMUNITY HOSPITAL,TN,JOHNSON,308,15,
MACON COMMUNITY HOSPITAL,TN,MACON,293,18,
ERLANGER BLEDSOE HOSPITAL,TN,BLEDSOE,Not Available,Not Available,1
HIGHPOINT HEALTH-RIVERVIEW WITH ASCENSION SAINT TH,TN,SMITH,139,15,
MARSHALL MEDICAL CENTER,TN,MARSHALL,181,24,
RHEA MEDICAL CENTER,TN,RHEA,438,17,
HANCOCK COUNTY HOSPITAL,TN,HANCOCK,Not Available,Not Available,1
LAUDERDALE COMMUNITY HOSPITAL,TN,LAUDERDALE,163,20,
WEST TENNESSEE HEALTHCARE CAMDEN HOSPITAL,TN,BENTON,215,15,
WEST TENNESSEE HEALTHCARE BOLIVAR HOSPITAL,TN,HARDEMAN,278,22,
HOUSTON COUNTY COMMUNITY HOSPITAL,TN,HOUSTON,Not Available,Not Available,"3, 7"
BIG SOUTH FORK MEDICAL CENTER,TN,SCOTT,300,23,
ST JUDE CHILDRENS RESEARCH HOSPITAL,TN,SHELBY,Not Available,Not Available,19
EAST TENNESSEE CHILDRENS HOSPITAL,TN,KNOX,Not Available,Not Available,19
THE HOSPITALS OF PROVIDENCE - MEMORIAL CAMPUS,TX,EL PASO,266,21,
PETERSON REGIONAL MEDICAL CENTER,TX,KERR,281,733,
UNITED REGIONAL HEALTH CARE SYSTEM,TX,WICHITA,Not Available,Not Available,1
CHI ST JOSEPH HEALTH REGIONAL HOSPITAL,TX,BRAZOS,296,14,
PARKLAND HEALTH & HOSPITAL SYSTEM,TX,DALLAS,454,19,
UNIVERSITY OF TEXAS MEDICAL BRANCH GALVESTON,TX,GALVESTON,223,12,
BAYLOR UNIVERSITY MEDICAL CENTER,TX,DALLAS,280,22,
CITIZENS MEDICAL CENTER,TX,VICTORIA,322,14,
UNIVERSITY MEDICAL CENTER OF EL PASO,TX,EL PASO,Not Available,Not Available,1
VALLEY BAPTIST MEDICAL CENTER- BROWNSVILLE,TX,CAMERON,Not Available,Not Available,1
LAREDO MEDICAL CENTER,TX,WEBB,199,14,
CHRISTUS GOOD SHEPHERD MEDICAL CENTER,TX,GREGG,278,18,
VHS HARLINGEN HOSPITAL COMPANY LLC,TX,CAMERON,Not Available,Not Available,1
CHRISTUS SOUTHEAST TEXAS- ST ELIZABETH,TX,JEFFERSON,1014,18,
ST JOSEPH MEDICAL CENTER,TX,HARRIS,328,38,
JPS HEALTH NETWORK,TX,TARRANT,202,66,
COVENANT MEDICAL CENTER,TX,LUBBOCK,Not Available,Not Available,1
ASCENSION PROVIDENCE,TX,MC LENNAN,511,17,
UT OF TEXAS  SOUTHWESTERN UNIVERSITY HOSPITAL - WILLIAM P. CLEMENTS JR.,TX,DALLAS,712,12,
CHRISTUS SPOHN HOSPITAL CORPUS CHRISTI,TX,NUECES,388,21,
METHODIST DALLAS MEDICAL CENTER,TX,DALLAS,277,11,
BAYLOR SCOTT & WHITE MEDICAL CENTER - TEMPLE,TX,BELL,438,17,
ROLLING PLAINS MEMORIAL HOSPITAL,TX,NOLAN,Not Available,Not Available,1
ASCENSION SETON MEDICAL CENTER AUSTIN,TX,TRAVIS,242,17,
BAPTIST MEDICAL CENTER,TX,BEXAR,257,87,
TEXAS HEALTH ARLINGTON MEMORIAL HOSPITAL,TX,TARRANT,Not Available,Not Available,1
MEMORIAL HERMANN - TEXAS MEDICAL CENTER,TX,HARRIS,608,26,
CHI ST LUKE'S HEALTH BRAZOSPORT,TX,BRAZORIA,221,14,
BAYLOR SCOTT & WHITE MEDICAL CENTER AT IRVING,TX,DALLAS,Not Available,Not Available,1
TITUS REGIONAL MEDICAL CENTER,TX,TITUS,Not Available,Not Available,1
CHRISTUS SPOHN HOSPITAL BEEVILLE,TX,BEE,189,11,
UT HEALTH EAST TEXAS TYLER REGIONAL HOSPITAL,TX,SMITH,Not Available,Not Available,1
MEDICAL CITY NORTH HILLS,TX,TARRANT,Not Available,Not Available,1
NORTH TEXAS MEDICAL CENTER,TX,COOKE,Not Available,Not Available,1
FORT DUNCAN MEDICAL CENTER,TX,MAVERICK,Not Available,Not Available,1
HCA HOUSTON HEALTHCARE SOUTHEAST,TX,HARRIS,506,24,
BAYLOR SCOTT & WHITE MEDICAL CENTER HILLCREST,TX,MC LENNAN,377,11,
CHRISTUS MOTHER FRANCES HOSPITAL,TX,SMITH,132,21,
GUADALUPE REGIONAL MEDICAL CENTER,TX,GUADALUPE,280,14,
LAS PALMAS MEDICAL CENTER A CAMPUS OF LPDS HEALTHC,TX,EL PASO,152,13,
CONNALLY MEMORIAL MEDICAL CENTER,TX,WILSON,Not Available,Not Available,1
SOUTH TEXAS HEALTH SYSTEM,TX,HIDALGO,110,14,
DELL SETON  MED CENTER AT THE UNIVERSITY OF TX,TX,TRAVIS,328,48,
KNAPP MEDICAL CENTER,TX,HIDALGO,164,17,
MEDICAL CENTER HOSPITAL,TX,ECTOR,229,49,
MIDLAND MEMORIAL HOSPITAL,TX,MIDLAND,263,15,
TEXAS HEALTH HARRIS METHODIST FORT WORTH,TX,TARRANT,194,17,
BAYLOR SCOTT AND WHITE ALL SAINTS MEDICAL CENTER,TX,TARRANT,208,14,
PERMIAN REGIONAL MEDICAL CENTER ANDREWS COUNTY HO,TX,ANDREWS,Not Available,Not Available,1
DE TAR HOSPITAL NAVARRO,TX,VICTORIA,Not Available,Not Available,1
TEXAS HEALTH HARRIS METHODIST HOSPITAL CLEBURNE,TX,JOHNSON,177,11,
ADVENTHEALTH CENTRAL TEXAS,TX,BELL,386,38,
VAL VERDE REGIONAL MEDICAL CENTER,TX,VAL VERDE,232,50,
HEREFORD REGIONAL MEDICAL CENTER,TX,DEAF SMITH,Not Available,Not Available,1
GRACE SURGICAL HOSPITAL,TX,LUBBOCK,Not Available,Not Available,5
CHRISTUS SPOHN HOSPITAL KLEBERG,TX,KLEBERG,288,18,
METHODIST HOSPITAL ATASCOSA,TX,ATASCOSA,166,11,
MISSION REGIONAL MEDICAL CENTER,TX,HIDALGO,171,12,
MEMORIAL HERMANN HOSPITAL SYSTEM,TX,HARRIS,438,15,
Baylor St Lukes Medical Center,TX,HARRIS,Not Available,Not Available,1
UT HEALTH EAST TEXAS JACKSONVILLE HOSPITAL,TX,CHEROKEE,170,14,
PARIS REGIONAL MEDICAL CENTER,TX,LAMAR,Not Available,Not Available,1
WADLEY REGIONAL MEDICAL CENTER,TX,BOWIE,Not Available,Not Available,5
MEDICAL CITY WEATHERFORD,TX,PARKER,Not Available,Not Available,1
NORTHWEST TEXAS HOSPITAL,TX,POTTER,Not Available,Not Available,1
UT HEALTH EAST TEXAS CARTHAGE HOSPITAL,TX,PANOLA,272,16,
CHI ST LUKES HEALTH MEMORIAL LUFKIN,TX,ANGELINA,235,12,
UNIVERSITY HEALTH SYSTEM,TX,BEXAR,447,25,
HCA HOUSTON HEALTHCARE CONROE,TX,MONTGOMERY,368,19,
HENDRICK MEDICAL CENTER,TX,TAYLOR,Not Available,Not Available,1
BSA HOSPITAL,TX,POTTER,Not Available,Not Available,1
MEMORIAL HOSPITAL,TX,GONZALES,93,12,
CHRISTUS MOTHER FRANCES HOSPITAL SULPHUR SPRINGS,TX,HOPKINS,333,21,
CHRISTUS SANTA ROSA MEDICAL CENTER,TX,BEXAR,257,13,
FAITH COMMUNITY HOSPITAL,TX,JACK,193,14,
BELLVILLE MEDICAL CENTER,TX,AUSTIN,170,21,
CHRISTUS SANTA ROSA HOSPITAL-SAN MARCOS,TX,HAYS,202,20,
HARRIS HEALTH,TX,HARRIS,596,31,
TEXAS HEALTH PRESBYTERIAN HOSPITAL KAUFMAN,TX,KAUFMAN,258,20,
TEXOMA MEDICAL CENTER,TX,GRAYSON,186,19,
OAKBEND MEDICAL CENTER,TX,FORT BEND,Not Available,Not Available,1
BAPTIST BEAUMONT HOSPITAL,TX,JEFFERSON,344,49,
HUNTSVILLE MEMORIAL HOSPITAL,TX,WALKER,269,17,
TEXAS HEALTH HARRIS METHODIST HOSPITAL STEPHENVILL,TX,ERATH,326,14,
HUNT REGIONAL MEDICAL CENTER,TX,HUNT,249,11,
HOUSTON METHODIST HOSPITAL,TX,HARRIS,221,16,
CHILDRESS REGIONAL MEDICAL CENTER,TX,CHILDRESS,Not Available,Not Available,1
COLUMBUS COMMUNITY HOSPITAL,TX,COLORADO,Not Available,Not Available,1
BAYLOR SCOTT & WHITE MEDICAL CENTER- WAXAHACHIE,TX,ELLIS,Not Available,Not Available,1
DALLAS MEDICAL CENTER,TX,DALLAS,190,19,
METHODIST HOSPITAL,TX,BEXAR,484,12,
UT HEALTH EAST TEXAS ATHENS HOSPITAL,TX,HENDERSON,Not Available,Not Available,1
CHI ST LUKES HEALTH MEMORIAL LIVINGSTON,TX,POLK,Not Available,Not Available,1
BROWNFIELD REGIONAL MEDICAL CENTER,TX,TERRY,114,11,
PARKVIEW REGIONAL HOSPITAL,TX,LIMESTONE,Not Available,Not Available,1
MEDICAL CENTER OF MCKINNEY,TX,COLLIN,278,28,
TEXAS HEALTH HARRIS METHODIST HOSPITAL AZLE,TX,TARRANT,188,14,
BAYLOR SCOTT AND WHITE MEDICAL CENTER UPTOWN,TX,DALLAS,Not Available,Not Available,1
HOUSTON METHODIST BAYTOWN HOSPITAL,TX,HARRIS,399,17,
ST DAVID'S MEDICAL CENTER,TX,TRAVIS,263,17,
NAVARRO REGIONAL HOSPITAL,TX,NAVARRO,Not Available,Not Available,1
GLEN ROSE MEDICAL CENTER,TX,SOMERVELL,Not Available,Not Available,1
TYLER COUNTY HOSPITAL,TX,TYLER,Not Available,Not Available,1
TEXAS HEALTH PRESBYTERIAN HOSPITAL DALLAS,TX,DALLAS,152,23,
MATAGORDA REGIONAL MEDICAL CENTER,TX,MATAGORDA,Not Available,Not Available,1
WILSON N JONES REGIONAL MEDICAL CENTER,TX,GRAYSON,258,21,
UT HEALTH EAST TEXAS HENDERSON HOSPITAL,TX,RUSK,422,24,
WOODLAND HEIGHTS MEDICAL CENTER,TX,ANGELINA,Not Available,Not Available,1
MEDICAL ARTS HOSPITAL,TX,DAWSON,Not Available,Not Available,1
NACOGDOCHES MEMORIAL HOSPITAL,TX,NACOGDOCHES,204,15,
THE MEDICAL CENTER OF SOUTHEAST TEXAS,TX,JEFFERSON,294,18,
METHODIST RICHARDSON MEDICAL CENTER,TX,COLLIN,345,28,
COVENANT HOSPITAL PLAINVIEW,TX,HALE,Not Available,Not Available,1
BAYLOR SCOTT & WHITE MEDICAL CENTER  GRAPEVINE,TX,TARRANT,229,11,
PALO PINTO GENERAL HOSPITAL,TX,PALO PINTO,Not Available,Not Available,1
SHANNON MEDICAL CENTER,TX,TOM GREEN,206,28,
CHRISTUS JASPER MEMORIAL HOSPITAL,TX,JASPER,Not Available,Not Available,1
WILBARGER GENERAL HOSPITAL,TX,WILBARGER,201,17,
HENDRICK MEDICAL CENTER BROWNWOOD,TX,BROWN,277,15,
LAKE GRANBURY MEDICAL CENTER,TX,HOOD,180,12,
CUERO REGIONAL HOSPITAL,TX,DE WITT,196,11,
HILL COUNTRY MEMORIAL HOSPITAL,TX,GILLESPIE,294,12,
MEMORIAL HERMANN MEMORIAL CITY HOSPITAL,TX,HARRIS,407,13,
HCA HOUSTON HEALTHCARE CLEAR LAKE,TX,HARRIS,345,11,
MEDICAL CITY DENTON,TX,DENTON,Not Available,Not Available,1
HCA HOUSTON HEALTHCARE NORTHWEST,TX,HARRIS,825,26,
TEXAS HEALTH HARRIS METHODIST HURST-EULESS-BEDFORD,TX,TARRANT,327,12,
NOCONA GENERAL HOSPITAL,TX,MONTAGUE,156,14,
DOCTORS HOSPITAL OF LAREDO,TX,WEBB,Not Available,Not Available,1
HCA HOUSTON HEALTHCARE WEST,TX,HARRIS,3008,14,
MEDICAL CITY DALLAS HOSPITAL,TX,DALLAS,361,13,
MEDICAL CITY PLANO,TX,COLLIN,207,23,
SCENIC MOUNTAIN MEDICAL CENTER,TX,HOWARD,Not Available,Not Available,1
STARR COUNTY MEMORIAL HOSPITAL,TX,STARR,332,16,
NACOGDOCHES MEDICAL CENTER,TX,NACOGDOCHES,Not Available,Not Available,1
FREESTONE MEDICAL CENTER,TX,FREESTONE,Not Available,Not Available,1
HCA HOUSTON HEALTHCARE MEDICAL CENTER,TX,HARRIS,Not Available,Not Available,1
ODESSA REGIONAL MEDICAL CENTER,TX,ECTOR,Not Available,Not Available,1
VALLEY REGIONAL MEDICAL CENTER,TX,CAMERON,172,20,
SIERRA MEDICAL CENTER,TX,EL PASO,304,18,
MEDICAL CITY LEWISVILLE,TX,DENTON,Not Available,Not Available,1
HCA HOUSTON HEALTHCARE TOMBALL,TX,HARRIS,451,19,
MEDICAL CITY FORT WORTH,TX,TARRANT,Not Available,Not Available,1
"WOMANS HOSPITAL OF TEXAS,THE",TX,HARRIS,Not Available,Not Available,1
MEDICAL CITY ARLINGTON,TX,TARRANT,Not Available,Not Available,1
TEXAS HEALTH HUGULEY HOSPITAL FORT WORTH SOUTH,TX,TARRANT,264,18,
WHITE ROCK MEDICAL CENTER,TX,DALLAS,Not Available,Not Available,1
MEMORIAL HERMANN NORTHEAST HOSPITAL,TX,HARRIS,334,12,
UNIVERSITY MEDICAL CENTER,TX,LUBBOCK,264,21,
DALLAS REGIONAL MEDICAL CENTER,TX,DALLAS,154,15,
William Beaumont AMG (FT Bliss),TX,EL PASO,Not Available,Not Available,5
UNIVERSITY OF TEXAS HEALTH SCIENCE CENTER AT TYLER,TX,SMITH,309,45,
EL CAMPO MEMORIAL HOSPITAL,TX,WHARTON,184,29,
LAMB HEALTHCARE CENTER,TX,LAMB,Not Available,Not Available,1
Brooke Army Medical Center (FT Sam Houston),TX,BEXAR,Not Available,Not Available,5
LONGVIEW REGIONAL MEDICAL CENTER,TX,GREGG,Not Available,Not Available,1
HOUSTON METHODIST CLEAR LAKE HOSPITAL,TX,HARRIS,Not Available,Not Available,1
Darnall AMC (FT Cavazos),TX,BELL,Not Available,Not Available,5
RIO GRANDE REGIONAL HOSPITAL,TX,HIDALGO,Not Available,Not Available,1
ST DAVID'S SOUTH AUSTIN MEDICAL CENTER,TX,TRAVIS,219,26,
ROUND ROCK MEDICAL CENTER,TX,WILLIAMSON,Not Available,Not Available,1
METHODIST CHARLTON MEDICAL CENTER,TX,DALLAS,Not Available,Not Available,1
CARROLLTON REGIONAL MEDICAL CENTER,TX,DENTON,258,23,
BAYLOR SCOTT AND WHITE MEDICAL CENTER LAKE POINTE,TX,DALLAS,Not Available,Not Available,1
TEXAS HEALTH PRESBYTERIAN HOSPITAL DENTON,TX,DENTON,365,19,
PALESTINE REGIONAL MEDICAL CENTER,TX,ANDERSON,259,17,
COVENANT HOSPITAL LEVELLAND,TX,HOCKLEY,122,12,
TEXAS HEALTH PRESBYTERIAN HOSPITAL PLANO,TX,COLLIN,296,16,
TOPS SURGICAL SPECIALTY HOSPITAL,TX,HARRIS,Not Available,Not Available,"3, 7"
HCA HOUSTON HEALTHCARE KINGWOOD,TX,HARRIS,1196,16,
TEXAS HEALTH HARRIS METHODIST HOSPITAL SOUTHWEST F,TX,TARRANT,264,11,
"CORPUS CHRISTI MEDICAL CENTER,THE",TX,NUECES,241,13,
CHRISTUS ST MICHAEL HEALTH SYSTEM,TX,BOWIE,Not Available,Not Available,1
TEXAS ORTHOPEDIC HOSPITAL,TX,HARRIS,Not Available,Not Available,1
NORTHWEST HILLS SURGICAL HOSPITAL,TX,TRAVIS,Not Available,Not Available,5
NORTH AUSTIN MEDICAL CENTER,TX,TRAVIS,192,22,
HOUSTON METHODIST SUGARLAND HOSPITAL,TX,FORT BEND,Not Available,Not Available,1
MEDICAL CITY LAS COLINAS,TX,DALLAS,223,11,
CORNERSTONE REGIONAL HOSPITAL,TX,HIDALGO,Not Available,Not Available,1
CHRISTUS SPOHN HOSPITAL ALICE,TX,JIM WELLS,353,17,
SURGERY SPECIALTY HOSPITALS OF AMERICA SE HOUSTON,TX,HARRIS,Not Available,Not Available,"3, 7"
ENNIS REGIONAL MEDICAL CENTER,TX,ELLIS,Not Available,Not Available,1
"PHYSICIANS CENTRE,THE",TX,BRAZOS,Not Available,Not Available,1
TEXAS HEALTH PRESBYTERIAN HOSPITAL ALLEN,TX,COLLIN,351,14,
HOUSTON METHODIST WILLOWBROOK HOSPITAL,TX,HARRIS,Not Available,Not Available,1
MEMORIAL HERMANN KATY HOSPITAL,TX,FORT BEND,Not Available,Not Available,1
MEMORIAL HERMANN SUGAR LAND HOSPITAL,TX,FORT BEND,Not Available,Not Available,1
BAYLOR SCOTT & WHITE HEART & VASCULAR HOSPITAL - DALLAS,TX,DALLAS,Not Available,Not Available,5
BAYLOR SCOTT & WHITE MEDICAL CENTER - FRISCO,TX,DENTON,Not Available,Not Available,1
HARLINGEN MEDICAL CENTER,TX,CAMERON,250,18,
SOUTH TEXAS SPINE AND SURGICAL HOSPITAL,TX,BEXAR,Not Available,Not Available,7
SUGAR LAND SURGICAL HOSPITAL LLP,TX,FORT BEND,Not Available,Not Available,5
ST LUKE'S THE WOODLANDS HOSPITAL,TX,MONTGOMERY,Not Available,Not Available,1
BAYLOR SCOTT & WHITE TEXAS SPINE & JOINT HOSPITAL,TX,SMITH,Not Available,Not Available,1
ASCENSION SETON  SOUTHWEST,TX,HAYS,Not Available,Not Available,1
ASCENSION SETON NORTHWEST,TX,TRAVIS,382,12,
DOCTORS HOSPTAL AT RENAISSANCE,TX,HIDALGO,Not Available,Not Available,1
USMD HOSPITAL AT ARLINGTON L P,TX,TARRANT,210,12,
BAYLOR SURGICAL HOSPITAL AT LAS COLINAS,TX,DALLAS,Not Available,Not Available,1
QUAIL CREEK SURGICAL HOSPITAL,TX,POTTER,Not Available,Not Available,"3, 7"
LUBBOCK HEART HOSPITAL LP,TX,LUBBOCK,Not Available,Not Available,1
BAYLOR SCOTT AND WHITE SURGICAL HOSPITAL FORTWORTH,TX,TARRANT,Not Available,Not Available,7
BAYLOR MEDICAL CENTER AT TROPHY CLUB,TX,DENTON,Not Available,Not Available,1
BAYLOR SCOTT &  WHITE MEDICAL CENTER - CENTENNIAL,TX,COLLIN,169,11,
TEXAS HEALTH HARRIS METHODIST HOSPITAL SOUTHLAKE,TX,TARRANT,Not Available,Not Available,1
TEXAS INSTITUTE FOR SURGERY AT PRESBYTERIAN HOSPIT,TX,DALLAS,Not Available,Not Available,5
BAYLOR SCOTT & WHITE MEDICAL CENTER PLANO,TX,COLLIN,Not Available,Not Available,1
TEXAS HEALTH CENTER FOR DIAGNOSTICS & SURGERY PLAN,TX,COLLIN,Not Available,Not Available,1
THE HEART HOSPITAL BAYLOR DENTON,TX,DENTON,Not Available,Not Available,1
BAYLOR SCOTT WHITE THE HEART HOSPITAL CORINTH,TX,DENTON,Not Available,Not Available,5
PARMER COUNTY COMMUNITY HOSPITAL,TX,PARMER,Not Available,Not Available,1
REAGAN MEMORIAL HOSPITAL,TX,REAGAN,Not Available,Not Available,5
LIMESTONE MEDICAL CENTER,TX,LIMESTONE,Not Available,Not Available,"1, 3"
SCHLEICHER COUNTY MEDICAL CENTER,TX,SCHLEICHER,133,13,
BURLESON ST JOSEPH HEALTH CENTER,TX,BURLESON,Not Available,Not Available,1
KIMBLE HOSPITAL,TX,KIMBLE,267,21,
IRAAN GENERAL HOSPITAL,TX,PECOS,Not Available,Not Available,1
YOAKUM COUNTY HOSPITAL,TX,YOAKUM,Not Available,Not Available,5
MC CAMEY HOSPITAL,TX,UPTON,Not Available,Not Available,5
BALLINGER MEMORIAL HOSPITAL,TX,RUNNELS,161,11,
SWEENY COMMUNITY HOSPITAL,TX,BRAZORIA,Not Available,Not Available,1
RICE MEDICAL CENTER,TX,COLORADO,Not Available,Not Available,1
FISHER COUNTY HOSPITAL DISTRICT,TX,FISHER,163,15,
WINKLER COUNTY MEMORIAL HOSPITAL,TX,WINKLER,114,18,
NORTH RUNNELS HOSPITAL,TX,RUNNELS,Not Available,Not Available,"1, 3"
MADISON ST JOSEPH HEALTH CENTER,TX,MADISON,Not Available,Not Available,1
REFUGIO COUNTY MEMORIAL HOSPITAL,TX,REFUGIO,218,11,
STONEWALL MEMORIAL HOSPITAL DISTRICT,TX,STONEWALL,Not Available,Not Available,1
CHRISTUS MOTHER FRANCES HOSPITAL- JACKSONVILLE,TX,CHEROKEE,Not Available,Not Available,1
BAYSIDE COMMUNITY HOSPITAL,TX,CHAMBERS,126,14,
GRIMES ST JOSEPH HEALTH CENTER,TX,GRIMES,Not Available,Not Available,1
ADVENTHEALTH ROLLINS BROOK,TX,LAMPASAS,Not Available,Not Available,1
LILLIAN M HUDSPETH MEMORIAL HOSPITAL,TX,SUTTON,185,13,
CONCHO COUNTY HOSPITAL,TX,CONCHO,Not Available,Not Available,1
RICELAND MEDICAL CENTER,TX,CHAMBERS,Not Available,Not Available,"1, 3"
RANKIN HOSPITAL MEDICAL CLINIC,TX,UPTON,Not Available,Not Available,1
MEDINA REGIONAL HOSPITAL,TX,MEDINA,192,11,
COON MEMORIAL HOSPITAL,TX,DALLAM,318,12,
PALACIOS COMMUNITY MEDICAL CENTER,TX,MATAGORDA,128,18,
MARTIN COUNTY HOSPITAL DISTRICT,TX,MARTIN,Not Available,Not Available,1
PARKVIEW HOSPITAL,TX,WHEELER,Not Available,Not Available,5
MUENSTER MEMORIAL HOSPITAL,TX,COOKE,116,14,3
W J MANGOLD MEMORIAL HOSPITAL,TX,FLOYD,Not Available,Not Available,"1, 3"
CULBERSON HOSPITAL,TX,CULBERSON,Not Available,Not Available,1
THROCKMORTON COUNTY MEMORIAL HOSPITAL,TX,THROCKMORTON,Not Available,Not Available,19
SHAMROCK GENERAL HOSPITAL,TX,WHEELER,115,15,
HASKELL MEMORIAL HOSPITAL,TX,HASKELL,255,11,
MITCHELL COUNTY HOSPITAL DISTRICT,TX,MITCHELL,83,13,
ELECTRA MEMORIAL HOSPITAL,TX,WICHITA,Not Available,Not Available,1
HANSFORD COUNTY HOSPITAL,TX,HANSFORD,132,11,
YOAKUM COMMUNITY HOSPITAL,TX,LAVACA,Not Available,Not Available,1
COLEMAN COUNTY MEDICAL CENTER COMPANY,TX,COLEMAN,164,12,
HEART OF TEXAS MEMORIAL HOSPITAL,TX,MC CULLOCH,Not Available,Not Available,19
SWISHER MEMORIAL HOSPITAL,TX,SWISHER,184,11,
PLAINS MEMORIAL HOSPITAL,TX,CASTRO,175,15,
LYNN COUNTY HOSPITAL DISTRICT,TX,LYNN,Not Available,Not Available,1
HARDEMAN COUNTY MEMORIAL HOSPITAL,TX,HARDEMAN,Not Available,Not Available,"1, 3"
CRANE COUNTY HOSPITAL DISTRICT,TX,CRANE,Not Available,Not Available,1
HAMILTON HOSPITAL,TX,YOUNG,Not Available,Not Available,1
COLLINGSWORTH GENERAL HOSPITAL,TX,COLLINGSWORTH,239,16,
MEMORIAL MEDICAL CENTER,TX,CALHOUN,Not Available,Not Available,5
MEMORIAL HOSPITAL,TX,GAINES,Not Available,Not Available,19
OCHILTREE GENERAL HOSPITAL,TX,OCHILTREE,151,14,
SABINE COUNTY HOSPITAL,TX,SABINE,128,11,
CLAY COUNTY MEMORIAL HOSPITAL,TX,CLAY,Not Available,Not Available,5
JACKSON HEALTHCARE CENTER,TX,JACKSON,194,116,
OTTO KAISER MEMORIAL HOSPITAL,TX,KARNES,Not Available,Not Available,5
ASCENSION SETON HIGHLAND LAKES,TX,BURNET,Not Available,Not Available,1
COCHRAN MEMORIAL HOSPITAL,TX,COCHRAN,Not Available,Not Available,5
UT HEALTH EAST TEXAS PITTSBURG HOSPITAL,TX,CAMP,Not Available,Not Available,1
GOLDEN PLAINS COMMUNITY HOSPITAL,TX,HUTCHINSON,Not Available,Not Available,"1, 3"
TMC- BONHAM HOSPITAL,TX,FANNIN,Not Available,Not Available,5
ASCENSION SETON EDGAR B DAVIS,TX,CALDWELL,185,11,
MULESHOE AREA MEDICAL CENTER,TX,BAILEY,201,15,
WARD MEMORIAL HOSPITAL,TX,WARD,182,147,
BAYLOR SCOTT & WHITE MEDICAL CENTER -TAYLOR,TX,WILLIAMSON,Not Available,Not Available,5
LIBERTY DAYTON REGIONAL MEDICAL CENTER,TX,LIBERTY,190,13,
LAVACA MEDICAL CENTER,TX,LAVACA,Not Available,Not Available,"1, 3"
REEVES REGIONAL HEALTH,TX,REEVES,Not Available,Not Available,5
BIG BEND REGIONAL MEDICAL CENTER,TX,BREWSTER,154,15,
CORYELL MEMORIAL HOSPITAL,TX,CORYELL,Not Available,Not Available,1
UT HEALTH EAST TEXAS QUITMAN HOSPITAL,TX,WOOD,319,15,
CHRISTUS MOTHER FRANCES HOSPITAL- WINNSBORO,TX,WOOD,Not Available,Not Available,"1, 3"
COMANCHE COUNTY MEDICAL CENTER,TX,COMANCHE,Not Available,Not Available,1
COGDELL MEMORIAL HOSPITAL,TX,SCURRY,Not Available,Not Available,1
GOODALL WITCHER HOSPITAL,TX,BOSQUE,Not Available,Not Available,1
MEMORIAL HOSPITAL,TX,MOORE,114,15,
UVALDE MEMORIAL HOSPITAL,TX,UVALDE,Not Available,Not Available,1
PECOS COUNTY MEMORIAL HOSPITAL,TX,PECOS,223,11,3
DIMMIT REGIONAL HOSPITAL,TX,DIMMIT,Not Available,Not Available,1
FRIO REGIONAL HOSPITAL,TX,FRIO,Not Available,Not Available,1
HAMILTON GENERAL HOSPITAL,TX,HAMILTON,139,23,
CROCKETT MEDICAL CENTER,TX,HOUSTON,213,39,
KNOX COUNTY HOSPITAL,TX,KNOX,Not Available,Not Available,"1, 3"
HILL REGIONAL HOSPITAL,TX,HILL,Not Available,Not Available,5
MID COAST MEDICAL CENTER - CENTRAL,TX,LLANO,Not Available,Not Available,"1, 3"
PAMPA REGIONAL MEDICAL CENTER,TX,GRAY,Not Available,Not Available,"1, 3"
SEYMOUR HOSPITAL,TX,BAYLOR,Not Available,Not Available,1
COOK CHILDRENS MEDICAL CENTER,TX,TARRANT,Not Available,Not Available,19
DRISCOLL CHILDRENS HOSPITAL,TX,NUECES,Not Available,Not Available,19
CHILDRENS MEDICAL CTR OF DALLAS,TX,DALLAS,Not Available,Not Available,19
TEXAS CHILDRENS HOSPITAL,TX,HARRIS,Not Available,Not Available,19
COVENANT CHILDRENS HOSPITAL,TX,LUBBOCK,Not Available,Not Available,19
HEALTHBRIDGE CHILDRENS'S HOSPITAL OF HOUSTON,TX,HARRIS,Not Available,Not Available,19
DELL CHILDREN'S MEDICAL CENTER,TX,TRAVIS,Not Available,Not Available,19
SHRINERS HOSPITALS FOR CHILDREN,TX,GALVESTON,Not Available,Not Available,19
EL PASO CHILDREN'S HOSPITAL,TX,EL PASO,Not Available,Not Available,19
TEXAS SCOTTISH RITE HOSPITAL FOR CHILDREN,TX,DALLAS,Not Available,Not Available,19
CHILDREN'S HOSPITAL OF SAN ANTONIO,TX,BEXAR,Not Available,Not Available,19
CHILDRENS MEDICAL CENTER PLANO,TX,COLLIN,Not Available,Not Available,19
COOK CHILDRENS MEDICAL CENTER PROSPER,TX,COLLIN,Not Available,Not Available,19
NEXUS CHILDRENS HOSPITAL DALLAS,TX,DALLAS,Not Available,Not Available,19
TEXAS CHILDRENS HOSPITAL NORTH AUSTIN CAMPUS,TX,WILLIAMSON,Not Available,Not Available,19
DRISCOLL CHILDREN'S HOSPITAL RIO GRANDE VALLEY,TX,HIDALGO,Not Available,Not Available,19
INTERMOUNTAIN HEALTH UTAH VALLEY HOSPITAL,UT,UTAH,225,31,
HOLY CROSS HOSPITAL - SALT LAKE,UT,SALT LAKE,260,71,
INTERMOUNTAIN HEALTH MCKAY-DEE HOSPITAL,UT,WEBER,146,33,
OGDEN REGIONAL MEDICAL CENTER,UT,WEBER,Not Available,Not Available,1
LDS HOSPITAL,UT,SALT LAKE,126,95,
INTERMOUNTAIN HEALTH CEDAR CITY HOSPITAL,UT,IRON,292,29,
UNIVERSITY OF UTAH HOSPITAL AND CLINICS,UT,SALT LAKE,372,30,
INTERMOUNTAIN MEDICAL CENTER,UT,SALT LAKE,237,35,
CASTLEVIEW HOSPITAL,UT,CARBON,160,13,
MOUNTAIN VIEW HOSPITAL,UT,UTAH,118,27,
MOUNTAIN WEST MEDICAL CENTER,UT,TOOELE,287,21,
INTERMOUNTAIN HEALTH LOGAN REGIONAL HOSPITAL,UT,CACHE,203,27,
BRIGHAM CITY COMMUNITY HOSPITAL,UT,BOX ELDER,Not Available,Not Available,1
UINTAH BASIN MEDICAL CENTER,UT,DUCHESNE,162,34,
ST. GEORGE REGIONAL HOSPITAL,UT,WASHINGTON,171,31,
AMERICAN FORK HOSPITAL,UT,UTAH,216,20,
INTERMOUNTAIN HEALTH SEVIER VALLEY HOSPITAL,UT,SEVIER,172,28,
ASHLEY REGIONAL MEDICAL CENTER,UT,UINTAH,187,19,
BEAR RIVER VALLEY HOSPITAL,UT,BOX ELDER,187,26,
HOLY CROSS HOSPITAL-DAVIS,UT,DAVIS,189,32,
LAKEVIEW HOSPITAL,UT,DAVIS,319,18,
OREM COMMUNITY HOSPITAL,UT,UTAH,144,16,
INTERMOUNTAIN HEALTH ALTA VIEW HOSPITAL,UT,SALT LAKE,234,24,
ST MARK'S HOSPITAL,UT,SALT LAKE,208,19,
HOLY CROSS HOSPITAL-JORDAN VALLEY,UT,SALT LAKE,222,65,
TIMPANOGOS REGIONAL HOSPITAL,UT,UTAH,296,18,
CACHE VALLEY HOSPITAL,UT,CACHE,158,15,
PARK CITY HOSPITAL,UT,SUMMIT,209,17,
INTERMOUNTAIN HEALTH RIVERTON HOSPITAL,UT,SALT LAKE,298,13,
LONE PEAK HOSPITAL,UT,SALT LAKE,231,19,
INTERMOUNTAIN HEALTH LAYTON HOSPITAL,UT,DAVIS,358,26,
INTERMOUNTAIN HEALTH SPANISH FORK HOSPITAL,UT,UTAH,231,20,
WESTERN PEAKS SPECIALTY HOSPITAL,UT,DAVIS,Not Available,Not Available,19
INTERMOUNTAIN HEALTH DELTA COMMUNITY HOSPITAL,UT,MILLARD,354,17,
INTERMOUNTAIN HEALTH FILLMORE COMMUNITY HOSPITAL,UT,MILLARD,290,19,
MOAB REGIONAL HOSPITAL,UT,GRAND,Not Available,Not Available,5
INTERMOUNTAIN HEALTH SANPETE VALLEY HOSPITAL,UT,SANPETE,353,18,
CENTRAL VALLEY MEDICAL CENTER - CAH,UT,JUAB,283,23,
MILFORD MEMORIAL HOSPITAL,UT,BEAVER,Not Available,Not Available,1
GUNNISON VALLEY HOSPITAL,UT,SANPETE,270,16,
INTERMOUNTAIN HEALTH HEBER VALLEY HOSPITAL,UT,WASATCH,217,20,
SAN JUAN HOSPITAL,UT,SAN JUAN,168,19,
KANE COUNTY HOSPITAL,UT,KANE,324,12,
BLUE MOUNTAIN HOSPITAL,UT,SAN JUAN,Not Available,Not Available,1
INTERMOUNTAIN HEALTH GARFIELD MEMORIAL HOSPITAL,UT,GARFIELD,218,16,
BEAVER VALLEY HOSPITAL,UT,BEAVER,Not Available,Not Available,1
PRIMARY CHILDREN'S HOSPITAL,UT,SALT LAKE,Not Available,Not Available,19
CENTRAL VERMONT MEDICAL CENTER,VT,WASHINGTON,387,31,
UNIV. OF VERMONT - FLETCHER ALLEN HEALTH CARE,VT,CHITTENDEN,424,35,
RUTLAND REGIONAL MEDICAL CENTER,VT,RUTLAND,517,17,
BRATTLEBORO MEMORIAL HOSPITAL,VT,WINDHAM,814,29,
SOUTHWESTERN VERMONT MEDICAL CENTER,VT,BENNINGTON,411,16,
NORTHWESTERN MEDICAL CENTER INC,VT,FRANKLIN,229,12,
GRACE COTTAGE HOSPITAL,VT,WINDHAM,Not Available,Not Available,1
GIFFORD MEDICAL CENTER,VT,ORANGE,Not Available,Not Available,5
MT ASCUTNEY HOSPITAL,VT,WINDSOR,Not Available,Not Available,5
NORTHEASTERN VERMONT REGIONAL HOSPITAL,VT,CALEDONIA,Not Available,Not Available,5
NORTH COUNTRY HOSPITAL AND HEALTH CENTER,VT,ORLEANS,Not Available,Not Available,5
COPLEY HOSPITAL,VT,LAMOILLE,255,15,3
SPRINGFIELD HOSPITAL,VT,WINDSOR,Not Available,Not Available,5
PORTER HOSPITAL INC,VT,ADDISON,Not Available,Not Available,1
"ROY LESTER SCHNEIDER HOSPITAL,THE",VI,SAINT THOMAS ISLAND,Not Available,Not Available,5
GOV JUAN F LUIS HOSPITAL & MEDICAL CTR,VI,SAINT CROIX ISLAND,Not Available,Not Available,5
RUSSELL COUNTY HOSPITAL,VA,RUSSELL,219,14,
SENTARA RMH MEDICAL CENTER,VA,HARRISONBURG CITY,276,62,
WINCHESTER MEDICAL CENTER,VA,WINCHESTER CITY,Not Available,Not Available,1
SENTARA NORFOLK GENERAL HOSPITAL,VA,NORFOLK CITY,177,63,
UNIVERSITY OF VIRGINIA MEDICAL CENTER,VA,CHARLOTTESVILLE CITY,361,19,
SENTARA HALIFAX REGIONAL HOSPITAL,VA,HALIFAX,281,53,
BON SECOURS MARYVIEW MEDICAL CENTER,VA,PORTSMOUTH CITY,276,26,
AUGUSTA HEALTH,VA,AUGUSTA,214,12,
UVA HEALTH CULPEPER MEDICAL CENTER,VA,CULPEPER,482,13,
Fort Belvoir Community Hospital,VA,FAIRFAX,Not Available,Not Available,5
JOHN RANDOLPH MEDICAL CENTER,VA,HOPEWELL CITY,Not Available,Not Available,1
CENTRA HEALTH -  LYNCHBURG GEN HOSPITAL,VA,LYNCHBURG CITY,394,21,
MARY WASHINGTON HOSPITAL,VA,FREDERICKSBURG CITY,244,18,
FAUQUIER HOSPITAL,VA,FAUQUIER,Not Available,Not Available,1
CARILION MEDICAL CENTER,VA,ROANOKE CITY,399,29,
MEDICAL COLLEGE OF VIRGINIA HOSPITALS,VA,RICHMOND CITY,233,15,
WARREN MEMORIAL HOSPITAL,VA,WARREN,202,12,
RIVERSIDE SHORE MEMORIAL HOSPITAL,VA,ACCOMACK,302,20,
SMYTH COUNTY COMMUNITY HOSPITAL,VA,SMYTH,Not Available,Not Available,1
INOVA ALEXANDRIA HOSPITAL,VA,ALEXANDRIA CITY,299,19,
MARY IMMACULATE HOSPITAL,VA,NEWPORT NEWS CITY,Not Available,Not Available,1
CARILION NEW RIVER VALLEY MEDICAL CENTER,VA,MONTGOMERY,436,23,
INOVA LOUDOUN HOSPITAL,VA,LOUDOUN,245,12,
SENTARA OBICI HOSPITAL,VA,SUFFOLK CITY,170,36,
UVA HEALTH PRINCE WILLIAM MEDICAL CENTER,VA,MANASSAS CITY,289,22,
SENTARA LEIGH HOSPITAL,VA,NORFOLK CITY,141,40,
LEWISGALE MEDICAL CENTER,VA,SALEM CITY,372,20,
VIRGINIA HOSPITAL CENTER,VA,ARLINGTON,388,46,
RIVERSIDE REGIONAL MEDICAL CENTER,VA,NEWPORT NEWS CITY,266,57,
JOHNSTON MEMORIAL HOSPITAL,VA,WASHINGTON,250,11,
SENTARA VIRGINIA BEACH GENERAL HOSPITAL,VA,VIRGINIA BEACH CITY,152,69,
BON SECOURS ST MARYS HOSPITAL,VA,RICHMOND CITY,183,13,
CLINCH VALLEY MEDICAL CENTER,VA,TAZEWELL,240,17,
INOVA FAIRFAX HOSPITAL,VA,FAIRFAX,320,23,
SENTARA WILLIAMSBURG REGIONAL MEDICAL CENTER,VA,JAMES CITY,241,50,
BON SECOURS SOUTHSIDE MEDICAL CENTER,VA,PETERSBURG CITY,135,15,
BON SECOURS MEMORIAL REGIONAL MEDICAL CENTER,VA,HANOVER,306,14,
SOVAH HEALTH DANVILLE,VA,DANVILLE CITY,638,20,
SENTARA MARTHA JEFFERSON HOSPITAL,VA,ALBEMARLE,262,28,
VCU HEALTH TAPPAHANNOCK HOSPITAL,VA,ESSEX,580,12,
CENTRA BEDFORD MEMORIAL HOSPITAL,VA,BEDFORD,356,11,
CARILION FRANKLIN MEMORIAL HOSPITAL,VA,FRANKLIN,Not Available,Not Available,1
NMC Portsmouth,VA,PORTSMOUTH CITY,Not Available,Not Available,5
"SOUTHSIDE COMMUNITY HOSPITAL, INC",VA,PRINCE EDWARD,310,14,
BON SECOURS SOUTHAMPTON MEMORIAL HOSPITAL,VA,FRANKLIN CITY,192,12,
SENTARA CAREPLEX HOSPITAL,VA,HAMPTON CITY,241,37,
BON SECOURS RICHMOND COMMUNITY HOSPITAL,VA,RICHMOND CITY,146,13,
BON SECOURS SOUTHERN VIRGINIA MEDICAL CENTER,VA,EMPORIA CITY,173,11,
COMMUNITY MEMORIAL HOSPITAL,VA,MECKLENBURG,235,11,
INOVA FAIR OAKS HOSPITAL,VA,FAIRFAX,150,11,
HIRAM W DAVIS MEDICAL CENTER,VA,PETERSBURG CITY,Not Available,Not Available,5
RESTON HOSPITAL CENTER,VA,FAIRFAX,209,26,
LEWISGALE HOSPITAL MONTGOMERY,VA,MONTGOMERY,196,21,
WYTHE COUNTY COMMUNITY HOSPITAL,VA,WYTHE,304,26,
CJW MEDICAL CENTER,VA,RICHMOND CITY,247,15,
SENTARA NORTHERN VIRGINIA MEDICAL CENTER,VA,PRINCE WILLIAM,422,67,
LONESOME PINE HOSPITAL,VA,WISE,141,19,
TWIN COUNTY REGIONAL HOSPITAL,VA,GALAX CITY,238,19,
LEWISGALE HOSPITAL PULASKI,VA,PULASKI,218,26,
CARILION TAZEWELL COMMUNITY HOSPITAL,VA,TAZEWELL,Not Available,Not Available,1
HENRICO DOCTORS' HOSPITAL,VA,HENRICO,382,20,
SENTARA PRINCESS ANNE HOSPITAL,VA,VIRGINIA BEACH CITY,244,32,
CHESAPEAKE GENERAL HOSPITAL,VA,CHESAPEAKE CITY,317,16,
INOVA MOUNT VERNON HOSPITAL,VA,FAIRFAX,220,17,
LEWISGALE HOSPITAL ALLEGHANY,VA,ALLEGHANY,172,12,
BUCHANAN GENERAL HOSPITAL,VA,BUCHANAN,114,13,
RIVERSIDE WALTER REED HOSPITAL,VA,GLOUCESTER,226,17,
BON SECOURS ST FRANCIS MEDICAL CENTER,VA,CHESTERFIELD,Not Available,Not Available,1
"STAFFORD HOSPITAL, LLC",VA,STAFFORD,289,11,
SPOTSYLVANIA REGIONAL MEDICAL CENTER,VA,SPOTSYLVANIA,155,12,
RIVERSIDE DOCTORS' HOSPITAL OF WILLIAMSBURG,VA,JAMES CITY,265,11,
UVA HEALTH HAYMARKET MEDICAL CENTER,VA,PRINCE WILLIAM,264,13,
STONESPRINGS HOSPITAL CENTER,VA,LOUDOUN,136,15,
BON SECOURS HARBOUR VIEW MEDICAL CENTER,VA,SUFFOLK CITY,Not Available,Not Available,5
BATH COMMUNITY HOSPITAL,VA,BATH,Not Available,Not Available,5
CARILION GILES COMMUNITY HOSPITAL,VA,GILES,191,13,
DICKENSON COMMUNITY HOSPITAL,VA,DICKENSON,317,15,
CARILION STONEWALL JACKSON HOSPITAL,VA,LEXINGTON CITY,509,13,
SHENANDOAH MEMORIAL HOSPITAL,VA,SHENANDOAH,Not Available,Not Available,1
"PAGE MEMORIAL HOSPITAL, INC",VA,PAGE,Not Available,Not Available,1
RAPPAHANNOCK GENERAL HOSPITAL,VA,LANCASTER,218,12,
LEE COUNTY COMMUNITY HOSPITAL,VA,LEE,Not Available,Not Available,1
CUMBERLAND HOSPITAL LLC,VA,NEW KENT,Not Available,Not Available,19
CHILDRENS HOSPITAL OF THE KINGS DAUGHTERS INC,VA,NORFOLK CITY,Not Available,Not Available,19
PROVIDENCE ST MARY MEDICAL CENTER,WA,WALLA WALLA,200,19,
SKAGIT VALLEY HOSPITAL,WA,SKAGIT,269,23,
VIRGINIA MASON MEDICAL CENTER,WA,KING,303,39,
ISLAND HOSPITAL,WA,SKAGIT,274,20,
UNIVERSITY OF WASHINGTON MEDICAL CTR,WA,KING,328,28,
HIGHLINE MEDICAL CENTER,WA,KING,415,20,
PROVIDENCE REGIONAL MEDICAL CENTER EVERETT,WA,SNOHOMISH,366,36,
MULTICARE AUBURN MEDICAL CENTER,WA,KING,279,20,
CONFLUENCE HEALTH HOSPITAL,WA,CHELAN,182,36,
PROVIDENCE CENTRALIA HOSPITAL,WA,LEWIS,504,14,
ST CLARE HOSPITAL,WA,PIERCE,245,19,
PROVIDENCE ST PETER HOSPITAL,WA,THURSTON,404,22,
SWEDISH MEDICAL CENTER / CHERRY HILL,WA,KING,390,36,
SWEDISH EDMONDS HOSPITAL,WA,SNOHOMISH,278,24,
SWEDISH MEDICAL CENTER,WA,KING,226,26,
PEACEHEALTH ST JOSEPH MEDICAL CENTER,WA,WHATCOM,329,27,
GRAYS HARBOR COMMUNITY HOSPITAL,WA,GRAYS HARBOR,558,30,
SAMARITAN HOSPITAL,WA,GRANT,184,688,
YAKIMA VALLEY MEMORIAL,WA,YAKIMA,187,19,
ASTRIA TOPPENISH HOSPITAL,WA,YAKIMA,148,17,
ST MICHAEL MEDICAL CENTER,WA,KITSAP,480,12,
PEACEHEALTH ST JOHN MEDICAL CENTER,WA,COWLITZ,286,21,
DEACONESS MEDICAL CENTER,WA,SPOKANE,198,19,
PEACEHEALTH SOUTHWEST MEDICAL CENTE,WA,CLARK,677,20,
OVERLAKE HOSPITAL MEDICAL CENTER & CLINICS,WA,KING,290,18,
KAISER PERMANENTE CENTRAL HOSPITAL,WA,KING,Not Available,Not Available,5
TRIOS HEALTH,WA,BENTON,272,21,
PROV SACRED HRT MED CTR & CHILDS HOSP.,WA,SPOKANE,486,22,
KADLEC REGIONAL MEDICAL CENTER,WA,BENTON,Not Available,Not Available,1
Madigan AMC (FT Lewis),WA,PIERCE,Not Available,Not Available,5
CASCADE VALLEY HOSPITAL,WA,SNOHOMISH,262,17,
HARBORVIEW MEDICAL CENTER,WA,KING,425,117,
OLYMPIC MEDICAL CENTER,WA,CLALLAM,373,41,
PROVIDENCE HOLY FAMILY HOSPITAL,WA,SPOKANE,232,19,
MULTICARE GOOD SAMARITAN HOSPITAL,WA,PIERCE,324,33,
EVERGREENHEALTH MONROE,WA,SNOHOMISH,298,18,
VALLEY MEDICAL CENTER,WA,KING,227,17,
ST JOSEPH MEDICAL CENTER,WA,PIERCE,384,29,
MULTICARE VALLEY HOSPITAL,WA,SPOKANE,273,25,
EVERGREENHEALTH MEDICAL CENTER,WA,KING,230,24,
TACOMA GENERAL ALLENMORE HOSPITAL,WA,PIERCE,427,37,
CAPITAL MEDICAL CENTER,WA,THURSTON,106,12,
ST FRANCIS COMMUNITY HOSPITAL,WA,KING,428,14,
LEGACY SALMON CREEK MEDICAL CENTER,WA,CLARK,328,20,
ST ANTHONY HOSPITAL,WA,PIERCE,378,18,
SWEDISH ISSAQUAH,WA,KING,215,12,
MULTICARE COVINGTON MEDICAL CENTER,WA,KING,Not Available,Not Available,1
GARFIELD COUNTY PUBLIC HOSPITAL DISTRICT #1,WA,GARFIELD,Not Available,Not Available,"1, 3"
DAYTON GENERAL HOSPITAL,WA,COLUMBIA,Not Available,Not Available,1
WILLAPA HARBOR HOSPITAL,WA,PACIFIC,Not Available,Not Available,1
SUMMIT PACIFIC MEDICAL CENTER,WA,GRAYS HARBOR,Not Available,Not Available,1
LINCOLN HOSPITAL,WA,LINCOLN,Not Available,Not Available,5
ODESSA MEMORIAL HEALTHCARE CENTER,WA,LINCOLN,103,23,
COULEE MEDICAL CENTER,WA,GRANT,232,19,
PROVIDENCE ST JOSEPH HOSPITAL,WA,STEVENS,Not Available,Not Available,1
NEWPORT COMMUNITY HOSPITAL,WA,PEND OREILLE,Not Available,Not Available,5
EAST ADAMS RURAL HOSPITAL,WA,ADAMS,Not Available,Not Available,5
PROSSER MEMORIAL HOSPITAL,WA,BENTON,122,13,
CASCADE MEDICAL CENTER,WA,CHELAN,Not Available,Not Available,5
OCEAN BEACH HOSPITAL,WA,PACIFIC,127,34,
SKYLINE HOSPITAL,WA,KLICKITAT,Not Available,Not Available,5
KLICKITAT VALLEY HOSPITAL,WA,KLICKITAT,185,20,
COLUMBIA BASIN HOSPITAL,WA,GRANT,206,99,
OTHELLO COMMUNITY HOSPITAL,WA,ADAMS,Not Available,Not Available,5
ARBOR HEALTH MORTON HOSPITAL,WA,LEWIS,92,13,
QUINCY VALLEY MEDICAL CENTER,WA,GRANT,Not Available,Not Available,5
NORTH VALLEY HOSPITAL,WA,OKANOGAN,Not Available,Not Available,1
FERRY COUNTY MEMORIAL HOSPITAL,WA,FERRY,Not Available,Not Available,5
JEFFERSON HEALTHCARE,WA,JEFFERSON,260,13,
THREE RIVERS HOSPITAL,WA,OKANOGAN,Not Available,Not Available,5
FORKS COMMUNITY HOSPITAL,WA,CLALLAM,188,35,
PROVIDENCE MOUNT CARMEL HOSPITAL,WA,STEVENS,Not Available,Not Available,1
WHITMAN HOSPITAL AND MEDICAL CENTER,WA,WHITMAN,218,18,3
MID VALLEY HOSPITAL & CLINIC,WA,OKANOGAN,322,18,
PEACEHEALTH UNITED GENERAL MEDICAL CENTER,WA,SKAGIT,224,11,
ASTRIA SUNNYSIDE HOSPITAL,WA,YAKIMA,152,15,
PULLMAN REGIONAL HOSPITAL,WA,WHITMAN,Not Available,Not Available,"1, 3"
TRI-STATE MEMORIAL HOSPITAL,WA,ASOTIN,Not Available,Not Available,"1, 3"
KITTITAS VALLEY COMMUNITY HOSPITAL,WA,KITTITAS,186,20,
LAKE CHELAN COMMUNITY HOSPITAL,WA,CHELAN,218,14,
ST ELIZABETH HOSPITAL,WA,KING,248,16,
MASON GENERAL HOSPITAL & FAMILY OF CLINICS,WA,MASON,687,24,
LOURDES MEDICAL CENTER,WA,FRANKLIN,229,13,
SNOQUALMIE VALLEY HOSPITAL,WA,KING,210,51,
WHIDBEYHEALTH MEDICAL CENTER,WA,ISLAND,Not Available,Not Available,5
PEACEHEALTH PEACE ISLAND MEDICAL CENTER,WA,SAN JUAN,Not Available,Not Available,1
SEATTLE CHILDREN'S HOSPITAL,WA,KING,Not Available,Not Available,19
MARY BRIDGE CHILDREN'S HOSPITAL,WA,PIERCE,Not Available,Not Available,19
SHRINERS HOSPITAL FOR CHILDREN,WA,SPOKANE,Not Available,Not Available,19
"WEST VIRGINIA UNIVERSITY HOSPITALS, INC",WV,MONONGALIA,336,26,
"CAMC GREENBRIER VALLEY MEDICAL CENTER, INC",WV,GREENBRIER,362,19,
"UNITED HOSPITAL CENTER, INC",WV,HARRISON,384,13,
ST MARYS MEDICAL CENTER,WV,CABELL,418,24,
BERKELEY MEDICAL CENTER,WV,BERKELEY,264,18,
RIVERS HEALTH,WV,MASON,131,14,
"REYNOLDS MEMORIAL HOSPITAL, INC",WV,MARSHALL,115,14,
CHARLESTON AREA MEDICAL CENTER,WV,KANAWHA,244,17,
"WEIRTON MEDICAL CENTER, INC",WV,HANCOCK,167,11,
MON HEALTH MEDICAL CENTER,WV,MONONGALIA,274,24,
THOMAS MEMORIAL HOSPITAL,WV,KANAWHA,241,12,
DAVIS MEDICAL CENTER,WV,RANDOLPH,Not Available,Not Available,1
STONEWALL JACKSON MEMORIAL HOSPITAL COMPANY,WV,LEWIS,Not Available,Not Available,1
PRINCETON COMMUNITY HOSPITAL ASSN INC,WV,MERCER,396,14,
LOGAN REGIONAL MEDICAL CENTER,WV,LOGAN,Not Available,Not Available,1
"WHEELING HOSPITAL, INC",WV,OHIO,225,23,
"CABELL HUNTINGTON HOSPITAL, INC",WV,CABELL,186,16,
CAMDEN CLARK MEDICAL CENTER,WV,WOOD,332,14,
BECKLEY ARH HOSPITAL,WV,RALEIGH,458,38,
RALEIGH GENERAL HOSPITAL,WV,RALEIGH,Not Available,Not Available,1
WETZEL COUNTY HOSPITAL,WV,WETZEL,Not Available,Not Available,1
WELCH COMMUNITY HOSPITAL,WV,MC DOWELL,Not Available,Not Available,1
CAMC CHARLESTON SURGICAL HOSPITAL,WV,KANAWHA,Not Available,Not Available,5
MON HEALTH MARION,WV,MARION,75,12,
WILLIAMSON MEMORIAL INC,WV,MINGO,Not Available,Not Available,5
VANDALIA HEALTH BROADDUS HOSPITAL,WV,BARBOUR,Not Available,Not Available,1
WEBSTER MEMORIAL HOSPITAL,WV,WEBSTER,Not Available,Not Available,1
MINNIE HAMILTON HEALTH SYSTEM,WV,CALHOUN,Not Available,Not Available,1
SISTERSVILLE GENERAL HOSPITAL,WV,TYLER,Not Available,Not Available,1
ROANE GENERAL HOSPITAL,WV,ROANE,Not Available,Not Available,"1, 3"
"GRAFTON CITY HOSPITAL, INC",WV,TAYLOR,132,11,
"BRAXTON COUNTY MEMORIAL HOSPITAL, INC",WV,BRAXTON,Not Available,Not Available,1
VALLEY HEALTH WAR MEMORIAL HOSPITAL,WV,MORGAN,Not Available,Not Available,1
SUMMERS COUNTY ARH HOSPITAL,WV,SUMMERS,Not Available,Not Available,1
HAMPSHIRE MEMORIAL HOSPITAL,WV,HAMPSHIRE,Not Available,Not Available,1
PRESTON MEMORIAL HOSPITAL,WV,PRESTON,175,23,
BOONE MEMORIAL HOSPITAL,WV,BOONE,Not Available,Not Available,1
POCAHONTAS MEMORIAL HOSPITAL,WV,POCAHONTAS,Not Available,Not Available,1
POTOMAC VALLEY HOSPITAL,WV,MINERAL,126,19,
GRANT MEMORIAL HOSPITAL,WV,GRANT,Not Available,Not Available,1
"CAMC PLATEAU MEDICAL CENTER, INC",WV,FAYETTE,Not Available,Not Available,1
MONTGOMERY GENERAL HOSPITAL,WV,FAYETTE,Not Available,Not Available,"3, 7"
JEFFERSON MEDICAL CENTER,WV,JEFFERSON,199,13,
JACKSON GENERAL HOSPITAL,WV,JACKSON,Not Available,Not Available,1
"ST JOSEPH'S HOSPITAL OF BUCKHANNON, INC",WV,UPSHUR,276,16,
SUMMERSVILLE REGIONAL MEDICAL CENTER,WV,NICHOLAS,Not Available,Not Available,1
"ASPIRUS STEVENS POINT HOSPITAL & CLINICS, INC.",WI,PORTAGE,140,20,
MAYO CLINIC HEALTH SYSTEM-FRANCISCAN MEDICAL CENTER INC,WI,LA CROSSE,193,17,
WAUKESHA MEMORIAL HOSPITAL,WI,WAUKESHA,153,23,
ASCENSION NE WISCONSIN - ST ELIZABETH CAMPUS,WI,OUTAGAMIE,203,21,
MARSHFIELD MEDICAL CENTER - RICE LAKE,WI,BARRON,Not Available,Not Available,1
ASPIRUS RHINELANDER HOSPITAL,WI,ONEIDA,168,11,
FROEDTERT SOUTH INC.,WI,KENOSHA,301,26,
THE MONROE CLINIC,WI,GREEN,166,16,
ASPIRUS WAUSAU HOSPITAL,WI,MARATHON,155,14,
ASPIRUS RIVERVIEW HOSPITAL & CLINICS INC,WI,WOOD,222,24,
AURORA MEDICAL CTR MANITOWOC COUNTY,WI,MANITOWOC,Not Available,Not Available,1
AURORA MEDICAL CENTER SHEBOYGAN COUNTY,WI,SHEBOYGAN,210,23,
MARSHFIELD MEDICAL CENTER,WI,WOOD,192,16,
AURORA MEDICAL CTR WASHINGTON COUNTY,WI,WASHINGTON,184,14,
ASPIRUS DIVINE SAVIOR HOSPITAL,WI,COLUMBIA,180,16,
ST NICHOLAS HOSPITAL,WI,SHEBOYGAN,211,21,
THEDACARE REGIONAL MED CTR - NEENAH,WI,WINNEBAGO,200,18,
BELLIN MEMORIAL HOSPITAL,WI,BROWN,230,31,
ASCENSION COLUMBIA ST MARYS HOSPITAL MILWAUKEE,WI,MILWAUKEE,242,47,
SSM HEALTH ST CLARE HOSPITAL - BARABOO,WI,SAUK,212,11,
AURORA MEMORIAL HOSPITAL BURLINGTON,WI,RACINE,294,14,
OCONOMOWOC MEMORIAL HOSPITAL,WI,WAUKESHA,160,29,
ST JOSEPHS COMMUNITY HOSPITAL WEST BEND,WI,WASHINGTON,366,22,
MERCY HEALTH SYSTEM CORP,WI,ROCK,305,23,
MAYO CLINIC HEALTH SYSTEM EAU CLAIRE HOSPITAL,WI,EAU CLAIRE,267,25,
FORT MEMORIAL HOSPITAL,WI,JEFFERSON,326,24,
ST VINCENT HOSPITAL,WI,BROWN,140,11,
MARSHFIELD MEDICAL CENTER - BEAVER DAM (MMC-BD),WI,DODGE,228,36,
ASCENSION ST FRANCIS HOSPITAL,WI,MILWAUKEE,117,16,
SSM HEALTH ST MARY'S HOSPITAL - MADISON,WI,DANE,308,28,
GUNDERSEN LUTHERAN MEDICAL CENTER,WI,LA CROSSE,176,125,
SSM HEALTH ST AGNES HOSPITAL-FOND DU LAC,WI,FOND DU LAC,220,19,
UNITYPOINT HEALTH - MERITER,WI,DANE,207,32,
HOWARD YOUNG MEDICAL CENTER,WI,VILAS,280,22,
SAUK PRAIRIE HOSPITAL,WI,SAUK,178,16,
ASCENSION ALL SAINTS HOSPITAL,WI,RACINE,258,18,
ST MARYS HOSPITAL MEDICAL CTR,WI,BROWN,Not Available,Not Available,1
UNIVERSITY OF WI  HOSPITALS & CLINICS AUTHORITY,WI,DANE,385,15,
BELOIT HEALTH SYSTEM,WI,ROCK,294,19,
AURORA LAKELAND MEDICAL CENTER,WI,WALWORTH,161,15,
COMMUNITY MEMORIAL HOSPITAL,WI,WAUKESHA,Not Available,Not Available,1
HOLY FAMILY MEMORIAL,WI,MANITOWOC,188,17,
MILE BLUFF MEDICAL CENTER,WI,JUNEAU,234,24,
AURORA MEDICAL CENTER BAY AREA,WI,MARINETTE,162,11,
WATERTOWN MEMORIAL HOSPITAL,WI,DODGE,160,17,
ASCENSION SE WISCONSIN HOSPITAL,WI,MILWAUKEE,223,19,
AURORA ST LUKES MEDICAL CENTER,WI,MILWAUKEE,318,53,
WEST ALLIS MEMORIAL HOSPITAL,WI,MILWAUKEE,335,17,
THEDACARE REGIONAL MEDICAL CENTER - APPLETON INC,WI,OUTAGAMIE,244,11,
FROEDTERT MEMORIAL LUTHERAN HOSPITAL,WI,MILWAUKEE,345,20,
AURORA MEDICAL CENTER KENOSHA,WI,KENOSHA,257,22,
AURORA BAYCARE MEDICAL CTR,WI,BROWN,185,17,
ORTHOPAEDIC HOSPITAL OF WISCONSIN,WI,MILWAUKEE,Not Available,Not Available,5
OAKLEAF SURGICAL HOSPITAL,WI,EAU CLAIRE,Not Available,Not Available,5
AURORA MEDICAL CTR OSHKOSH,WI,WINNEBAGO,240,26,
MARSHFIELD MEDICAL CENTER - WESTON,WI,MARATHON,162,22,
MIDWEST ORTHOPEDIC SPECIALTY HOSPITAL,WI,MILWAUKEE,Not Available,Not Available,5
AURORA MEDICAL CENTER - SUMMIT,WI,WAUKESHA,143,11,
AURORA MEDICAL CENTER,WI,OZAUKEE,262,17,
SSM HEALTH ST MARY'S HOSPITAL - JANESVILLE,WI,ROCK,254,13,
MARSHFIELD MEDICAL CENTER - EAU CLAIRE,WI,EAU CLAIRE,287,17,
MARSHFIELD MEDICAL CENTER - MINOCQUA,WI,ONEIDA,158,17,
FROEDTERT COMMUNITY HOSPITAL,WI,WAUKESHA,Not Available,Not Available,1
ASCENSION WISCONSIN HOSP MENOMONEE FALLS CAMPUS,WI,WAUKESHA,122,12,
ASPIRUS EAGLE RIVER HOSPITAL,WI,VILAS,Not Available,Not Available,1
MAYO CLINIC HEALTH SYSTEM OAKRIDGE,WI,TREMPEALEAU,203,13,
THEDACARE MEDICAL CENTER - WILD ROSE,WI,WAUSHARA,192,16,
GUNDERSEN ST JOSEPHS HOSPITAL AND CLINICS,WI,VERNON,Not Available,Not Available,1
MAYO CLINIC HLTH SYSTM FRANCISCAN HLTHCARE SPARTA,WI,MONROE,139,17,
CHIPPEWA VALLEY HOSPITAL,WI,PEPIN,Not Available,Not Available,1
AMERY HOSPITAL & CLINIC,WI,POLK,131,21,
GUNDERSEN MOUNDVIEW HOSPITAL AND CLINICS,WI,ADAMS,180,12,
HSHS ST CLARE MEMORIAL HOSPITAL,WI,OCONTO,135,11,
ASPIRUS STANLEY HOSPITAL,WI,CHIPPEWA,206,17,
LAFAYETTE HOSPITAL AND CLINICS,WI,LAFAYETTE,Not Available,Not Available,1
ASPIRUS TOMAHAWK HOSPITAL,WI,LINCOLN,192,13,
MAYO CLINIC HEALTH SYSTEM CHIPPEWA VALLEY,WI,CHIPPEWA,158,11,
MAYO CLINIC HEALTH SYSTEM-NORTHLAND,WI,BARRON,392,12,
GUNDERSEN TRI-COUNTY HOSPITAL & CLINICS,WI,TREMPEALEAU,314,19,
ASCENSION CALUMET HOSPITAL,WI,CALUMET,160,16,
LADD MEMORIAL HOSPITAL,WI,POLK,Not Available,Not Available,5
EDGERTON HOSPITAL AND HEALTH SERVICES,WI,ROCK,190,11,
TOMAH MEMORIAL HOSPITAL,WI,MONROE,195,17,
RIPON MEDICAL CENTER,WI,FOND DU LAC,173,15,
GRANT REGIONAL HEALTH CENTER,WI,GRANT,258,128,
MARSHFIELD MEDICAL CENTER - NEILLSVILLE,WI,CLARK,126,11,
"ASPIRUS MEDFORD HOSPITAL & CLINICS, INC",WI,TAYLOR,270,17,
FLAMBEAU HOSPITAL,WI,PRICE,184,20,
THEDACARE MEDICAL CENTER - NEW LONDON,WI,WAUPACA,95,11,
WAUPUN MEMORIAL HOSPITAL,WI,FOND DU LAC,201,18,
MARSHFIELD MEDICAL CENTER - LADYSMITH,WI,RUSK,160,11,
ST MARYS HOSPITAL SUPERIOR,WI,DOUGLAS,125,15,
CROSSING RIVERS HEALTH MEDICAL CENTER,WI,CRAWFORD,198,19,
BURNETT MEDICAL CENTER,WI,BURNETT,Not Available,Not Available,5
SPOONER HEALTH SYSTEM,WI,WASHBURN,285,14,
BLACK RIVER MEMORIAL HOSPITAL,WI,JACKSON,311,16,
THEDACARE MEDICAL CENTER-WAUPACA,WI,WAUPACA,Not Available,Not Available,1
HUDSON HOSPITAL,WI,ST. CROIX,170,22,
TAMARACK HEALTH HAYWARD MEDICAL CENTER,WI,SAWYER,233,15,
ST CROIX REGIONAL MEDICAL CENTER,WI,POLK,269,14,
COLUMBUS COMMUNITY HOSPITAL,WI,COLUMBIA,224,14,
ASPIRUS MERRILL HOSPITAL,WI,LINCOLN,254,21,
MAYO CLINIC HEALTH SYSTEM-RED CEDAR INC,WI,DUNN,166,19,
RICHLAND HOSPITAL,WI,RICHLAND,198,20,
INDIANHEAD MEDICAL CTR,WI,WASHBURN,315,11,
STOUGHTON HOSPITAL,WI,DANE,158,21,
GUNDERSEN BOSCOBEL AREA HOSPITAL AND CLINICS,WI,GRANT,Not Available,Not Available,1
WESTFIELDS HOSPITAL AND CLINIC,WI,ST. CROIX,124,25,
THEDACARE MEDICAL CENTER - SHAWANO,WI,SHAWANO,138,21,
WESTERN WISCONSIN HEALTH,WI,ST. CROIX,122,25,
VERNON MEMORIAL HOSPITAL,WI,VERNON,221,13,
RIVER FALLS AREA HOSPITAL,WI,PIERCE,139,17,
LANGLADE HOSPITAL,WI,LANGLADE,188,14,
REEDSBURG AREA MEDICAL CENTER,WI,SAUK,204,16,
UPLAND HILLS HEALTH,WI,IOWA,185,18,
CUMBERLAND MEMORIAL HOSPITAL,WI,BARRON,Not Available,Not Available,1
SOUTHWEST HEALTH CENTER,WI,GRANT,175,17,
THEDACARE MEDICAL CENTER - BERLIN INC,WI,GREEN LAKE,140,12,
BELLIN HEALTH OCONTO HOSPITAL,WI,OCONTO,118,15,
MERCY WALWORTH HOSPITAL & MEDICAL CENTER,WI,WALWORTH,254,27,
DOOR COUNTY MEDICAL CENTER,WI,DOOR,283,16,
TAMARACK HEALTH ASHLAND MEDICAL CENTER,WI,ASHLAND,173,24,
CHILDRENS HOSPITAL OF WISCONSIN,WI,MILWAUKEE,Not Available,Not Available,19
CHILDRENS HOSPITAL OF WISCONSIN FOX VALLEY,WI,WINNEBAGO,Not Available,Not Available,19
CAMPBELL COUNTY HEALTH,WY,CAMPBELL,242,26,
SHERIDAN MEMORIAL HOSPITAL,WY,SHERIDAN,124,22,
SAGEWEST HEALTH CARE,WY,FREMONT,218,26,
BANNER WYOMING MEDICAL CENTER,WY,NATRONA,277,22,
CHEYENNE REGIONAL MEDICAL CENTER,WY,LARAMIE,608,24,
ST JOHNS MEDICAL CENTER,WY,TETON,132,16,
IVINSON MEMORIAL HOSPITAL,WY,ALBANY,251,12,
SUMMIT MEDICAL CENTER,WY,NATRONA,Not Available,Not Available,5
SUBLETTE COUNTY HEALTH,WY,SUBLETTE,Not Available,Not Available,19
SOUTH BIG HORN COUNTY HOSPITAL,WY,BIG HORN,Not Available,Not Available,"1, 3"
MEMORIAL HOSPITAL OF CONVERSE COUNTY,WY,CONVERSE,274,12,
WESTON COUNTY HEALTH SERVICES,WY,WESTON,Not Available,Not Available,1
HOT SPRINGS COUNTY MEMORIAL HOSPITAL,WY,HOT SPRINGS,180,78,
PLATTE COUNTY HOSPITAL,WY,PLATTE,145,15,
WASHAKIE MEDICAL CENTER,WY,WASHAKIE,Not Available,Not Available,1
COMMUNITY HOSPITAL,WY,GOSHEN,185,12,
JOHNSON COUNTY HEALTHCARE CENTER,WY,JOHNSON,Not Available,Not Available,5
NORTH BIG HORN HOSPITAL DISTRICT,WY,BIG HORN,Not Available,Not Available,1
POWELL VALLEY HOSPITAL,WY,PARK,164,20,
CROOK COUNTY HOSPITAL,WY,CROOK,Not Available,Not Available,1
CODY REGIONAL HEALTH,WY,PARK,156,19,
STAR VALLEY MEDICAL CENTER,WY,LINCOLN,Not Available,Not Available,1
NIOBRARA COUNTY HOSPITAL DISTRICT,WY,NIOBRARA,Not Available,Not Available,5
SOUTH LINCOLN MEDICAL CENTER - CAH,WY,LINCOLN,160,17,3
MEMORIAL HOSPITAL OF CARBON COUNTY,WY,CARBON,276,33,
NORTH PLATTE VALLEY MEDICAL CENTER,WY,CARBON,Not Available,Not Available,5
MEMORIAL HOSPITAL SWEETWATER COUNTY,WY,SWEETWATER,272,12,3
EVANSTON REGIONAL HOSPITAL,WY,UINTA,161,15,3
LBJ TROPICAL MEDICAL CENTER,AS,EASTERN DISTRICT,Not Available,Not Available,19
GUAM MEMORIAL  HOSPITAL AUTHORITY,GU,GUAM,154,112,
GUAM REGIONAL MEDICAL CITY,GU,GUAM,Not Available,Not Available,19
COMMONWEALTH HEALTH CENTER,MP,SAIPAN,Not Available,Not Available,5
MEMORIAL HERMANN SURGICAL HOSPITAL KINGWOOD,TX,HARRIS,Not Available,Not Available,5
THE HOSPITAL AT WESTLAKE MEDICAL CENTER,TX,TRAVIS,Not Available,Not Available,5
MEMORIAL HERMANN HOUSTON PHYSICIANS HOSPITAL,TX,HARRIS,Not Available,Not Available,1
MAYHILL HOSPITAL,TX,DENTON,Not Available,Not Available,5
METHODIST MANSFIELD MEDICAL CENTER,TX,TARRANT,Not Available,Not Available,1
BAYLOR SCOTT & WHITE THE HEART HOSPITAL PLANO,TX,COLLIN,Not Available,Not Available,1
ST LUKE'S PATIENTS MEDICAL CENTER,TX,HARRIS,Not Available,Not Available,1
BAYLOR SCOTT & WHITE MEDICAL CENTER - ROUND ROCK,TX,WILLIAMSON,Not Available,Not Available,1
ASCENSION SETON WILLIAMSON,TX,WILLIAMSON,182,15,
ASCENSION SETON CEDAR PARK,TX,WILLIAMSON,247,25,
TEXAS HEALTH PRESBYTERIAN HOSPITAL ROCKWALL,TX,ROCKWALL,Not Available,Not Available,1
THE HOSPITALS OF PROVIDENCE - EAST CAMPUS,TX,EL PASO,182,18,
NORTH CENTRAL SURGICAL CENTER LLP,TX,DALLAS,Not Available,Not Available,1
ST LUKE'S SUGAR LAND HOSPITAL,TX,FORT BEND,514,24,
FOUNDATION SURGICAL HOSPITAL OF SAN ANTONIO,TX,BEXAR,Not Available,Not Available,5
METHODIST HOSPITAL  STONE OAK,TX,BEXAR,487,20,
ASCENSION  SETON HAYS,TX,HAYS,Not Available,Not Available,1
CHI ST LUKES LAKESIDE HOSPITAL,TX,MONTGOMERY,Not Available,Not Available,1
BAYLOR SCOTT AND WHITE MEDICAL CENTER SUNNYVALE,TX,DALLAS,Not Available,Not Available,1
BAYLOR SCOTT & WHITE EMERGENCY HOSPITAL,TX,DENTON,Not Available,Not Available,1
BAYLOR SCOTT AND WHITE ORTHOPEDIC AND SPINE HOSPI,TX,TARRANT,Not Available,Not Available,1
TEXAS HEALTH PRESBYTERIAN HOSPITAL FLOWER MOUND,TX,DENTON,Not Available,Not Available,1
METHODIST MCKINNEY HOSPITAL,TX,COLLIN,Not Available,Not Available,1
TEXAS HEALTH HEART & VASCULAR HOSPITAL ARLINGTON,TX,TARRANT,Not Available,Not Available,5
METHODIST HOSPITAL FOR SURGERY,TX,DALLAS,Not Available,Not Available,1
ST LUKE'S HOSPITAL AT THE VINTAGE,TX,HARRIS,383,23,
BAYLOR SCOTT AND WHITE SURGICAL HOSPITAL AT SHERMA,TX,GRAYSON,Not Available,Not Available,1
HOUSTON METHODIST WEST HOSPITAL,TX,HARRIS,Not Available,Not Available,1
BAPTIST NEIGHBORHOOD HOSPITAL THOUSAND OAKS,TX,BEXAR,Not Available,Not Available,1
SETON MEDICAL CENTER HARKER HEIGHTS,TX,BELL,220,12,
BAYLOR SCOTT AND WHITE  MEDICAL CENTER  MCKINNEY,TX,COLLIN,Not Available,Not Available,1
TEXAS HEALTH HARRIS METHODIST HOSPITAL ALLIANCE,TX,TARRANT,Not Available,Not Available,1
BAYLOR SCOTT & WHITE MEDICAL CENTER- COLLEGE STATI,TX,BRAZOS,Not Available,Not Available,1
CRESCENT MEDICAL CENTER LANCASTER,TX,DALLAS,6870,33,
ASPIRE HOSPITAL,TX,MONTGOMERY,Not Available,Not Available,5
RESOLUTE HEALTH HOSPITAL,TX,COMAL,425,11,
"AD HOSPITAL EAST, LLC",TX,HARRIS,Not Available,Not Available,5
MEDICAL CITY ALLIANCE,TX,TARRANT,Not Available,Not Available,1
HCA HOUSTON HEALTHCARE PEARLAND,TX,BRAZORIA,754,13,
BAYLOR SCOTT AND WHITE EMERGENCY HOSPITAL,TX,JOHNSON,Not Available,Not Available,1
BAYLOR SCOTT & WHITE MEDICAL CENTER - MARBLE FALLS,TX,BURNET,223,11,
BAYTOWN MEDICAL CENTER LP,TX,HARRIS,Not Available,Not Available,"3, 7"
LEGENT ORTHOPEDIC + SPINE,TX,BEXAR,Not Available,Not Available,5
CLEVELAND EMERGENCY HOSPITAL,TX,HARRIS,Not Available,Not Available,1
THE HOSPITALS OF PROVIDENCE TRANSMOUNTAIN CAMPUS,TX,EL PASO,208,17,
SAINT CAMILLUS MEDICAL CENTER,TX,TARRANT,Not Available,Not Available,5
HOUSTON METHODIST THE WOODLANDS HOSPITAL,TX,MONTGOMERY,Not Available,Not Available,1
THE HOSPITALS OF PROVIDENCE HORIZON CITY CAMPUS,TX,EL PASO,Not Available,Not Available,1
TEXAS CENTER FOR INFECTIOUS DISEASE,TX,BEXAR,Not Available,Not Available,19
BAYLOR SCOTT & WHITE MEDICAL CENTER PFLUGERVILLE,TX,TRAVIS,Not Available,Not Available,1
BAYLOR SCOTT & WHITE MEDICAL CENTER - BUDA,TX,HAYS,Not Available,Not Available,1
METHODIST SOUTHLAKE MEDICAL CENTER,TX,TARRANT,Not Available,Not Available,1
ALTUS LUMBERTON HOSPITAL,TX,HARDIN,Not Available,Not Available,5
"ALTUS HOUSTON HOSPITAL, LP",TX,HARRIS,Not Available,Not Available,5
BAYLOR SCOTT & WHITE MEDICAL CENTER- AUSTIN,TX,TRAVIS,Not Available,Not Available,1
TEXAS HEALTH HOSPITAL FRISCO,TX,DENTON,325,13,
LEGENT ORTHOPEDIC HOSPITAL,TX,TARRANT,Not Available,Not Available,5
TOWNSEN MEMORIAL HOSPITAL,TX,HARRIS,Not Available,Not Available,5
THE WOODLANDS SPECIALTY HOSPITAL,TX,MONTGOMERY,Not Available,Not Available,"3, 7"
ELITE HOSPITAL KINGWOOD,TX,HARRIS,Not Available,Not Available,1
METHODIST MIDLOTHIAN MEDICAL CENTER,TX,ELLIS,Not Available,Not Available,1
TEXAS HEALTH HOSPITAL MANSFIELD,TX,TARRANT,171,11,
ST MICHAELS MEDICAL HOSPITAL LLC,TX,FORT BEND,Not Available,Not Available,1
EAST HOUSTON MEDICAL CENTER,TX,HARRIS,Not Available,Not Available,"3, 7"
ADVANCED DALLAS HOSPITALS AND CLINICS,TX,DALLAS,Not Available,Not Available,5
LEGENT SURGICAL HOSPITAL PLANO,TX,COLLIN,Not Available,Not Available,5
BRUSHY CREEK FAMILY HOSPITAL LLC,TX,WILLIAMSON,142,13,3
EXCEPTIONAL COMMUNITY HOSPITAL LUBBOCK,TX,LUBBOCK,Not Available,Not Available,19
MID COAST MEDICAL CENTER-TRINITY,TX,TRINITY,Not Available,Not Available,"1, 3"
WESTOVER HILLS BAPTIST HOSPITAL,TX,BEXAR,Not Available,Not Available,"1, 3"
UT HEALTH SAN ANTONIO MULTISPECIALTY & RESEARCH HO,TX,BEXAR,Not Available,Not Available,5
BANDERA FAMILY HOSPITAL,TX,BEXAR,Not Available,Not Available,19
METHODIST CELINA MEDICAL CENTER,TX,COLLIN,Not Available,Not Available,5
HOUSTON METHODIST CYPRESS HOSPITAL,TX,HARRIS,Not Available,Not Available,"1, 3"
BAYLOR SCOTT & WHITE HOSPITAL BRENHAM,TX,WASHINGTON,Not Available,Not Available,5
LEGENT NORTH HOUSTON SURGICAL HOSPITAL,TX,HARRIS,Not Available,Not Available,5
BAYLOR SCOTT AND WHITE MEDICAL CENTER FRISCO AT PG,TX,DENTON,Not Available,Not Available,5
BAYLOR SCOTT AND WHITE THE HEART HOSPITAL CORINTH,TX,DENTON,Not Available,Not Available,5
CROSBYTON CLINIC HOSPITAL,TX,CROSBY,Not Available,Not Available,19
FALLS COMMUNITY HOSPITAL AND CLINIC,TX,FALLS,Not Available,Not Available,19
ANSON GENERAL HOSPITAL,TX,JONES,Not Available,Not Available,19
CHI ST LUKES HEALTH MEMORIAL SAN AUGUSTINE,TX,SAN AUGUSTINE,Not Available,Not Available,19
GRAHAM REGIONAL MEDICAL CENTER,TX,YOUNG,Not Available,Not Available,1
HEMPHILL COUNTY HOSPITAL,TX,HEMPHILL,166,34,
STEPHENS MEMORIAL HOSPITAL,TX,STEPHENS,Not Available,Not Available,"1, 3"
EASTLAND MEMORIAL HOSPITAL,TX,EASTLAND,Not Available,Not Available,5
ASCENSION SETON SMITHVILLE,TX,BASTROP,Not Available,Not Available,"1, 3"
